id,code,name,category,price,stock,available,description,image
7e7acdb8-2d25-11f1-0a80-03d000003f9c,00295,ИЗ,Индивидуальные заказы,0.0,0.0,True,,
984bee00-a210-11f1-0a80-091300298e99,00716,ИЗ ЛУКИН,Индивидуальные заказы,0.0,0.0,True,,
e6242d7b-9654-11f0-0a80-19dd001d667d,00048,Лонгслив Acne Studios,Лонгсливы/Acne Studios,1300.0,0.0,True,,https://miniature-prod.moysklad.ru/miniature/87fab22b-93c2-11f0-0a80-04c3000069c0/documentminiature/aebde30a-5cda-4b84-9fbc-99f743788540
11b9ff99-a9d6-11f0-0a80-1cc200287d96,00188,Лонгслив Acne Studios,Лонгсливы/Acne Studios,1300.0,0.0,True,,https://miniature-prod.moysklad.ru/miniature/87fab22b-93c2-11f0-0a80-04c3000069c0/documentminiature/3fdf000b-e247-4ee4-8ed3-d6002b17ca5f
48719ef3-a9d6-11f0-0a80-081900288629,00189,Лонгслив Acne Studios,Лонгсливы/Acne Studios,1300.0,0.0,True,,https://miniature-prod.moysklad.ru/miniature/87fab22b-93c2-11f0-0a80-04c3000069c0/documentminiature/f0373144-c0cc-4bd9-9ec3-3ee668a23679
a8449b02-b997-11f0-0a80-0d5000328484,00220,Лонгслив Acne Studios,Лонгсливы/Acne Studios,1300.0,0.0,True,,https://miniature-prod.moysklad.ru/miniature/87fab22b-93c2-11f0-0a80-04c3000069c0/documentminiature/630cbd8b-abea-4f4b-864c-5d40218f5af2
1b709eac-a9d6-11f0-0a80-1bc30028a106,01757,Лонгслив Acne Studios (2XL),Лонгсливы/Acne Studios,1300.0,0.0,True,,https://miniature-prod.moysklad.ru/miniature/87fab22b-93c2-11f0-0a80-04c3000069c0/documentminiature/3fdf000b-e247-4ee4-8ed3-d6002b17ca5f
4fdb9ea6-a9d6-11f0-0a80-059800282abc,01762,Лонгслив Acne Studios (2XL),Лонгсливы/Acne Studios,1300.0,0.0,True,,https://miniature-prod.moysklad.ru/miniature/87fab22b-93c2-11f0-0a80-04c3000069c0/documentminiature/f0373144-c0cc-4bd9-9ec3-3ee668a23679
aeb93702-b997-11f0-0a80-149000315a70,01942,Лонгслив Acne Studios (2XL),Лонгсливы/Acne Studios,1300.0,0.0,True,,https://miniature-prod.moysklad.ru/miniature/87fab22b-93c2-11f0-0a80-04c3000069c0/documentminiature/630cbd8b-abea-4f4b-864c-5d40218f5af2
1b733933-a9d6-11f0-0a80-1bc30028a10c,01758,Лонгслив Acne Studios (L),Лонгсливы/Acne Studios,1300.0,0.0,True,,https://miniature-prod.moysklad.ru/miniature/87fab22b-93c2-11f0-0a80-04c3000069c0/documentminiature/3fdf000b-e247-4ee4-8ed3-d6002b17ca5f
4fddab07-a9d6-11f0-0a80-059800282ac2,01763,Лонгслив Acne Studios (L),Лонгсливы/Acne Studios,1300.0,0.0,True,,https://miniature-prod.moysklad.ru/miniature/87fab22b-93c2-11f0-0a80-04c3000069c0/documentminiature/f0373144-c0cc-4bd9-9ec3-3ee668a23679
aebc36c9-b997-11f0-0a80-149000315a76,01943,Лонгслив Acne Studios (L),Лонгсливы/Acne Studios,1300.0,0.0,True,,https://miniature-prod.moysklad.ru/miniature/87fab22b-93c2-11f0-0a80-04c3000069c0/documentminiature/630cbd8b-abea-4f4b-864c-5d40218f5af2
1b752820-a9d6-11f0-0a80-1bc30028a112,01759,Лонгслив Acne Studios (M),Лонгсливы/Acne Studios,1300.0,0.0,True,,https://miniature-prod.moysklad.ru/miniature/87fab22b-93c2-11f0-0a80-04c3000069c0/documentminiature/3fdf000b-e247-4ee4-8ed3-d6002b17ca5f
4fdfb483-a9d6-11f0-0a80-059800282ac8,01764,Лонгслив Acne Studios (M),Лонгсливы/Acne Studios,1300.0,0.0,True,,https://miniature-prod.moysklad.ru/miniature/87fab22b-93c2-11f0-0a80-04c3000069c0/documentminiature/f0373144-c0cc-4bd9-9ec3-3ee668a23679
aebf00d3-b997-11f0-0a80-149000315a7c,01944,Лонгслив Acne Studios (M),Лонгсливы/Acne Studios,1300.0,0.0,True,,https://miniature-prod.moysklad.ru/miniature/87fab22b-93c2-11f0-0a80-04c3000069c0/documentminiature/630cbd8b-abea-4f4b-864c-5d40218f5af2
1b770cc4-a9d6-11f0-0a80-1bc30028a118,01760,Лонгслив Acne Studios (S),Лонгсливы/Acne Studios,1300.0,0.0,True,,https://miniature-prod.moysklad.ru/miniature/87fab22b-93c2-11f0-0a80-04c3000069c0/documentminiature/3fdf000b-e247-4ee4-8ed3-d6002b17ca5f
4fe1b53c-a9d6-11f0-0a80-059800282ace,01765,Лонгслив Acne Studios (S),Лонгсливы/Acne Studios,1300.0,0.0,True,,https://miniature-prod.moysklad.ru/miniature/87fab22b-93c2-11f0-0a80-04c3000069c0/documentminiature/f0373144-c0cc-4bd9-9ec3-3ee668a23679
aec2018f-b997-11f0-0a80-149000315a82,01945,Лонгслив Acne Studios (S),Лонгсливы/Acne Studios,1300.0,0.0,True,,https://miniature-prod.moysklad.ru/miniature/87fab22b-93c2-11f0-0a80-04c3000069c0/documentminiature/630cbd8b-abea-4f4b-864c-5d40218f5af2
1b791bbe-a9d6-11f0-0a80-1bc30028a11e,01761,Лонгслив Acne Studios (XL),Лонгсливы/Acne Studios,1300.0,0.0,True,,https://miniature-prod.moysklad.ru/miniature/87fab22b-93c2-11f0-0a80-04c3000069c0/documentminiature/3fdf000b-e247-4ee4-8ed3-d6002b17ca5f
4fe3aea6-a9d6-11f0-0a80-059800282ad4,01766,Лонгслив Acne Studios (XL),Лонгсливы/Acne Studios,1300.0,0.0,True,,https://miniature-prod.moysklad.ru/miniature/87fab22b-93c2-11f0-0a80-04c3000069c0/documentminiature/f0373144-c0cc-4bd9-9ec3-3ee668a23679
aec4db13-b997-11f0-0a80-149000315a88,01946,Лонгслив Acne Studios (XL),Лонгсливы/Acne Studios,1300.0,0.0,True,,https://miniature-prod.moysklad.ru/miniature/87fab22b-93c2-11f0-0a80-04c3000069c0/documentminiature/630cbd8b-abea-4f4b-864c-5d40218f5af2
f6631dda-9654-11f0-0a80-1bbe001c781f,00454,"Лонгслив Acne Studios (Белый, 2XL)",Лонгсливы/Acne Studios,1300.0,0.0,True,,https://miniature-prod.moysklad.ru/miniature/87fab22b-93c2-11f0-0a80-04c3000069c0/documentminiature/aebde30a-5cda-4b84-9fbc-99f743788540
f665dea6-9654-11f0-0a80-1bbe001c7826,00455,"Лонгслив Acne Studios (Белый, L)",Лонгсливы/Acne Studios,1300.0,0.0,True,,https://miniature-prod.moysklad.ru/miniature/87fab22b-93c2-11f0-0a80-04c3000069c0/documentminiature/aebde30a-5cda-4b84-9fbc-99f743788540
f667ffe7-9654-11f0-0a80-1bbe001c782d,00456,"Лонгслив Acne Studios (Белый, M)",Лонгсливы/Acne Studios,1300.0,-1.0,True,,https://miniature-prod.moysklad.ru/miniature/87fab22b-93c2-11f0-0a80-04c3000069c0/documentminiature/aebde30a-5cda-4b84-9fbc-99f743788540
f66a799c-9654-11f0-0a80-1bbe001c7834,00457,"Лонгслив Acne Studios (Белый, S)",Лонгсливы/Acne Studios,1300.0,0.0,True,,https://miniature-prod.moysklad.ru/miniature/87fab22b-93c2-11f0-0a80-04c3000069c0/documentminiature/aebde30a-5cda-4b84-9fbc-99f743788540
f66ca988-9654-11f0-0a80-1bbe001c783b,00458,"Лонгслив Acne Studios (Белый, XL)",Лонгсливы/Acne Studios,1300.0,0.0,True,,https://miniature-prod.moysklad.ru/miniature/87fab22b-93c2-11f0-0a80-04c3000069c0/documentminiature/aebde30a-5cda-4b84-9fbc-99f743788540
f66ea4d1-9654-11f0-0a80-1bbe001c7842,00459,"Лонгслив Acne Studios (Черный, 2XL)",Лонгсливы/Acne Studios,1300.0,0.0,True,,https://miniature-prod.moysklad.ru/miniature/87fab22b-93c2-11f0-0a80-04c3000069c0/documentminiature/aebde30a-5cda-4b84-9fbc-99f743788540
f6709a4f-9654-11f0-0a80-1bbe001c7849,00460,"Лонгслив Acne Studios (Черный, L)",Лонгсливы/Acne Studios,1300.0,0.0,True,,https://miniature-prod.moysklad.ru/miniature/87fab22b-93c2-11f0-0a80-04c3000069c0/documentminiature/aebde30a-5cda-4b84-9fbc-99f743788540
f672e7c8-9654-11f0-0a80-1bbe001c7850,00461,"Лонгслив Acne Studios (Черный, M)",Лонгсливы/Acne Studios,1300.0,0.0,True,,https://miniature-prod.moysklad.ru/miniature/87fab22b-93c2-11f0-0a80-04c3000069c0/documentminiature/aebde30a-5cda-4b84-9fbc-99f743788540
f6753aea-9654-11f0-0a80-1bbe001c7857,00462,"Лонгслив Acne Studios (Черный, S)",Лонгсливы/Acne Studios,1300.0,0.0,True,,https://miniature-prod.moysklad.ru/miniature/87fab22b-93c2-11f0-0a80-04c3000069c0/documentminiature/aebde30a-5cda-4b84-9fbc-99f743788540
f6772a8b-9654-11f0-0a80-1bbe001c785e,00463,"Лонгслив Acne Studios (Черный, XL)",Лонгсливы/Acne Studios,1300.0,0.0,True,,https://miniature-prod.moysklad.ru/miniature/87fab22b-93c2-11f0-0a80-04c3000069c0/documentminiature/aebde30a-5cda-4b84-9fbc-99f743788540
e35bfdd7-26ac-11f1-0a80-04250030b13c,00287,Лонгслив BAPE Baby Milo,Лонгсливы/Bape,1300.0,0.0,True,,https://miniature-prod.moysklad.ru/miniature/87fab22b-93c2-11f0-0a80-04c3000069c0/documentminiature/3a7d712f-b79e-4473-aa86-628c9f419651
ec4fe73e-26ac-11f1-0a80-1905002ff71b,02311,"Лонгслив BAPE Baby Milo (2XL, Белый)",Лонгсливы/Bape,1300.0,0.0,True,,https://miniature-prod.moysklad.ru/miniature/87fab22b-93c2-11f0-0a80-04c3000069c0/documentminiature/3a7d712f-b79e-4473-aa86-628c9f419651
ec53f6d4-26ac-11f1-0a80-1905002ff724,02312,"Лонгслив BAPE Baby Milo (L, Белый)",Лонгсливы/Bape,1300.0,0.0,True,,https://miniature-prod.moysklad.ru/miniature/87fab22b-93c2-11f0-0a80-04c3000069c0/documentminiature/3a7d712f-b79e-4473-aa86-628c9f419651
ec58b209-26ac-11f1-0a80-1905002ff72d,02313,"Лонгслив BAPE Baby Milo (M, Белый)",Лонгсливы/Bape,1300.0,0.0,True,,https://miniature-prod.moysklad.ru/miniature/87fab22b-93c2-11f0-0a80-04c3000069c0/documentminiature/3a7d712f-b79e-4473-aa86-628c9f419651
ec5d0ebd-26ac-11f1-0a80-1905002ff736,02314,"Лонгслив BAPE Baby Milo (S, Белый)",Лонгсливы/Bape,1300.0,0.0,True,,https://miniature-prod.moysklad.ru/miniature/87fab22b-93c2-11f0-0a80-04c3000069c0/documentminiature/3a7d712f-b79e-4473-aa86-628c9f419651
ec6607b4-26ac-11f1-0a80-1905002ff73f,02315,"Лонгслив BAPE Baby Milo (XL, Белый)",Лонгсливы/Bape,1300.0,0.0,True,,https://miniature-prod.moysklad.ru/miniature/87fab22b-93c2-11f0-0a80-04c3000069c0/documentminiature/3a7d712f-b79e-4473-aa86-628c9f419651
357445c7-c601-11f0-0a80-05ed000dde68,00229,Лонгслив BAPE Baby Milo Palms,Лонгсливы/Bape,1300.0,0.0,True,,https://miniature-prod.moysklad.ru/miniature/87fab22b-93c2-11f0-0a80-04c3000069c0/documentminiature/5ead7a7f-20d2-4da6-9fac-b8ffbf4f1817
448df307-c601-11f0-0a80-0fdd000d26da,01987,"Лонгслив BAPE Baby Milo Palms (2XL, Белый)",Лонгсливы/Bape,1300.0,0.0,True,,https://miniature-prod.moysklad.ru/miniature/87fab22b-93c2-11f0-0a80-04c3000069c0/documentminiature/5ead7a7f-20d2-4da6-9fac-b8ffbf4f1817
44916811-c601-11f0-0a80-0fdd000d26e2,01988,"Лонгслив BAPE Baby Milo Palms (L, Белый)",Лонгсливы/Bape,1300.0,0.0,True,,https://miniature-prod.moysklad.ru/miniature/87fab22b-93c2-11f0-0a80-04c3000069c0/documentminiature/5ead7a7f-20d2-4da6-9fac-b8ffbf4f1817
4494ab82-c601-11f0-0a80-0fdd000d26e9,01989,"Лонгслив BAPE Baby Milo Palms (M, Белый)",Лонгсливы/Bape,1300.0,0.0,True,,https://miniature-prod.moysklad.ru/miniature/87fab22b-93c2-11f0-0a80-04c3000069c0/documentminiature/5ead7a7f-20d2-4da6-9fac-b8ffbf4f1817
449799ed-c601-11f0-0a80-0fdd000d26f0,01990,"Лонгслив BAPE Baby Milo Palms (S, Белый)",Лонгсливы/Bape,1300.0,0.0,True,,https://miniature-prod.moysklad.ru/miniature/87fab22b-93c2-11f0-0a80-04c3000069c0/documentminiature/5ead7a7f-20d2-4da6-9fac-b8ffbf4f1817
449a7c43-c601-11f0-0a80-0fdd000d26f7,01991,"Лонгслив BAPE Baby Milo Palms (XL, Белый)",Лонгсливы/Bape,1300.0,0.0,True,,https://miniature-prod.moysklad.ru/miniature/87fab22b-93c2-11f0-0a80-04c3000069c0/documentminiature/5ead7a7f-20d2-4da6-9fac-b8ffbf4f1817
256c13c0-b025-11f0-0a80-172100287778,00210,Лонгслив Bape Big a Head,Лонгсливы/Bape,1300.0,0.0,True,,https://miniature-prod.moysklad.ru/miniature/87fab22b-93c2-11f0-0a80-04c3000069c0/documentminiature/9cc87c1f-8491-4efa-8573-4b7974b238cf
32339c71-b025-11f0-0a80-194f00283763,01896,"Лонгслив Bape Big a Head (2XL, Черный)",Лонгсливы/Bape,1300.0,0.0,True,,https://miniature-prod.moysklad.ru/miniature/87fab22b-93c2-11f0-0a80-04c3000069c0/documentminiature/9cc87c1f-8491-4efa-8573-4b7974b238cf
3236f421-b025-11f0-0a80-194f0028376a,01897,"Лонгслив Bape Big a Head (L, Черный)",Лонгсливы/Bape,1300.0,0.0,True,,https://miniature-prod.moysklad.ru/miniature/87fab22b-93c2-11f0-0a80-04c3000069c0/documentminiature/9cc87c1f-8491-4efa-8573-4b7974b238cf
323a5eb5-b025-11f0-0a80-194f00283771,01898,"Лонгслив Bape Big a Head (M, Черный)",Лонгсливы/Bape,1300.0,0.0,True,,https://miniature-prod.moysklad.ru/miniature/87fab22b-93c2-11f0-0a80-04c3000069c0/documentminiature/9cc87c1f-8491-4efa-8573-4b7974b238cf
323dd241-b025-11f0-0a80-194f00283778,01899,"Лонгслив Bape Big a Head (S, Черный)",Лонгсливы/Bape,1300.0,0.0,True,,https://miniature-prod.moysklad.ru/miniature/87fab22b-93c2-11f0-0a80-04c3000069c0/documentminiature/9cc87c1f-8491-4efa-8573-4b7974b238cf
3241218e-b025-11f0-0a80-194f0028377f,01900,"Лонгслив Bape Big a Head (XL, Черный)",Лонгсливы/Bape,1300.0,0.0,True,,https://miniature-prod.moysklad.ru/miniature/87fab22b-93c2-11f0-0a80-04c3000069c0/documentminiature/9cc87c1f-8491-4efa-8573-4b7974b238cf
04495c68-b025-11f0-0a80-159400275f2e,00209,Лонгслив Bape CDG,Лонгсливы/Bape,1300.0,0.0,True,,https://miniature-prod.moysklad.ru/miniature/87fab22b-93c2-11f0-0a80-04c3000069c0/documentminiature/6b86cf33-6c2e-4aa2-8a47-26e8f41a4ee9
0b913ee6-b025-11f0-0a80-1bab0027c609,01891,"Лонгслив Bape CDG (2XL, Черный)",Лонгсливы/Bape,1300.0,0.0,True,,https://miniature-prod.moysklad.ru/miniature/87fab22b-93c2-11f0-0a80-04c3000069c0/documentminiature/6b86cf33-6c2e-4aa2-8a47-26e8f41a4ee9
0b93dca5-b025-11f0-0a80-1bab0027c610,01892,"Лонгслив Bape CDG (L, Черный)",Лонгсливы/Bape,1300.0,0.0,True,,https://miniature-prod.moysklad.ru/miniature/87fab22b-93c2-11f0-0a80-04c3000069c0/documentminiature/6b86cf33-6c2e-4aa2-8a47-26e8f41a4ee9
0b9628f2-b025-11f0-0a80-1bab0027c617,01893,"Лонгслив Bape CDG (S, Черный)",Лонгсливы/Bape,1300.0,0.0,True,,https://miniature-prod.moysklad.ru/miniature/87fab22b-93c2-11f0-0a80-04c3000069c0/documentminiature/6b86cf33-6c2e-4aa2-8a47-26e8f41a4ee9
0b98a262-b025-11f0-0a80-1bab0027c61e,01894,"Лонгслив Bape CDG (XL, Черный)",Лонгсливы/Bape,1300.0,0.0,True,,https://miniature-prod.moysklad.ru/miniature/87fab22b-93c2-11f0-0a80-04c3000069c0/documentminiature/6b86cf33-6c2e-4aa2-8a47-26e8f41a4ee9
0b9b29af-b025-11f0-0a80-1bab0027c625,01895,"Лонгслив Bape CDG (m, Черный)",Лонгсливы/Bape,1300.0,0.0,True,,https://miniature-prod.moysklad.ru/miniature/87fab22b-93c2-11f0-0a80-04c3000069c0/documentminiature/6b86cf33-6c2e-4aa2-8a47-26e8f41a4ee9
d70a3ece-b025-11f0-0a80-110900279efd,00214,Лонгслив Bape Chrome Hearts,Лонгсливы/Bape,1300.0,0.0,True,,https://miniature-prod.moysklad.ru/miniature/87fab22b-93c2-11f0-0a80-04c3000069c0/documentminiature/0664eaa6-e5be-4d61-9d75-fba491cab44d
e163b880-b025-11f0-0a80-082f002887f8,01916,"Лонгслив Bape Chrome Hearts (Черный, 2XL)",Лонгсливы/Bape,1300.0,0.0,True,,https://miniature-prod.moysklad.ru/miniature/87fab22b-93c2-11f0-0a80-04c3000069c0/documentminiature/0664eaa6-e5be-4d61-9d75-fba491cab44d
e167e9ed-b025-11f0-0a80-082f00288800,01917,"Лонгслив Bape Chrome Hearts (Черный, L)",Лонгсливы/Bape,1300.0,0.0,True,,https://miniature-prod.moysklad.ru/miniature/87fab22b-93c2-11f0-0a80-04c3000069c0/documentminiature/0664eaa6-e5be-4d61-9d75-fba491cab44d
e16bac8e-b025-11f0-0a80-082f00288807,01918,"Лонгслив Bape Chrome Hearts (Черный, M)",Лонгсливы/Bape,1300.0,0.0,True,,https://miniature-prod.moysklad.ru/miniature/87fab22b-93c2-11f0-0a80-04c3000069c0/documentminiature/0664eaa6-e5be-4d61-9d75-fba491cab44d
e16ec0f8-b025-11f0-0a80-082f0028880e,01919,"Лонгслив Bape Chrome Hearts (Черный, S)",Лонгсливы/Bape,1300.0,0.0,True,,https://miniature-prod.moysklad.ru/miniature/87fab22b-93c2-11f0-0a80-04c3000069c0/documentminiature/0664eaa6-e5be-4d61-9d75-fba491cab44d
e172152c-b025-11f0-0a80-082f00288815,01920,"Лонгслив Bape Chrome Hearts (Черный, XL)",Лонгсливы/Bape,1300.0,0.0,True,,https://miniature-prod.moysklad.ru/miniature/87fab22b-93c2-11f0-0a80-04c3000069c0/documentminiature/0664eaa6-e5be-4d61-9d75-fba491cab44d
7d0bd4a0-a9d7-11f0-0a80-0fdb00288c85,00193,Лонгслив Bape Star Wars,Лонгсливы/Bape,1300.0,0.0,True,,https://miniature-prod.moysklad.ru/miniature/87fab22b-93c2-11f0-0a80-04c3000069c0/documentminiature/36ec830a-a2fe-4711-9ddd-564c25d0635e
8ba108f8-a9d7-11f0-0a80-16440028bc80,01782,"Лонгслив Bape Star Wars (2XL, Черный)",Лонгсливы/Bape,1300.0,0.0,True,,https://miniature-prod.moysklad.ru/miniature/87fab22b-93c2-11f0-0a80-04c3000069c0/documentminiature/36ec830a-a2fe-4711-9ddd-564c25d0635e
8ba3eddb-a9d7-11f0-0a80-16440028bc87,01783,"Лонгслив Bape Star Wars (L, Черный)",Лонгсливы/Bape,1300.0,0.0,True,,https://miniature-prod.moysklad.ru/miniature/87fab22b-93c2-11f0-0a80-04c3000069c0/documentminiature/36ec830a-a2fe-4711-9ddd-564c25d0635e
8ba6602f-a9d7-11f0-0a80-16440028bc8e,01784,"Лонгслив Bape Star Wars (M, Черный)",Лонгсливы/Bape,1300.0,0.0,True,,https://miniature-prod.moysklad.ru/miniature/87fab22b-93c2-11f0-0a80-04c3000069c0/documentminiature/36ec830a-a2fe-4711-9ddd-564c25d0635e
8ba8f51e-a9d7-11f0-0a80-16440028bc95,01785,"Лонгслив Bape Star Wars (S, Черный)",Лонгсливы/Bape,1300.0,0.0,True,,https://miniature-prod.moysklad.ru/miniature/87fab22b-93c2-11f0-0a80-04c3000069c0/documentminiature/36ec830a-a2fe-4711-9ddd-564c25d0635e
8bab6208-a9d7-11f0-0a80-16440028bc9c,01786,"Лонгслив Bape Star Wars (XL, Черный)",Лонгсливы/Bape,1300.0,0.0,True,,https://miniature-prod.moysklad.ru/miniature/87fab22b-93c2-11f0-0a80-04c3000069c0/documentminiature/36ec830a-a2fe-4711-9ddd-564c25d0635e
ad001f73-b025-11f0-0a80-075b0027c200,00213,Лонгслив Bape spanch bob,Лонгсливы/Bape,1300.0,0.0,True,,https://miniature-prod.moysklad.ru/miniature/87fab22b-93c2-11f0-0a80-04c3000069c0/documentminiature/3aed6dd5-19d0-4695-9206-a0ae047e8a69
bc53cf04-b025-11f0-0a80-16c40028b627,01911,"Лонгслив Bape spanch bob (Черный, 2XL)",Лонгсливы/Bape,1300.0,0.0,True,,https://miniature-prod.moysklad.ru/miniature/87fab22b-93c2-11f0-0a80-04c3000069c0/documentminiature/3aed6dd5-19d0-4695-9206-a0ae047e8a69
bc55f7b6-b025-11f0-0a80-16c40028b62e,01912,"Лонгслив Bape spanch bob (Черный, L)",Лонгсливы/Bape,1300.0,0.0,True,,https://miniature-prod.moysklad.ru/miniature/87fab22b-93c2-11f0-0a80-04c3000069c0/documentminiature/3aed6dd5-19d0-4695-9206-a0ae047e8a69
bc57e329-b025-11f0-0a80-16c40028b635,01913,"Лонгслив Bape spanch bob (Черный, M)",Лонгсливы/Bape,1300.0,0.0,True,,https://miniature-prod.moysklad.ru/miniature/87fab22b-93c2-11f0-0a80-04c3000069c0/documentminiature/3aed6dd5-19d0-4695-9206-a0ae047e8a69
bc59bb2f-b025-11f0-0a80-16c40028b63c,01914,"Лонгслив Bape spanch bob (Черный, S)",Лонгсливы/Bape,1300.0,0.0,True,,https://miniature-prod.moysklad.ru/miniature/87fab22b-93c2-11f0-0a80-04c3000069c0/documentminiature/3aed6dd5-19d0-4695-9206-a0ae047e8a69
bc5bc09b-b025-11f0-0a80-16c40028b643,01915,"Лонгслив Bape spanch bob (Черный, XL)",Лонгсливы/Bape,1300.0,0.0,True,,https://miniature-prod.moysklad.ru/miniature/87fab22b-93c2-11f0-0a80-04c3000069c0/documentminiature/3aed6dd5-19d0-4695-9206-a0ae047e8a69
c5b96ab7-b997-11f0-0a80-01af0031e2fc,00221,Лонгслив Bape twins,Лонгсливы/Bape,1300.0,0.0,True,,https://miniature-prod.moysklad.ru/miniature/87fab22b-93c2-11f0-0a80-04c3000069c0/documentminiature/232f8469-b389-4741-87a2-eba34fa0010f
cf1e802e-b997-11f0-0a80-182e00319863,01947,"Лонгслив Bape twins (2XL, Белый)",Лонгсливы/Bape,1300.0,0.0,True,,https://miniature-prod.moysklad.ru/miniature/87fab22b-93c2-11f0-0a80-04c3000069c0/documentminiature/232f8469-b389-4741-87a2-eba34fa0010f
cf221be1-b997-11f0-0a80-182e0031986b,01948,"Лонгслив Bape twins (L, Белый)",Лонгсливы/Bape,1300.0,0.0,True,,https://miniature-prod.moysklad.ru/miniature/87fab22b-93c2-11f0-0a80-04c3000069c0/documentminiature/232f8469-b389-4741-87a2-eba34fa0010f
cf24d5bf-b997-11f0-0a80-182e00319873,01949,"Лонгслив Bape twins (M, Белый)",Лонгсливы/Bape,1300.0,0.0,True,,https://miniature-prod.moysklad.ru/miniature/87fab22b-93c2-11f0-0a80-04c3000069c0/documentminiature/232f8469-b389-4741-87a2-eba34fa0010f
cf27b23b-b997-11f0-0a80-182e0031987a,01950,"Лонгслив Bape twins (S, Белый)",Лонгсливы/Bape,1300.0,0.0,True,,https://miniature-prod.moysklad.ru/miniature/87fab22b-93c2-11f0-0a80-04c3000069c0/documentminiature/232f8469-b389-4741-87a2-eba34fa0010f
cf2aa81b-b997-11f0-0a80-182e00319881,01951,"Лонгслив Bape twins (XL, Белый)",Лонгсливы/Bape,1300.0,0.0,True,,https://miniature-prod.moysklad.ru/miniature/87fab22b-93c2-11f0-0a80-04c3000069c0/documentminiature/232f8469-b389-4741-87a2-eba34fa0010f
81944c77-b997-11f0-0a80-05d30031d154,00219,Лонгслив Bape термохром,Лонгсливы/Bape,1300.0,0.0,True,,https://miniature-prod.moysklad.ru/miniature/87fab22b-93c2-11f0-0a80-04c3000069c0/documentminiature/7ae55af9-cc95-4f5a-9277-cdff6458d195
8c59b018-b997-11f0-0a80-16a200313944,01937,"Лонгслив Bape термохром (Черный, 2XL)",Лонгсливы/Bape,1300.0,0.0,True,,https://miniature-prod.moysklad.ru/miniature/87fab22b-93c2-11f0-0a80-04c3000069c0/documentminiature/7ae55af9-cc95-4f5a-9277-cdff6458d195
8c5bfa5a-b997-11f0-0a80-16a20031394b,01938,"Лонгслив Bape термохром (Черный, L)",Лонгсливы/Bape,1300.0,0.0,True,,https://miniature-prod.moysklad.ru/miniature/87fab22b-93c2-11f0-0a80-04c3000069c0/documentminiature/7ae55af9-cc95-4f5a-9277-cdff6458d195
8c5e040e-b997-11f0-0a80-16a200313952,01939,"Лонгслив Bape термохром (Черный, M)",Лонгсливы/Bape,1300.0,0.0,True,,https://miniature-prod.moysklad.ru/miniature/87fab22b-93c2-11f0-0a80-04c3000069c0/documentminiature/7ae55af9-cc95-4f5a-9277-cdff6458d195
8c600f32-b997-11f0-0a80-16a200313959,01940,"Лонгслив Bape термохром (Черный, S)",Лонгсливы/Bape,1300.0,0.0,True,,https://miniature-prod.moysklad.ru/miniature/87fab22b-93c2-11f0-0a80-04c3000069c0/documentminiature/7ae55af9-cc95-4f5a-9277-cdff6458d195
8c620cad-b997-11f0-0a80-16a200313960,01941,"Лонгслив Bape термохром (Черный, XL)",Лонгсливы/Bape,1300.0,0.0,True,,https://miniature-prod.moysklad.ru/miniature/87fab22b-93c2-11f0-0a80-04c3000069c0/documentminiature/7ae55af9-cc95-4f5a-9277-cdff6458d195
099e40dd-26ad-11f1-0a80-1bc7002fe2af,00288,Лонгслив Givenchy,Лонгсливы/Bape,1300.0,0.0,True,,https://miniature-prod.moysklad.ru/miniature/87fab22b-93c2-11f0-0a80-04c3000069c0/documentminiature/2841e554-494f-4de4-bd41-2a47f46c14d9
134b6f3a-26ad-11f1-0a80-069700300759,02316,"Лонгслив Givenchy (2XL, Черный)",Лонгсливы/Bape,1300.0,0.0,True,,https://miniature-prod.moysklad.ru/miniature/87fab22b-93c2-11f0-0a80-04c3000069c0/documentminiature/2841e554-494f-4de4-bd41-2a47f46c14d9
134f35d6-26ad-11f1-0a80-069700300762,02317,"Лонгслив Givenchy (L, Черный)",Лонгсливы/Bape,1300.0,0.0,True,,https://miniature-prod.moysklad.ru/miniature/87fab22b-93c2-11f0-0a80-04c3000069c0/documentminiature/2841e554-494f-4de4-bd41-2a47f46c14d9
1352e469-26ad-11f1-0a80-06970030076b,02318,"Лонгслив Givenchy (M, Черный)",Лонгсливы/Bape,1300.0,0.0,True,,https://miniature-prod.moysklad.ru/miniature/87fab22b-93c2-11f0-0a80-04c3000069c0/documentminiature/2841e554-494f-4de4-bd41-2a47f46c14d9
1356e458-26ad-11f1-0a80-069700300774,02319,"Лонгслив Givenchy (S, Черный)",Лонгсливы/Bape,1300.0,0.0,True,,https://miniature-prod.moysklad.ru/miniature/87fab22b-93c2-11f0-0a80-04c3000069c0/documentminiature/2841e554-494f-4de4-bd41-2a47f46c14d9
135a140e-26ad-11f1-0a80-06970030077d,02320,"Лонгслив Givenchy (XL, Черный)",Лонгсливы/Bape,1300.0,0.0,True,,https://miniature-prod.moysklad.ru/miniature/87fab22b-93c2-11f0-0a80-04c3000069c0/documentminiature/2841e554-494f-4de4-bd41-2a47f46c14d9
4a3e2f6e-9654-11f0-0a80-1435001d6b1c,00045,Лонгслив Bape x Mastermind,Лонгсливы/Bape x Mastermind,1300.0,0.0,True,,https://miniature-prod.moysklad.ru/miniature/87fab22b-93c2-11f0-0a80-04c3000069c0/documentminiature/4c984e4a-9834-4459-9b33-afe3c0e427af
5a0cbd97-9654-11f0-0a80-1bbe001c7603,00425,"Лонгслив Bape x Mastermind (Белый, 2XL)",Лонгсливы/Bape x Mastermind,1300.0,0.0,True,,https://miniature-prod.moysklad.ru/miniature/87fab22b-93c2-11f0-0a80-04c3000069c0/documentminiature/4c984e4a-9834-4459-9b33-afe3c0e427af
5a0edc0e-9654-11f0-0a80-1bbe001c760a,00426,"Лонгслив Bape x Mastermind (Белый, L)",Лонгсливы/Bape x Mastermind,1300.0,0.0,True,,https://miniature-prod.moysklad.ru/miniature/87fab22b-93c2-11f0-0a80-04c3000069c0/documentminiature/4c984e4a-9834-4459-9b33-afe3c0e427af
5a1092cf-9654-11f0-0a80-1bbe001c7611,00427,"Лонгслив Bape x Mastermind (Белый, M)",Лонгсливы/Bape x Mastermind,1300.0,0.0,True,,https://miniature-prod.moysklad.ru/miniature/87fab22b-93c2-11f0-0a80-04c3000069c0/documentminiature/4c984e4a-9834-4459-9b33-afe3c0e427af
5a127d51-9654-11f0-0a80-1bbe001c761e,00428,"Лонгслив Bape x Mastermind (Белый, S)",Лонгсливы/Bape x Mastermind,1300.0,0.0,True,,https://miniature-prod.moysklad.ru/miniature/87fab22b-93c2-11f0-0a80-04c3000069c0/documentminiature/4c984e4a-9834-4459-9b33-afe3c0e427af
5a1433ec-9654-11f0-0a80-1bbe001c7625,00429,"Лонгслив Bape x Mastermind (Белый, XL)",Лонгсливы/Bape x Mastermind,1300.0,0.0,True,,https://miniature-prod.moysklad.ru/miniature/87fab22b-93c2-11f0-0a80-04c3000069c0/documentminiature/4c984e4a-9834-4459-9b33-afe3c0e427af
5a160747-9654-11f0-0a80-1bbe001c762c,00430,"Лонгслив Bape x Mastermind (Черный, 2XL)",Лонгсливы/Bape x Mastermind,1300.0,0.0,True,,https://miniature-prod.moysklad.ru/miniature/87fab22b-93c2-11f0-0a80-04c3000069c0/documentminiature/4c984e4a-9834-4459-9b33-afe3c0e427af
5a17ddda-9654-11f0-0a80-1bbe001c7633,00431,"Лонгслив Bape x Mastermind (Черный, L)",Лонгсливы/Bape x Mastermind,1300.0,0.0,True,,https://miniature-prod.moysklad.ru/miniature/87fab22b-93c2-11f0-0a80-04c3000069c0/documentminiature/4c984e4a-9834-4459-9b33-afe3c0e427af
5a199f97-9654-11f0-0a80-1bbe001c763a,00432,"Лонгслив Bape x Mastermind (Черный, M)",Лонгсливы/Bape x Mastermind,1300.0,0.0,True,,https://miniature-prod.moysklad.ru/miniature/87fab22b-93c2-11f0-0a80-04c3000069c0/documentminiature/4c984e4a-9834-4459-9b33-afe3c0e427af
5a1b5c12-9654-11f0-0a80-1bbe001c7641,00433,"Лонгслив Bape x Mastermind (Черный, S)",Лонгсливы/Bape x Mastermind,1300.0,0.0,True,,https://miniature-prod.moysklad.ru/miniature/87fab22b-93c2-11f0-0a80-04c3000069c0/documentminiature/4c984e4a-9834-4459-9b33-afe3c0e427af
5a1d268c-9654-11f0-0a80-1bbe001c7648,00434,"Лонгслив Bape x Mastermind (Черный, XL)",Лонгсливы/Bape x Mastermind,1300.0,0.0,True,,https://miniature-prod.moysklad.ru/miniature/87fab22b-93c2-11f0-0a80-04c3000069c0/documentminiature/4c984e4a-9834-4459-9b33-afe3c0e427af
19e51fc4-a9d7-11f0-0a80-15eb0028d073,00192,Лонгслив Mastermind x Y-3,Лонгсливы/Bape x Mastermind,1300.0,0.0,True,,https://miniature-prod.moysklad.ru/miniature/87fab22b-93c2-11f0-0a80-04c3000069c0/documentminiature/f28426a1-3e12-4cbc-a62b-c50e94816fa9
24e8bf33-a9d7-11f0-0a80-18ec0028eff8,01777,"Лонгслив Mastermind x Y-3 (2XL, Черный)",Лонгсливы/Bape x Mastermind,1300.0,0.0,True,,https://miniature-prod.moysklad.ru/miniature/87fab22b-93c2-11f0-0a80-04c3000069c0/documentminiature/f28426a1-3e12-4cbc-a62b-c50e94816fa9
24ebb67a-a9d7-11f0-0a80-18ec0028efff,01778,"Лонгслив Mastermind x Y-3 (L, Черный)",Лонгсливы/Bape x Mastermind,1300.0,0.0,True,,https://miniature-prod.moysklad.ru/miniature/87fab22b-93c2-11f0-0a80-04c3000069c0/documentminiature/f28426a1-3e12-4cbc-a62b-c50e94816fa9
24ee5479-a9d7-11f0-0a80-18ec0028f008,01779,"Лонгслив Mastermind x Y-3 (M, Черный)",Лонгсливы/Bape x Mastermind,1300.0,0.0,True,,https://miniature-prod.moysklad.ru/miniature/87fab22b-93c2-11f0-0a80-04c3000069c0/documentminiature/f28426a1-3e12-4cbc-a62b-c50e94816fa9
24f0db5c-a9d7-11f0-0a80-18ec0028f00f,01780,"Лонгслив Mastermind x Y-3 (S, Черный)",Лонгсливы/Bape x Mastermind,1300.0,0.0,True,,https://miniature-prod.moysklad.ru/miniature/87fab22b-93c2-11f0-0a80-04c3000069c0/documentminiature/f28426a1-3e12-4cbc-a62b-c50e94816fa9
24f36c19-a9d7-11f0-0a80-18ec0028f016,01781,"Лонгслив Mastermind x Y-3 (XL, Черный)",Лонгсливы/Bape x Mastermind,1300.0,0.0,True,,https://miniature-prod.moysklad.ru/miniature/87fab22b-93c2-11f0-0a80-04c3000069c0/documentminiature/f28426a1-3e12-4cbc-a62b-c50e94816fa9
8aef1111-26ac-11f1-0a80-145200301a8d,00285,Лонгслив Chrome Hearts,Лонгсливы/Chrome Hearts,1300.0,0.0,True,,https://miniature-prod.moysklad.ru/miniature/87fab22b-93c2-11f0-0a80-04c3000069c0/documentminiature/c8461b54-4de8-40cb-b18a-52c6de10c221
fd22ec65-3a5f-11f1-0a80-0f8100100d8d,00301,Лонгслив Chrome Hearts,Лонгсливы/Chrome Hearts,1300.0,0.0,True,,https://miniature-prod.moysklad.ru/miniature/87fab22b-93c2-11f0-0a80-04c3000069c0/documentminiature/6f2c434b-2acc-41bd-a619-360689d77d09
921f2e2f-26ac-11f1-0a80-04250030a2c5,02301,"Лонгслив Chrome Hearts (2XL, Черный)",Лонгсливы/Chrome Hearts,1300.0,0.0,True,,https://miniature-prod.moysklad.ru/miniature/87fab22b-93c2-11f0-0a80-04c3000069c0/documentminiature/c8461b54-4de8-40cb-b18a-52c6de10c221
084f8d46-3a60-11f1-0a80-1baf000f61f8,02376,"Лонгслив Chrome Hearts (2XL, Черный)",Лонгсливы/Chrome Hearts,1300.0,0.0,True,,https://miniature-prod.moysklad.ru/miniature/87fab22b-93c2-11f0-0a80-04c3000069c0/documentminiature/6f2c434b-2acc-41bd-a619-360689d77d09
92229b8f-26ac-11f1-0a80-04250030a2ce,02302,"Лонгслив Chrome Hearts (L, Черный)",Лонгсливы/Chrome Hearts,1300.0,0.0,True,,https://miniature-prod.moysklad.ru/miniature/87fab22b-93c2-11f0-0a80-04c3000069c0/documentminiature/c8461b54-4de8-40cb-b18a-52c6de10c221
0854daf8-3a60-11f1-0a80-1baf000f6201,02377,"Лонгслив Chrome Hearts (L, Черный)",Лонгсливы/Chrome Hearts,1300.0,0.0,True,,https://miniature-prod.moysklad.ru/miniature/87fab22b-93c2-11f0-0a80-04c3000069c0/documentminiature/6f2c434b-2acc-41bd-a619-360689d77d09
92261c58-26ac-11f1-0a80-04250030a2d7,02303,"Лонгслив Chrome Hearts (M, Черный)",Лонгсливы/Chrome Hearts,1300.0,1.0,True,,https://miniature-prod.moysklad.ru/miniature/87fab22b-93c2-11f0-0a80-04c3000069c0/documentminiature/c8461b54-4de8-40cb-b18a-52c6de10c221
085ff42a-3a60-11f1-0a80-1baf000f624c,02378,"Лонгслив Chrome Hearts (M, Черный)",Лонгсливы/Chrome Hearts,1300.0,-2.0,True,,https://miniature-prod.moysklad.ru/miniature/87fab22b-93c2-11f0-0a80-04c3000069c0/documentminiature/6f2c434b-2acc-41bd-a619-360689d77d09
922936e4-26ac-11f1-0a80-04250030a2e0,02304,"Лонгслив Chrome Hearts (S, Черный)",Лонгсливы/Chrome Hearts,1300.0,0.0,True,,https://miniature-prod.moysklad.ru/miniature/87fab22b-93c2-11f0-0a80-04c3000069c0/documentminiature/c8461b54-4de8-40cb-b18a-52c6de10c221
08653505-3a60-11f1-0a80-1baf000f6255,02379,"Лонгслив Chrome Hearts (S, Черный)",Лонгсливы/Chrome Hearts,1300.0,-1.0,True,,https://miniature-prod.moysklad.ru/miniature/87fab22b-93c2-11f0-0a80-04c3000069c0/documentminiature/6f2c434b-2acc-41bd-a619-360689d77d09
922c9e3a-26ac-11f1-0a80-04250030a2e9,02305,"Лонгслив Chrome Hearts (XL, Черный)",Лонгсливы/Chrome Hearts,1300.0,0.0,True,,https://miniature-prod.moysklad.ru/miniature/87fab22b-93c2-11f0-0a80-04c3000069c0/documentminiature/c8461b54-4de8-40cb-b18a-52c6de10c221
086a7851-3a60-11f1-0a80-1baf000f625e,02380,"Лонгслив Chrome Hearts (XL, Черный)",Лонгсливы/Chrome Hearts,1300.0,0.0,True,,https://miniature-prod.moysklad.ru/miniature/87fab22b-93c2-11f0-0a80-04c3000069c0/documentminiature/6f2c434b-2acc-41bd-a619-360689d77d09
1c8412c1-b998-11f0-0a80-1b9200311e5a,00223,Лонгслив CDF,Лонгсливы/Comme des Fuckdown,1400.0,0.0,True,,https://miniature-prod.moysklad.ru/miniature/87fab22b-93c2-11f0-0a80-04c3000069c0/documentminiature/7a2e4cd1-09e8-4d54-b30f-0b2e2dac356b
3c25f12b-b998-11f0-0a80-0baf003171b6,00224,Лонгслив CDF,Лонгсливы/Comme des Fuckdown,1400.0,0.0,True,,https://miniature-prod.moysklad.ru/miniature/87fab22b-93c2-11f0-0a80-04c3000069c0/documentminiature/0a835aca-b375-4ecc-b6ad-6d6b13417aac
257547be-b998-11f0-0a80-1163003294a4,01957,"Лонгслив CDF (2XL, Черный)",Лонгсливы/Comme des Fuckdown,1400.0,0.0,True,,https://miniature-prod.moysklad.ru/miniature/87fab22b-93c2-11f0-0a80-04c3000069c0/documentminiature/7a2e4cd1-09e8-4d54-b30f-0b2e2dac356b
523237b5-b998-11f0-0a80-149000316714,01962,"Лонгслив CDF (2XL, Черный)",Лонгсливы/Comme des Fuckdown,1400.0,0.0,True,,https://miniature-prod.moysklad.ru/miniature/87fab22b-93c2-11f0-0a80-04c3000069c0/documentminiature/0a835aca-b375-4ecc-b6ad-6d6b13417aac
25787cd8-b998-11f0-0a80-1163003294ab,01958,"Лонгслив CDF (L, Черный)",Лонгсливы/Comme des Fuckdown,1400.0,0.0,True,,https://miniature-prod.moysklad.ru/miniature/87fab22b-93c2-11f0-0a80-04c3000069c0/documentminiature/7a2e4cd1-09e8-4d54-b30f-0b2e2dac356b
52358e52-b998-11f0-0a80-14900031671b,01963,"Лонгслив CDF (L, Черный)",Лонгсливы/Comme des Fuckdown,1400.0,0.0,True,,https://miniature-prod.moysklad.ru/miniature/87fab22b-93c2-11f0-0a80-04c3000069c0/documentminiature/0a835aca-b375-4ecc-b6ad-6d6b13417aac
257ad27f-b998-11f0-0a80-1163003294b2,01959,"Лонгслив CDF (M, Черный)",Лонгсливы/Comme des Fuckdown,1400.0,0.0,True,,https://miniature-prod.moysklad.ru/miniature/87fab22b-93c2-11f0-0a80-04c3000069c0/documentminiature/7a2e4cd1-09e8-4d54-b30f-0b2e2dac356b
52389036-b998-11f0-0a80-149000316722,01964,"Лонгслив CDF (M, Черный)",Лонгсливы/Comme des Fuckdown,1400.0,0.0,True,,https://miniature-prod.moysklad.ru/miniature/87fab22b-93c2-11f0-0a80-04c3000069c0/documentminiature/0a835aca-b375-4ecc-b6ad-6d6b13417aac
257db6d4-b998-11f0-0a80-1163003294b9,01960,"Лонгслив CDF (S, Черный)",Лонгсливы/Comme des Fuckdown,1400.0,0.0,True,,https://miniature-prod.moysklad.ru/miniature/87fab22b-93c2-11f0-0a80-04c3000069c0/documentminiature/7a2e4cd1-09e8-4d54-b30f-0b2e2dac356b
523b5573-b998-11f0-0a80-149000316729,01965,"Лонгслив CDF (S, Черный)",Лонгсливы/Comme des Fuckdown,1400.0,0.0,True,,https://miniature-prod.moysklad.ru/miniature/87fab22b-93c2-11f0-0a80-04c3000069c0/documentminiature/0a835aca-b375-4ecc-b6ad-6d6b13417aac
2580747e-b998-11f0-0a80-1163003294c0,01961,"Лонгслив CDF (XL, Черный)",Лонгсливы/Comme des Fuckdown,1400.0,0.0,True,,https://miniature-prod.moysklad.ru/miniature/87fab22b-93c2-11f0-0a80-04c3000069c0/documentminiature/7a2e4cd1-09e8-4d54-b30f-0b2e2dac356b
523e38d2-b998-11f0-0a80-149000316730,01966,"Лонгслив CDF (XL, Черный)",Лонгсливы/Comme des Fuckdown,1400.0,0.0,True,,https://miniature-prod.moysklad.ru/miniature/87fab22b-93c2-11f0-0a80-04c3000069c0/documentminiature/0a835aca-b375-4ecc-b6ad-6d6b13417aac
80904685-b025-11f0-0a80-194f0028426d,00212,Лонгслив CDG Green flower,Лонгсливы/Comme des Garcons,1300.0,0.0,True,,https://miniature-prod.moysklad.ru/miniature/87fab22b-93c2-11f0-0a80-04c3000069c0/documentminiature/00f7ee87-5b19-4655-be6a-d4cd09875574
869f581b-b025-11f0-0a80-16c40028b1f2,01906,"Лонгслив CDG Green flower (2XL, Белый)",Лонгсливы/Comme des Garcons,1300.0,0.0,True,,https://miniature-prod.moysklad.ru/miniature/87fab22b-93c2-11f0-0a80-04c3000069c0/documentminiature/00f7ee87-5b19-4655-be6a-d4cd09875574
86a1674b-b025-11f0-0a80-16c40028b1f9,01907,"Лонгслив CDG Green flower (L, Белый)",Лонгсливы/Comme des Garcons,1300.0,0.0,True,,https://miniature-prod.moysklad.ru/miniature/87fab22b-93c2-11f0-0a80-04c3000069c0/documentminiature/00f7ee87-5b19-4655-be6a-d4cd09875574
86a33c1f-b025-11f0-0a80-16c40028b200,01908,"Лонгслив CDG Green flower (M, Белый)",Лонгсливы/Comme des Garcons,1300.0,0.0,True,,https://miniature-prod.moysklad.ru/miniature/87fab22b-93c2-11f0-0a80-04c3000069c0/documentminiature/00f7ee87-5b19-4655-be6a-d4cd09875574
86a50d52-b025-11f0-0a80-16c40028b207,01909,"Лонгслив CDG Green flower (S, Белый)",Лонгсливы/Comme des Garcons,1300.0,0.0,True,,https://miniature-prod.moysklad.ru/miniature/87fab22b-93c2-11f0-0a80-04c3000069c0/documentminiature/00f7ee87-5b19-4655-be6a-d4cd09875574
86a6ce8b-b025-11f0-0a80-16c40028b20e,01910,"Лонгслив CDG Green flower (XL, Белый)",Лонгсливы/Comme des Garcons,1300.0,0.0,True,,https://miniature-prod.moysklad.ru/miniature/87fab22b-93c2-11f0-0a80-04c3000069c0/documentminiature/00f7ee87-5b19-4655-be6a-d4cd09875574
0464df0a-b026-11f0-0a80-1bab0027d8fc,00215,Лонгслив CDG big double logo,Лонгсливы/Comme des Garcons,1400.0,0.0,True,,https://miniature-prod.moysklad.ru/miniature/87fab22b-93c2-11f0-0a80-04c3000069c0/documentminiature/d6132fd3-d3ef-45fe-a524-29de1910194b
0e703664-b026-11f0-0a80-159400277e4e,01921,"Лонгслив CDG big double logo (Белый, 2XL)",Лонгсливы/Comme des Garcons,1400.0,0.0,True,,https://miniature-prod.moysklad.ru/miniature/87fab22b-93c2-11f0-0a80-04c3000069c0/documentminiature/d6132fd3-d3ef-45fe-a524-29de1910194b
0e741577-b026-11f0-0a80-159400277e57,01922,"Лонгслив CDG big double logo (Белый, L)",Лонгсливы/Comme des Garcons,1400.0,0.0,True,,https://miniature-prod.moysklad.ru/miniature/87fab22b-93c2-11f0-0a80-04c3000069c0/documentminiature/d6132fd3-d3ef-45fe-a524-29de1910194b
0e76c996-b026-11f0-0a80-159400277e5e,01923,"Лонгслив CDG big double logo (Белый, M)",Лонгсливы/Comme des Garcons,1400.0,0.0,True,,https://miniature-prod.moysklad.ru/miniature/87fab22b-93c2-11f0-0a80-04c3000069c0/documentminiature/d6132fd3-d3ef-45fe-a524-29de1910194b
0e79ba48-b026-11f0-0a80-159400277e65,01924,"Лонгслив CDG big double logo (Белый, S)",Лонгсливы/Comme des Garcons,1400.0,0.0,True,,https://miniature-prod.moysklad.ru/miniature/87fab22b-93c2-11f0-0a80-04c3000069c0/documentminiature/d6132fd3-d3ef-45fe-a524-29de1910194b
0e7be54c-b026-11f0-0a80-159400277e6c,01925,"Лонгслив CDG big double logo (Белый, XL)",Лонгсливы/Comme des Garcons,1400.0,0.0,True,,https://miniature-prod.moysklad.ru/miniature/87fab22b-93c2-11f0-0a80-04c3000069c0/documentminiature/d6132fd3-d3ef-45fe-a524-29de1910194b
4ccf6eef-b025-11f0-0a80-159400276a3c,00211,Лонгслив CDG flowers,Лонгсливы/Comme des Garcons,1300.0,0.0,True,,https://miniature-prod.moysklad.ru/miniature/87fab22b-93c2-11f0-0a80-04c3000069c0/documentminiature/4c425856-5d52-4dcd-9e5f-81ac986f2e36
5544e0cb-b025-11f0-0a80-0c0d0027f871,01901,"Лонгслив CDG flowers (2XL, Черный)",Лонгсливы/Comme des Garcons,1300.0,0.0,True,,https://miniature-prod.moysklad.ru/miniature/87fab22b-93c2-11f0-0a80-04c3000069c0/documentminiature/4c425856-5d52-4dcd-9e5f-81ac986f2e36
554787e8-b025-11f0-0a80-0c0d0027f878,01902,"Лонгслив CDG flowers (L, Черный)",Лонгсливы/Comme des Garcons,1300.0,0.0,True,,https://miniature-prod.moysklad.ru/miniature/87fab22b-93c2-11f0-0a80-04c3000069c0/documentminiature/4c425856-5d52-4dcd-9e5f-81ac986f2e36
5549e0a7-b025-11f0-0a80-0c0d0027f87f,01903,"Лонгслив CDG flowers (M, Черный)",Лонгсливы/Comme des Garcons,1300.0,0.0,True,,https://miniature-prod.moysklad.ru/miniature/87fab22b-93c2-11f0-0a80-04c3000069c0/documentminiature/4c425856-5d52-4dcd-9e5f-81ac986f2e36
554c2461-b025-11f0-0a80-0c0d0027f886,01904,"Лонгслив CDG flowers (S, Черный)",Лонгсливы/Comme des Garcons,1300.0,0.0,True,,https://miniature-prod.moysklad.ru/miniature/87fab22b-93c2-11f0-0a80-04c3000069c0/documentminiature/4c425856-5d52-4dcd-9e5f-81ac986f2e36
554e6f0e-b025-11f0-0a80-0c0d0027f88d,01905,"Лонгслив CDG flowers (XL, Черный)",Лонгсливы/Comme des Garcons,1300.0,0.0,True,,https://miniature-prod.moysklad.ru/miniature/87fab22b-93c2-11f0-0a80-04c3000069c0/documentminiature/4c425856-5d52-4dcd-9e5f-81ac986f2e36
989604d7-9654-11f0-0a80-0844001cf00d,00046,Лонгслив Comme des Garcons,Лонгсливы/Comme des Garcons,1300.0,0.0,True,,https://miniature-prod.moysklad.ru/miniature/87fab22b-93c2-11f0-0a80-04c3000069c0/documentminiature/26e40bdc-7786-49b5-8736-55264c49f367
a5bfa2f9-9654-11f0-0a80-0f42001d4e01,00442,"Лонгслив Comme des Garcons (Черный, 2XL)",Лонгсливы/Comme des Garcons,1300.0,0.0,True,,https://miniature-prod.moysklad.ru/miniature/87fab22b-93c2-11f0-0a80-04c3000069c0/documentminiature/26e40bdc-7786-49b5-8736-55264c49f367
a5c2a224-9654-11f0-0a80-0f42001d4e08,00443,"Лонгслив Comme des Garcons (Черный, L)",Лонгсливы/Comme des Garcons,1300.0,0.0,True,,https://miniature-prod.moysklad.ru/miniature/87fab22b-93c2-11f0-0a80-04c3000069c0/documentminiature/26e40bdc-7786-49b5-8736-55264c49f367
a5c56540-9654-11f0-0a80-0f42001d4e0f,00444,"Лонгслив Comme des Garcons (Черный, M)",Лонгсливы/Comme des Garcons,1300.0,0.0,True,,https://miniature-prod.moysklad.ru/miniature/87fab22b-93c2-11f0-0a80-04c3000069c0/documentminiature/26e40bdc-7786-49b5-8736-55264c49f367
a5c7e59e-9654-11f0-0a80-0f42001d4e16,00445,"Лонгслив Comme des Garcons (Черный, S)",Лонгсливы/Comme des Garcons,1300.0,0.0,True,,https://miniature-prod.moysklad.ru/miniature/87fab22b-93c2-11f0-0a80-04c3000069c0/documentminiature/26e40bdc-7786-49b5-8736-55264c49f367
a5cacad9-9654-11f0-0a80-0f42001d4e1d,00446,"Лонгслив Comme des Garcons (Черный, XL)",Лонгсливы/Comme des Garcons,1300.0,0.0,True,,https://miniature-prod.moysklad.ru/miniature/87fab22b-93c2-11f0-0a80-04c3000069c0/documentminiature/26e40bdc-7786-49b5-8736-55264c49f367
ae5e9735-a9d7-11f0-0a80-0ec6002840b6,00194,Лонгслив Comme des Garcons Play,Лонгсливы/Comme des Garcons,1300.0,0.0,True,,https://miniature-prod.moysklad.ru/miniature/87fab22b-93c2-11f0-0a80-04c3000069c0/documentminiature/b40e767d-c175-4ceb-b849-d00488155b78
bfc951b0-a9d7-11f0-0a80-1cc20028ac53,01787,"Лонгслив Comme des Garcons Play (2XL, Черные)",Лонгсливы/Comme des Garcons,1300.0,0.0,True,,https://miniature-prod.moysklad.ru/miniature/87fab22b-93c2-11f0-0a80-04c3000069c0/documentminiature/b40e767d-c175-4ceb-b849-d00488155b78
bfcbbd3e-a9d7-11f0-0a80-1cc20028ac5a,01788,"Лонгслив Comme des Garcons Play (L, Черные)",Лонгсливы/Comme des Garcons,1300.0,0.0,True,,https://miniature-prod.moysklad.ru/miniature/87fab22b-93c2-11f0-0a80-04c3000069c0/documentminiature/b40e767d-c175-4ceb-b849-d00488155b78
bfce51c5-a9d7-11f0-0a80-1cc20028ac61,01789,"Лонгслив Comme des Garcons Play (M, Черные)",Лонгсливы/Comme des Garcons,1300.0,0.0,True,,https://miniature-prod.moysklad.ru/miniature/87fab22b-93c2-11f0-0a80-04c3000069c0/documentminiature/b40e767d-c175-4ceb-b849-d00488155b78
bfd22422-a9d7-11f0-0a80-1cc20028ac68,01790,"Лонгслив Comme des Garcons Play (S, Черные)",Лонгсливы/Comme des Garcons,1300.0,0.0,True,,https://miniature-prod.moysklad.ru/miniature/87fab22b-93c2-11f0-0a80-04c3000069c0/documentminiature/b40e767d-c175-4ceb-b849-d00488155b78
bfd49e2c-a9d7-11f0-0a80-1cc20028ac6f,01791,"Лонгслив Comme des Garcons Play (XL, Черные)",Лонгсливы/Comme des Garcons,1300.0,0.0,True,,https://miniature-prod.moysklad.ru/miniature/87fab22b-93c2-11f0-0a80-04c3000069c0/documentminiature/b40e767d-c175-4ceb-b849-d00488155b78
6713487b-af32-11f0-0a80-1594000bf6a8,00203,Лонгслив Comme des Garcons Supreme,Лонгсливы/Comme des Garcons,1300.0,0.0,True,,https://miniature-prod.moysklad.ru/miniature/87fab22b-93c2-11f0-0a80-04c3000069c0/documentminiature/c8a8eed1-ab94-4c10-9704-d35fd56325f2
787e9b20-af32-11f0-0a80-0ef2000bf1cb,01849,"Лонгслив Comme des Garcons Supreme (2XL, Белый)",Лонгсливы/Comme des Garcons,1300.0,0.0,True,,https://miniature-prod.moysklad.ru/miniature/87fab22b-93c2-11f0-0a80-04c3000069c0/documentminiature/c8a8eed1-ab94-4c10-9704-d35fd56325f2
7881b477-af32-11f0-0a80-0ef2000bf1d4,01850,"Лонгслив Comme des Garcons Supreme (2XL, Черный)",Лонгсливы/Comme des Garcons,1300.0,0.0,True,,https://miniature-prod.moysklad.ru/miniature/87fab22b-93c2-11f0-0a80-04c3000069c0/documentminiature/c8a8eed1-ab94-4c10-9704-d35fd56325f2
78844be6-af32-11f0-0a80-0ef2000bf1db,01851,"Лонгслив Comme des Garcons Supreme (L, Белый)",Лонгсливы/Comme des Garcons,1300.0,0.0,True,,https://miniature-prod.moysklad.ru/miniature/87fab22b-93c2-11f0-0a80-04c3000069c0/documentminiature/c8a8eed1-ab94-4c10-9704-d35fd56325f2
7886c472-af32-11f0-0a80-0ef2000bf1e2,01852,"Лонгслив Comme des Garcons Supreme (L, Черный)",Лонгсливы/Comme des Garcons,1300.0,0.0,True,,https://miniature-prod.moysklad.ru/miniature/87fab22b-93c2-11f0-0a80-04c3000069c0/documentminiature/c8a8eed1-ab94-4c10-9704-d35fd56325f2
788932ee-af32-11f0-0a80-0ef2000bf1ea,01853,"Лонгслив Comme des Garcons Supreme (XL, Белый)",Лонгсливы/Comme des Garcons,1300.0,0.0,True,,https://miniature-prod.moysklad.ru/miniature/87fab22b-93c2-11f0-0a80-04c3000069c0/documentminiature/c8a8eed1-ab94-4c10-9704-d35fd56325f2
788b908c-af32-11f0-0a80-0ef2000bf1f1,01854,"Лонгслив Comme des Garcons Supreme (XL, Черный)",Лонгсливы/Comme des Garcons,1300.0,0.0,True,,https://miniature-prod.moysklad.ru/miniature/87fab22b-93c2-11f0-0a80-04c3000069c0/documentminiature/c8a8eed1-ab94-4c10-9704-d35fd56325f2
788e78f7-af32-11f0-0a80-0ef2000bf1f9,01855,"Лонгслив Comme des Garcons Supreme (m, Белый)",Лонгсливы/Comme des Garcons,1300.0,0.0,True,,https://miniature-prod.moysklad.ru/miniature/87fab22b-93c2-11f0-0a80-04c3000069c0/documentminiature/c8a8eed1-ab94-4c10-9704-d35fd56325f2
78912e7d-af32-11f0-0a80-0ef2000bf200,01856,"Лонгслив Comme des Garcons Supreme (m, Черный)",Лонгсливы/Comme des Garcons,1300.0,0.0,True,,https://miniature-prod.moysklad.ru/miniature/87fab22b-93c2-11f0-0a80-04c3000069c0/documentminiature/c8a8eed1-ab94-4c10-9704-d35fd56325f2
7893e094-af32-11f0-0a80-0ef2000bf208,01857,"Лонгслив Comme des Garcons Supreme (s, Белый)",Лонгсливы/Comme des Garcons,1300.0,0.0,True,,https://miniature-prod.moysklad.ru/miniature/87fab22b-93c2-11f0-0a80-04c3000069c0/documentminiature/c8a8eed1-ab94-4c10-9704-d35fd56325f2
78967f65-af32-11f0-0a80-0ef2000bf20f,01858,"Лонгслив Comme des Garcons Supreme (s, Черный)",Лонгсливы/Comme des Garcons,1300.0,0.0,True,,https://miniature-prod.moysklad.ru/miniature/87fab22b-93c2-11f0-0a80-04c3000069c0/documentminiature/c8a8eed1-ab94-4c10-9704-d35fd56325f2
3095d2c3-3a60-11f1-0a80-1315000fefd7,00302,Лонгслив Corteiz,Лонгсливы/Corteiz,1300.0,0.0,True,,https://miniature-prod.moysklad.ru/miniature/87fab22b-93c2-11f0-0a80-04c3000069c0/documentminiature/fa8a4d7f-08bc-4838-ba4f-1e2a40374502
3a7c9540-3a60-11f1-0a80-0933000f6e49,02381,"Лонгслив Corteiz (2XL, Черный)",Лонгсливы/Corteiz,1300.0,0.0,True,,https://miniature-prod.moysklad.ru/miniature/87fab22b-93c2-11f0-0a80-04c3000069c0/documentminiature/fa8a4d7f-08bc-4838-ba4f-1e2a40374502
3a85413d-3a60-11f1-0a80-0933000f6e52,02382,"Лонгслив Corteiz (L, Черный)",Лонгсливы/Corteiz,1300.0,0.0,True,,https://miniature-prod.moysklad.ru/miniature/87fab22b-93c2-11f0-0a80-04c3000069c0/documentminiature/fa8a4d7f-08bc-4838-ba4f-1e2a40374502
3a8d81d9-3a60-11f1-0a80-0933000f6e5b,02383,"Лонгслив Corteiz (M, Черный)",Лонгсливы/Corteiz,1300.0,0.0,True,,https://miniature-prod.moysklad.ru/miniature/87fab22b-93c2-11f0-0a80-04c3000069c0/documentminiature/fa8a4d7f-08bc-4838-ba4f-1e2a40374502
3a97dbd7-3a60-11f1-0a80-0933000f6e64,02384,"Лонгслив Corteiz (S, Черный)",Лонгсливы/Corteiz,1300.0,0.0,True,,https://miniature-prod.moysklad.ru/miniature/87fab22b-93c2-11f0-0a80-04c3000069c0/documentminiature/fa8a4d7f-08bc-4838-ba4f-1e2a40374502
3aa1710d-3a60-11f1-0a80-0933000f6e6d,02385,"Лонгслив Corteiz (XL, Черный)",Лонгсливы/Corteiz,1300.0,0.0,True,,https://miniature-prod.moysklad.ru/miniature/87fab22b-93c2-11f0-0a80-04c3000069c0/documentminiature/fa8a4d7f-08bc-4838-ba4f-1e2a40374502
93ca63a6-9655-11f0-0a80-0efd001d87ff,00052,Лонгслив Corteiz надпись,Лонгсливы/Corteiz,1400.0,0.0,True,,https://miniature-prod.moysklad.ru/miniature/87fab22b-93c2-11f0-0a80-04c3000069c0/documentminiature/8207bdab-078a-477b-ae2c-ce4e345de407
9cc4647b-9655-11f0-0a80-0df4001d4cfb,00490,"Лонгслив Corteiz надпись (Белый, 2XL)",Лонгсливы/Corteiz,1400.0,0.0,True,,https://miniature-prod.moysklad.ru/miniature/87fab22b-93c2-11f0-0a80-04c3000069c0/documentminiature/8207bdab-078a-477b-ae2c-ce4e345de407
9cc712de-9655-11f0-0a80-0df4001d4d02,00491,"Лонгслив Corteiz надпись (Белый, L)",Лонгсливы/Corteiz,1400.0,0.0,True,,https://miniature-prod.moysklad.ru/miniature/87fab22b-93c2-11f0-0a80-04c3000069c0/documentminiature/8207bdab-078a-477b-ae2c-ce4e345de407
9cc9ec27-9655-11f0-0a80-0df4001d4d09,00492,"Лонгслив Corteiz надпись (Белый, M)",Лонгсливы/Corteiz,1400.0,0.0,True,,https://miniature-prod.moysklad.ru/miniature/87fab22b-93c2-11f0-0a80-04c3000069c0/documentminiature/8207bdab-078a-477b-ae2c-ce4e345de407
9ccc701a-9655-11f0-0a80-0df4001d4d10,00493,"Лонгслив Corteiz надпись (Белый, S)",Лонгсливы/Corteiz,1400.0,0.0,True,,https://miniature-prod.moysklad.ru/miniature/87fab22b-93c2-11f0-0a80-04c3000069c0/documentminiature/8207bdab-078a-477b-ae2c-ce4e345de407
9cceae57-9655-11f0-0a80-0df4001d4d17,00494,"Лонгслив Corteiz надпись (Белый, XL)",Лонгсливы/Corteiz,1400.0,0.0,True,,https://miniature-prod.moysklad.ru/miniature/87fab22b-93c2-11f0-0a80-04c3000069c0/documentminiature/8207bdab-078a-477b-ae2c-ce4e345de407
324b13a1-9656-11f0-0a80-0729001de46d,00058,Лонгслив Denim Tears,Лонгсливы/Denim Tears,1300.0,0.0,True,,https://miniature-prod.moysklad.ru/miniature/87fab22b-93c2-11f0-0a80-04c3000069c0/documentminiature/e2de25ac-0c95-4009-829d-ae7b8ad5f5ec
3abbdd51-9656-11f0-0a80-17d5001d9c00,00540,"Лонгслив Denim Tears (Белый, 2XL)",Лонгсливы/Denim Tears,1300.0,0.0,True,,https://miniature-prod.moysklad.ru/miniature/87fab22b-93c2-11f0-0a80-04c3000069c0/documentminiature/e2de25ac-0c95-4009-829d-ae7b8ad5f5ec
3abeef26-9656-11f0-0a80-17d5001d9c07,00541,"Лонгслив Denim Tears (Белый, L)",Лонгсливы/Denim Tears,1300.0,0.0,True,,https://miniature-prod.moysklad.ru/miniature/87fab22b-93c2-11f0-0a80-04c3000069c0/documentminiature/e2de25ac-0c95-4009-829d-ae7b8ad5f5ec
3ac1adf6-9656-11f0-0a80-17d5001d9c0e,00542,"Лонгслив Denim Tears (Белый, M)",Лонгсливы/Denim Tears,1300.0,0.0,True,,https://miniature-prod.moysklad.ru/miniature/87fab22b-93c2-11f0-0a80-04c3000069c0/documentminiature/e2de25ac-0c95-4009-829d-ae7b8ad5f5ec
3ac4962a-9656-11f0-0a80-17d5001d9c15,00543,"Лонгслив Denim Tears (Белый, S)",Лонгсливы/Denim Tears,1300.0,0.0,True,,https://miniature-prod.moysklad.ru/miniature/87fab22b-93c2-11f0-0a80-04c3000069c0/documentminiature/e2de25ac-0c95-4009-829d-ae7b8ad5f5ec
3ac712d1-9656-11f0-0a80-17d5001d9c1c,00544,"Лонгслив Denim Tears (Белый, XL)",Лонгсливы/Denim Tears,1300.0,0.0,True,,https://miniature-prod.moysklad.ru/miniature/87fab22b-93c2-11f0-0a80-04c3000069c0/documentminiature/e2de25ac-0c95-4009-829d-ae7b8ad5f5ec
ec6fc4c0-26ab-11f1-0a80-119a002f221b,00282,Лонгслив ERD,Лонгсливы/ERD,1300.0,0.0,True,,https://miniature-prod.moysklad.ru/miniature/87fab22b-93c2-11f0-0a80-04c3000069c0/documentminiature/a2f6d5f8-2a12-4efe-8822-1987888467c4
c7e43f8f-3a5f-11f1-0a80-1315000fe0f5,00300,Лонгслив ERD,Лонгсливы/ERD,1300.0,0.0,True,,https://miniature-prod.moysklad.ru/miniature/87fab22b-93c2-11f0-0a80-04c3000069c0/documentminiature/18a6b16f-ab6a-44ac-bb51-aacb4d4912d7
11071c8b-26ac-11f1-0a80-119a002f2d26,02286,"Лонгслив ERD (2XL, Черный)",Лонгсливы/ERD,1300.0,0.0,True,,https://miniature-prod.moysklad.ru/miniature/87fab22b-93c2-11f0-0a80-04c3000069c0/documentminiature/a2f6d5f8-2a12-4efe-8822-1987888467c4
d321e8a1-3a5f-11f1-0a80-1078000fec18,02371,"Лонгслив ERD (2XL, Черный)",Лонгсливы/ERD,1300.0,0.0,True,,https://miniature-prod.moysklad.ru/miniature/87fab22b-93c2-11f0-0a80-04c3000069c0/documentminiature/18a6b16f-ab6a-44ac-bb51-aacb4d4912d7
110d80b2-26ac-11f1-0a80-119a002f2d2f,02287,"Лонгслив ERD (L, Черный)",Лонгсливы/ERD,1300.0,0.0,True,,https://miniature-prod.moysklad.ru/miniature/87fab22b-93c2-11f0-0a80-04c3000069c0/documentminiature/a2f6d5f8-2a12-4efe-8822-1987888467c4
d32753cb-3a5f-11f1-0a80-1078000fec21,02372,"Лонгслив ERD (L, Черный)",Лонгсливы/ERD,1300.0,0.0,True,,https://miniature-prod.moysklad.ru/miniature/87fab22b-93c2-11f0-0a80-04c3000069c0/documentminiature/18a6b16f-ab6a-44ac-bb51-aacb4d4912d7
11125f8c-26ac-11f1-0a80-119a002f2d3a,02288,"Лонгслив ERD (M, Черный)",Лонгсливы/ERD,1300.0,0.0,True,,https://miniature-prod.moysklad.ru/miniature/87fab22b-93c2-11f0-0a80-04c3000069c0/documentminiature/a2f6d5f8-2a12-4efe-8822-1987888467c4
d32cca59-3a5f-11f1-0a80-1078000fec2a,02373,"Лонгслив ERD (M, Черный)",Лонгсливы/ERD,1300.0,1.0,True,,https://miniature-prod.moysklad.ru/miniature/87fab22b-93c2-11f0-0a80-04c3000069c0/documentminiature/18a6b16f-ab6a-44ac-bb51-aacb4d4912d7
1116a2da-26ac-11f1-0a80-119a002f2d43,02289,"Лонгслив ERD (S, Черный)",Лонгсливы/ERD,1300.0,0.0,True,,https://miniature-prod.moysklad.ru/miniature/87fab22b-93c2-11f0-0a80-04c3000069c0/documentminiature/a2f6d5f8-2a12-4efe-8822-1987888467c4
d3328b33-3a5f-11f1-0a80-1078000fec43,02374,"Лонгслив ERD (S, Черный)",Лонгсливы/ERD,1300.0,0.0,True,,https://miniature-prod.moysklad.ru/miniature/87fab22b-93c2-11f0-0a80-04c3000069c0/documentminiature/18a6b16f-ab6a-44ac-bb51-aacb4d4912d7
1120ede0-26ac-11f1-0a80-119a002f2d4c,02290,"Лонгслив ERD (XL, Черный)",Лонгсливы/ERD,1300.0,0.0,True,,https://miniature-prod.moysklad.ru/miniature/87fab22b-93c2-11f0-0a80-04c3000069c0/documentminiature/a2f6d5f8-2a12-4efe-8822-1987888467c4
d338016f-3a5f-11f1-0a80-1078000fec4c,02375,"Лонгслив ERD (XL, Черный)",Лонгсливы/ERD,1300.0,0.0,True,,https://miniature-prod.moysklad.ru/miniature/87fab22b-93c2-11f0-0a80-04c3000069c0/documentminiature/18a6b16f-ab6a-44ac-bb51-aacb4d4912d7
c6672f17-9655-11f0-0a80-0066001d390c,00054,Лонгслив ERD kids,Лонгсливы/ERD,1300.0,0.0,True,,https://miniature-prod.moysklad.ru/miniature/87fab22b-93c2-11f0-0a80-04c3000069c0/documentminiature/1d022621-f577-4b7d-b54e-420b296846b4
d1fb93ca-9655-11f0-0a80-058c001d3410,00509,"Лонгслив ERD kids (Белый, 2XL)",Лонгсливы/ERD,1300.0,0.0,True,,https://miniature-prod.moysklad.ru/miniature/87fab22b-93c2-11f0-0a80-04c3000069c0/documentminiature/1d022621-f577-4b7d-b54e-420b296846b4
d1fdc93d-9655-11f0-0a80-058c001d3417,00510,"Лонгслив ERD kids (Белый, L)",Лонгсливы/ERD,1300.0,0.0,True,,https://miniature-prod.moysklad.ru/miniature/87fab22b-93c2-11f0-0a80-04c3000069c0/documentminiature/1d022621-f577-4b7d-b54e-420b296846b4
d1ffc3de-9655-11f0-0a80-058c001d341e,00511,"Лонгслив ERD kids (Белый, M)",Лонгсливы/ERD,1300.0,0.0,True,,https://miniature-prod.moysklad.ru/miniature/87fab22b-93c2-11f0-0a80-04c3000069c0/documentminiature/1d022621-f577-4b7d-b54e-420b296846b4
d201bd35-9655-11f0-0a80-058c001d3425,00512,"Лонгслив ERD kids (Белый, S)",Лонгсливы/ERD,1300.0,0.0,True,,https://miniature-prod.moysklad.ru/miniature/87fab22b-93c2-11f0-0a80-04c3000069c0/documentminiature/1d022621-f577-4b7d-b54e-420b296846b4
d203e8a1-9655-11f0-0a80-058c001d342c,00513,"Лонгслив ERD kids (Белый, XL)",Лонгсливы/ERD,1300.0,0.0,True,,https://miniature-prod.moysklad.ru/miniature/87fab22b-93c2-11f0-0a80-04c3000069c0/documentminiature/1d022621-f577-4b7d-b54e-420b296846b4
ec40cd4f-9655-11f0-0a80-16d9001d8cbc,00056,Лонгслив ERD портреты,Лонгсливы/ERD,1300.0,0.0,True,,https://miniature-prod.moysklad.ru/miniature/87fab22b-93c2-11f0-0a80-04c3000069c0/documentminiature/fe393ade-621b-4cbb-879c-a018b0c5ad55
f3f9466d-9655-11f0-0a80-1435001d7516,00521,"Лонгслив ERD портреты (Белый, 2XL)",Лонгсливы/ERD,1300.0,0.0,True,,https://miniature-prod.moysklad.ru/miniature/87fab22b-93c2-11f0-0a80-04c3000069c0/documentminiature/fe393ade-621b-4cbb-879c-a018b0c5ad55
f3fca6b3-9655-11f0-0a80-1435001d751d,00522,"Лонгслив ERD портреты (Белый, L)",Лонгсливы/ERD,1300.0,0.0,True,,https://miniature-prod.moysklad.ru/miniature/87fab22b-93c2-11f0-0a80-04c3000069c0/documentminiature/fe393ade-621b-4cbb-879c-a018b0c5ad55
f3ffc095-9655-11f0-0a80-1435001d7524,00523,"Лонгслив ERD портреты (Белый, M)",Лонгсливы/ERD,1300.0,0.0,True,,https://miniature-prod.moysklad.ru/miniature/87fab22b-93c2-11f0-0a80-04c3000069c0/documentminiature/fe393ade-621b-4cbb-879c-a018b0c5ad55
f4020361-9655-11f0-0a80-1435001d752b,00524,"Лонгслив ERD портреты (Белый, S)",Лонгсливы/ERD,1300.0,0.0,True,,https://miniature-prod.moysklad.ru/miniature/87fab22b-93c2-11f0-0a80-04c3000069c0/documentminiature/fe393ade-621b-4cbb-879c-a018b0c5ad55
f404d460-9655-11f0-0a80-1435001d7532,00525,"Лонгслив ERD портреты (Белый, XL)",Лонгсливы/ERD,1300.0,0.0,True,,https://miniature-prod.moysklad.ru/miniature/87fab22b-93c2-11f0-0a80-04c3000069c0/documentminiature/fe393ade-621b-4cbb-879c-a018b0c5ad55
d6745eb6-4e2e-11f1-0a80-0eec0000bae6,00321,Лонгслив Givenchy,Лонгсливы/Givenchy,1300.0,0.0,True,,https://miniature-prod.moysklad.ru/miniature/87fab22b-93c2-11f0-0a80-04c3000069c0/documentminiature/9430e812-57f1-4ce6-a7fe-281193f3dcf6
dec53fc1-4e2e-11f1-0a80-06380000fcd6,02495,"Лонгслив Givenchy (2XL, Черный)",Лонгсливы/Givenchy,1300.0,0.0,True,,https://miniature-prod.moysklad.ru/miniature/87fab22b-93c2-11f0-0a80-04c3000069c0/documentminiature/9430e812-57f1-4ce6-a7fe-281193f3dcf6
dec9d28f-4e2e-11f1-0a80-06380000fcdf,02496,"Лонгслив Givenchy (L, Черный)",Лонгсливы/Givenchy,1300.0,0.0,True,,https://miniature-prod.moysklad.ru/miniature/87fab22b-93c2-11f0-0a80-04c3000069c0/documentminiature/9430e812-57f1-4ce6-a7fe-281193f3dcf6
decd59ae-4e2e-11f1-0a80-06380000fce8,02497,"Лонгслив Givenchy (M, Черный)",Лонгсливы/Givenchy,1300.0,0.0,True,,https://miniature-prod.moysklad.ru/miniature/87fab22b-93c2-11f0-0a80-04c3000069c0/documentminiature/9430e812-57f1-4ce6-a7fe-281193f3dcf6
ded06e54-4e2e-11f1-0a80-06380000fcf1,02498,"Лонгслив Givenchy (S, Черный)",Лонгсливы/Givenchy,1300.0,0.0,True,,https://miniature-prod.moysklad.ru/miniature/87fab22b-93c2-11f0-0a80-04c3000069c0/documentminiature/9430e812-57f1-4ce6-a7fe-281193f3dcf6
ded3f849-4e2e-11f1-0a80-06380000fcfa,02499,"Лонгслив Givenchy (XL, Черный)",Лонгсливы/Givenchy,1300.0,0.0,True,,https://miniature-prod.moysklad.ru/miniature/87fab22b-93c2-11f0-0a80-04c3000069c0/documentminiature/9430e812-57f1-4ce6-a7fe-281193f3dcf6
38a8e2b0-26ac-11f1-0a80-131b002f8051,00283,Лонгслив Gucci,Лонгсливы/Gucci,1300.0,0.0,True,,https://miniature-prod.moysklad.ru/miniature/87fab22b-93c2-11f0-0a80-04c3000069c0/documentminiature/dc3eef22-a715-4f9f-a30f-98a112bd1bb9
60261376-26ac-11f1-0a80-1452003013d5,00284,Лонгслив Gucci,Лонгсливы/Gucci,1300.0,0.0,True,,https://miniature-prod.moysklad.ru/miniature/87fab22b-93c2-11f0-0a80-04c3000069c0/documentminiature/345e5d08-d35f-41c0-90ab-5ae082d80ef1
414cad01-26ac-11f1-0a80-145200300c37,02291,"Лонгслив Gucci (2XL, Черный)",Лонгсливы/Gucci,1300.0,0.0,True,,https://miniature-prod.moysklad.ru/miniature/87fab22b-93c2-11f0-0a80-04c3000069c0/documentminiature/dc3eef22-a715-4f9f-a30f-98a112bd1bb9
6944e8cf-26ac-11f1-0a80-1bc7002fc2b2,02296,"Лонгслив Gucci (2XL, Черный)",Лонгсливы/Gucci,1300.0,0.0,True,,https://miniature-prod.moysklad.ru/miniature/87fab22b-93c2-11f0-0a80-04c3000069c0/documentminiature/345e5d08-d35f-41c0-90ab-5ae082d80ef1
41509728-26ac-11f1-0a80-145200300c42,02292,"Лонгслив Gucci (L, Черный)",Лонгсливы/Gucci,1300.0,0.0,True,,https://miniature-prod.moysklad.ru/miniature/87fab22b-93c2-11f0-0a80-04c3000069c0/documentminiature/dc3eef22-a715-4f9f-a30f-98a112bd1bb9
6949c4f6-26ac-11f1-0a80-1bc7002fc2bb,02297,"Лонгслив Gucci (L, Черный)",Лонгсливы/Gucci,1300.0,0.0,True,,https://miniature-prod.moysklad.ru/miniature/87fab22b-93c2-11f0-0a80-04c3000069c0/documentminiature/345e5d08-d35f-41c0-90ab-5ae082d80ef1
41549b58-26ac-11f1-0a80-145200300c4b,02293,"Лонгслив Gucci (M, Черный)",Лонгсливы/Gucci,1300.0,0.0,True,,https://miniature-prod.moysklad.ru/miniature/87fab22b-93c2-11f0-0a80-04c3000069c0/documentminiature/dc3eef22-a715-4f9f-a30f-98a112bd1bb9
694e2de9-26ac-11f1-0a80-1bc7002fc2c4,02298,"Лонгслив Gucci (M, Черный)",Лонгсливы/Gucci,1300.0,0.0,True,,https://miniature-prod.moysklad.ru/miniature/87fab22b-93c2-11f0-0a80-04c3000069c0/documentminiature/345e5d08-d35f-41c0-90ab-5ae082d80ef1
41589c9d-26ac-11f1-0a80-145200300c56,02294,"Лонгслив Gucci (S, Черный)",Лонгсливы/Gucci,1300.0,0.0,True,,https://miniature-prod.moysklad.ru/miniature/87fab22b-93c2-11f0-0a80-04c3000069c0/documentminiature/dc3eef22-a715-4f9f-a30f-98a112bd1bb9
69527f8b-26ac-11f1-0a80-1bc7002fc2cd,02299,"Лонгслив Gucci (S, Черный)",Лонгсливы/Gucci,1300.0,0.0,True,,https://miniature-prod.moysklad.ru/miniature/87fab22b-93c2-11f0-0a80-04c3000069c0/documentminiature/345e5d08-d35f-41c0-90ab-5ae082d80ef1
415ce15c-26ac-11f1-0a80-145200300c5f,02295,"Лонгслив Gucci (XL, Черный)",Лонгсливы/Gucci,1300.0,0.0,True,,https://miniature-prod.moysklad.ru/miniature/87fab22b-93c2-11f0-0a80-04c3000069c0/documentminiature/dc3eef22-a715-4f9f-a30f-98a112bd1bb9
6956051e-26ac-11f1-0a80-1bc7002fc2d6,02300,"Лонгслив Gucci (XL, Черный)",Лонгсливы/Gucci,1300.0,0.0,True,,https://miniature-prod.moysklad.ru/miniature/87fab22b-93c2-11f0-0a80-04c3000069c0/documentminiature/345e5d08-d35f-41c0-90ab-5ae082d80ef1
a230f9fb-3a5f-11f1-0a80-0edf000fc3fa,00299,Лонгслив Hysteric Glamour,Лонгсливы/Hysteric Glamour,1300.0,0.0,True,,https://miniature-prod.moysklad.ru/miniature/87fab22b-93c2-11f0-0a80-04c3000069c0/documentminiature/0044983a-977d-41e5-b197-92f45543dfc0
a941a0e0-3a5f-11f1-0a80-17d1000fa359,02366,"Лонгслив Hysteric Glamour (2XL, Белый)",Лонгсливы/Hysteric Glamour,1300.0,0.0,True,,https://miniature-prod.moysklad.ru/miniature/87fab22b-93c2-11f0-0a80-04c3000069c0/documentminiature/0044983a-977d-41e5-b197-92f45543dfc0
a9478ff8-3a5f-11f1-0a80-17d1000fa362,02367,"Лонгслив Hysteric Glamour (L, Белый)",Лонгсливы/Hysteric Glamour,1300.0,0.0,True,,https://miniature-prod.moysklad.ru/miniature/87fab22b-93c2-11f0-0a80-04c3000069c0/documentminiature/0044983a-977d-41e5-b197-92f45543dfc0
a94bd78c-3a5f-11f1-0a80-17d1000fa36b,02368,"Лонгслив Hysteric Glamour (M, Белый)",Лонгсливы/Hysteric Glamour,1300.0,0.0,True,,https://miniature-prod.moysklad.ru/miniature/87fab22b-93c2-11f0-0a80-04c3000069c0/documentminiature/0044983a-977d-41e5-b197-92f45543dfc0
a950717b-3a5f-11f1-0a80-17d1000fa374,02369,"Лонгслив Hysteric Glamour (S, Белый)",Лонгсливы/Hysteric Glamour,1300.0,0.0,True,,https://miniature-prod.moysklad.ru/miniature/87fab22b-93c2-11f0-0a80-04c3000069c0/documentminiature/0044983a-977d-41e5-b197-92f45543dfc0
a9554895-3a5f-11f1-0a80-17d1000fa37d,02370,"Лонгслив Hysteric Glamour (XL, Белый)",Лонгсливы/Hysteric Glamour,1300.0,0.0,True,,https://miniature-prod.moysklad.ru/miniature/87fab22b-93c2-11f0-0a80-04c3000069c0/documentminiature/0044983a-977d-41e5-b197-92f45543dfc0
2248f78a-67f6-11f1-0a80-1ccd003157ca,00658,Лонгслив Kenzo,Лонгсливы/Kenzo,0.0,0.0,True,,https://miniature-prod.moysklad.ru/miniature/87fab22b-93c2-11f0-0a80-04c3000069c0/documentminiature/d219d106-a30e-4801-8c89-7a2b30bccc1e
2da4d2d0-67f6-11f1-0a80-149d003198e7,05490,"Лонгслив Kenzo (Черный, 2XL)",Лонгсливы/Kenzo,0.0,0.0,True,,https://miniature-prod.moysklad.ru/miniature/87fab22b-93c2-11f0-0a80-04c3000069c0/documentminiature/d219d106-a30e-4801-8c89-7a2b30bccc1e
2da84375-67f6-11f1-0a80-149d003198f0,05491,"Лонгслив Kenzo (Черный, L)",Лонгсливы/Kenzo,0.0,0.0,True,,https://miniature-prod.moysklad.ru/miniature/87fab22b-93c2-11f0-0a80-04c3000069c0/documentminiature/d219d106-a30e-4801-8c89-7a2b30bccc1e
2dab15ee-67f6-11f1-0a80-149d003198fa,05492,"Лонгслив Kenzo (Черный, M)",Лонгсливы/Kenzo,0.0,0.0,True,,https://miniature-prod.moysklad.ru/miniature/87fab22b-93c2-11f0-0a80-04c3000069c0/documentminiature/d219d106-a30e-4801-8c89-7a2b30bccc1e
2dae876d-67f6-11f1-0a80-149d00319903,05493,"Лонгслив Kenzo (Черный, S)",Лонгсливы/Kenzo,0.0,0.0,True,,https://miniature-prod.moysklad.ru/miniature/87fab22b-93c2-11f0-0a80-04c3000069c0/documentminiature/d219d106-a30e-4801-8c89-7a2b30bccc1e
2db1a689-67f6-11f1-0a80-149d0031990c,05494,"Лонгслив Kenzo (Черный, XL)",Лонгсливы/Kenzo,0.0,0.0,True,,https://miniature-prod.moysklad.ru/miniature/87fab22b-93c2-11f0-0a80-04c3000069c0/documentminiature/d219d106-a30e-4801-8c89-7a2b30bccc1e
8286e97d-a9d6-11f0-0a80-06850028f3f5,00190,Лонгслив Maison Margiela,Лонгсливы/Maison Margiela,1300.0,0.0,True,,https://miniature-prod.moysklad.ru/miniature/87fab22b-93c2-11f0-0a80-04c3000069c0/documentminiature/c7b2af9b-be43-474c-a132-bd0cc2f5ea40
7793f08c-b998-11f0-0a80-136400331090,00225,Лонгслив Maison Margiela,Лонгсливы/Maison Margiela,1300.0,0.0,True,,https://miniature-prod.moysklad.ru/miniature/87fab22b-93c2-11f0-0a80-04c3000069c0/documentminiature/db1a8ecd-0e18-44ee-888d-83fb414fa134
8488b278-b998-11f0-0a80-149000316979,01967,"Лонгслив Maison Margiela (2XL, Белый)",Лонгсливы/Maison Margiela,1300.0,0.0,True,,https://miniature-prod.moysklad.ru/miniature/87fab22b-93c2-11f0-0a80-04c3000069c0/documentminiature/db1a8ecd-0e18-44ee-888d-83fb414fa134
901d7d93-a9d6-11f0-0a80-06850028f536,01767,"Лонгслив Maison Margiela (2XL, Черный)",Лонгсливы/Maison Margiela,1300.0,0.0,True,,https://miniature-prod.moysklad.ru/miniature/87fab22b-93c2-11f0-0a80-04c3000069c0/documentminiature/c7b2af9b-be43-474c-a132-bd0cc2f5ea40
848b65a7-b998-11f0-0a80-149000316980,01968,"Лонгслив Maison Margiela (L, Белый)",Лонгсливы/Maison Margiela,1300.0,0.0,True,,https://miniature-prod.moysklad.ru/miniature/87fab22b-93c2-11f0-0a80-04c3000069c0/documentminiature/db1a8ecd-0e18-44ee-888d-83fb414fa134
902018f8-a9d6-11f0-0a80-06850028f53d,01768,"Лонгслив Maison Margiela (L, Черный)",Лонгсливы/Maison Margiela,1300.0,0.0,True,,https://miniature-prod.moysklad.ru/miniature/87fab22b-93c2-11f0-0a80-04c3000069c0/documentminiature/c7b2af9b-be43-474c-a132-bd0cc2f5ea40
848dbf1a-b998-11f0-0a80-149000316987,01969,"Лонгслив Maison Margiela (M, Белый)",Лонгсливы/Maison Margiela,1300.0,0.0,True,,https://miniature-prod.moysklad.ru/miniature/87fab22b-93c2-11f0-0a80-04c3000069c0/documentminiature/db1a8ecd-0e18-44ee-888d-83fb414fa134
902352f1-a9d6-11f0-0a80-06850028f544,01769,"Лонгслив Maison Margiela (M, Черный)",Лонгсливы/Maison Margiela,1300.0,0.0,True,,https://miniature-prod.moysklad.ru/miniature/87fab22b-93c2-11f0-0a80-04c3000069c0/documentminiature/c7b2af9b-be43-474c-a132-bd0cc2f5ea40
84902eb7-b998-11f0-0a80-14900031698e,01970,"Лонгслив Maison Margiela (S, Белый)",Лонгсливы/Maison Margiela,1300.0,0.0,True,,https://miniature-prod.moysklad.ru/miniature/87fab22b-93c2-11f0-0a80-04c3000069c0/documentminiature/db1a8ecd-0e18-44ee-888d-83fb414fa134
9025e035-a9d6-11f0-0a80-06850028f54b,01770,"Лонгслив Maison Margiela (S, Черный)",Лонгсливы/Maison Margiela,1300.0,0.0,True,,https://miniature-prod.moysklad.ru/miniature/87fab22b-93c2-11f0-0a80-04c3000069c0/documentminiature/c7b2af9b-be43-474c-a132-bd0cc2f5ea40
84933603-b998-11f0-0a80-149000316995,01971,"Лонгслив Maison Margiela (XL, Белый)",Лонгсливы/Maison Margiela,1300.0,0.0,True,,https://miniature-prod.moysklad.ru/miniature/87fab22b-93c2-11f0-0a80-04c3000069c0/documentminiature/db1a8ecd-0e18-44ee-888d-83fb414fa134
90287435-a9d6-11f0-0a80-06850028f552,01771,"Лонгслив Maison Margiela (XL, Черный)",Лонгсливы/Maison Margiela,1300.0,0.0,True,,https://miniature-prod.moysklad.ru/miniature/87fab22b-93c2-11f0-0a80-04c3000069c0/documentminiature/c7b2af9b-be43-474c-a132-bd0cc2f5ea40
0e2c7aba-f7c8-11f0-0a80-1b2e00011c20,00258,Marcelo Burlon Escape,Лонгсливы/Marcelo Burlon,1300.0,0.0,True,,https://miniature-prod.moysklad.ru/miniature/87fab22b-93c2-11f0-0a80-04c3000069c0/documentminiature/e0b212b3-9d28-437b-90e0-977a6faf3bf4
1a7c03e3-f7c8-11f0-0a80-181100013bc5,02155,"Marcelo Burlon Escape (Черный, 2XL)",Лонгсливы/Marcelo Burlon,1300.0,0.0,True,,https://miniature-prod.moysklad.ru/miniature/87fab22b-93c2-11f0-0a80-04c3000069c0/documentminiature/e0b212b3-9d28-437b-90e0-977a6faf3bf4
1a818485-f7c8-11f0-0a80-181100013bcc,02156,"Marcelo Burlon Escape (Черный, L)",Лонгсливы/Marcelo Burlon,1300.0,0.0,True,,https://miniature-prod.moysklad.ru/miniature/87fab22b-93c2-11f0-0a80-04c3000069c0/documentminiature/e0b212b3-9d28-437b-90e0-977a6faf3bf4
1a84a657-f7c8-11f0-0a80-181100013bd3,02157,"Marcelo Burlon Escape (Черный, M)",Лонгсливы/Marcelo Burlon,1300.0,0.0,True,,https://miniature-prod.moysklad.ru/miniature/87fab22b-93c2-11f0-0a80-04c3000069c0/documentminiature/e0b212b3-9d28-437b-90e0-977a6faf3bf4
1a875c36-f7c8-11f0-0a80-181100013bda,02158,"Marcelo Burlon Escape (Черный, S)",Лонгсливы/Marcelo Burlon,1300.0,0.0,True,,https://miniature-prod.moysklad.ru/miniature/87fab22b-93c2-11f0-0a80-04c3000069c0/documentminiature/e0b212b3-9d28-437b-90e0-977a6faf3bf4
1a89efa9-f7c8-11f0-0a80-181100013be1,02159,"Marcelo Burlon Escape (Черный, XL)",Лонгсливы/Marcelo Burlon,1300.0,0.0,True,,https://miniature-prod.moysklad.ru/miniature/87fab22b-93c2-11f0-0a80-04c3000069c0/documentminiature/e0b212b3-9d28-437b-90e0-977a6faf3bf4
2da507a3-050b-11f1-0a80-04fe00244513,00262,Лонгслив Martine Rose,Лонгсливы/Martine Rose,1300.0,0.0,True,,https://miniature-prod.moysklad.ru/miniature/87fab22b-93c2-11f0-0a80-04c3000069c0/documentminiature/d84cf993-0651-4075-8c06-c614a68f046e
3af3e781-050b-11f1-0a80-15910024455a,02176,"Лонгслив Martine Rose (2XL, Черный)",Лонгсливы/Martine Rose,1300.0,0.0,True,,https://miniature-prod.moysklad.ru/miniature/87fab22b-93c2-11f0-0a80-04c3000069c0/documentminiature/d84cf993-0651-4075-8c06-c614a68f046e
3af817de-050b-11f1-0a80-159100244562,02177,"Лонгслив Martine Rose (L, Черный)",Лонгсливы/Martine Rose,1300.0,0.0,True,,https://miniature-prod.moysklad.ru/miniature/87fab22b-93c2-11f0-0a80-04c3000069c0/documentminiature/d84cf993-0651-4075-8c06-c614a68f046e
3afb9eb1-050b-11f1-0a80-15910024456a,02178,"Лонгслив Martine Rose (M, Черный)",Лонгсливы/Martine Rose,1300.0,0.0,True,,https://miniature-prod.moysklad.ru/miniature/87fab22b-93c2-11f0-0a80-04c3000069c0/documentminiature/d84cf993-0651-4075-8c06-c614a68f046e
3aff624f-050b-11f1-0a80-159100244572,02179,"Лонгслив Martine Rose (S, Черный)",Лонгсливы/Martine Rose,1300.0,0.0,True,,https://miniature-prod.moysklad.ru/miniature/87fab22b-93c2-11f0-0a80-04c3000069c0/documentminiature/d84cf993-0651-4075-8c06-c614a68f046e
3b030f87-050b-11f1-0a80-15910024457a,02180,"Лонгслив Martine Rose (XL, Черный)",Лонгсливы/Martine Rose,1300.0,0.0,True,,https://miniature-prod.moysklad.ru/miniature/87fab22b-93c2-11f0-0a80-04c3000069c0/documentminiature/d84cf993-0651-4075-8c06-c614a68f046e
70fb23c9-b986-11f0-0a80-11630031045b,00218,Лонгслив Mastermind,Лонгсливы/Mastermind,1300.0,0.0,True,,https://miniature-prod.moysklad.ru/miniature/87fab22b-93c2-11f0-0a80-04c3000069c0/documentminiature/1d06ee94-bd12-4d60-87f5-133c331d9717
7a0dae3e-b986-11f0-0a80-07aa0030b08f,01932,"Лонгслив Mastermind (Черный, 2XL)",Лонгсливы/Mastermind,1300.0,0.0,True,,https://miniature-prod.moysklad.ru/miniature/87fab22b-93c2-11f0-0a80-04c3000069c0/documentminiature/1d06ee94-bd12-4d60-87f5-133c331d9717
7a110abd-b986-11f0-0a80-07aa0030b096,01933,"Лонгслив Mastermind (Черный, L)",Лонгсливы/Mastermind,1300.0,0.0,True,,https://miniature-prod.moysklad.ru/miniature/87fab22b-93c2-11f0-0a80-04c3000069c0/documentminiature/1d06ee94-bd12-4d60-87f5-133c331d9717
7a13d5af-b986-11f0-0a80-07aa0030b09d,01934,"Лонгслив Mastermind (Черный, M)",Лонгсливы/Mastermind,1300.0,0.0,True,,https://miniature-prod.moysklad.ru/miniature/87fab22b-93c2-11f0-0a80-04c3000069c0/documentminiature/1d06ee94-bd12-4d60-87f5-133c331d9717
7a17b623-b986-11f0-0a80-07aa0030b0a4,01935,"Лонгслив Mastermind (Черный, S)",Лонгсливы/Mastermind,1300.0,0.0,True,,https://miniature-prod.moysklad.ru/miniature/87fab22b-93c2-11f0-0a80-04c3000069c0/documentminiature/1d06ee94-bd12-4d60-87f5-133c331d9717
7a1ce815-b986-11f0-0a80-07aa0030b0ab,01936,"Лонгслив Mastermind (Черный, XL)",Лонгсливы/Mastermind,1300.0,0.0,True,,https://miniature-prod.moysklad.ru/miniature/87fab22b-93c2-11f0-0a80-04c3000069c0/documentminiature/1d06ee94-bd12-4d60-87f5-133c331d9717
05e06cb3-b999-11f0-0a80-182e0031b2aa,00227,Лонгслив Mastermind Madona,Лонгсливы/Mastermind,1400.0,0.0,True,,https://miniature-prod.moysklad.ru/miniature/87fab22b-93c2-11f0-0a80-04c3000069c0/documentminiature/0ef7e78d-325e-4859-9b88-a8a4efe36a07
1181d7b2-b999-11f0-0a80-16a200315928,01977,"Лонгслив Mastermind Madona (2XL, Белый)",Лонгсливы/Mastermind,1400.0,0.0,True,,https://miniature-prod.moysklad.ru/miniature/87fab22b-93c2-11f0-0a80-04c3000069c0/documentminiature/0ef7e78d-325e-4859-9b88-a8a4efe36a07
11845c30-b999-11f0-0a80-16a20031592f,01978,"Лонгслив Mastermind Madona (L, Белый)",Лонгсливы/Mastermind,1400.0,0.0,True,,https://miniature-prod.moysklad.ru/miniature/87fab22b-93c2-11f0-0a80-04c3000069c0/documentminiature/0ef7e78d-325e-4859-9b88-a8a4efe36a07
1186b4e0-b999-11f0-0a80-16a200315936,01979,"Лонгслив Mastermind Madona (M, Белый)",Лонгсливы/Mastermind,1400.0,0.0,True,,https://miniature-prod.moysklad.ru/miniature/87fab22b-93c2-11f0-0a80-04c3000069c0/documentminiature/0ef7e78d-325e-4859-9b88-a8a4efe36a07
1188c152-b999-11f0-0a80-16a20031593d,01980,"Лонгслив Mastermind Madona (S, Белый)",Лонгсливы/Mastermind,1400.0,0.0,True,,https://miniature-prod.moysklad.ru/miniature/87fab22b-93c2-11f0-0a80-04c3000069c0/documentminiature/0ef7e78d-325e-4859-9b88-a8a4efe36a07
118aee5b-b999-11f0-0a80-16a200315944,01981,"Лонгслив Mastermind Madona (XL, Белый)",Лонгсливы/Mastermind,1400.0,0.0,True,,https://miniature-prod.moysklad.ru/miniature/87fab22b-93c2-11f0-0a80-04c3000069c0/documentminiature/0ef7e78d-325e-4859-9b88-a8a4efe36a07
460a3fa0-4c65-11f1-0a80-144f0032cb2b,00317,Лонгслив Saint Laurent,Лонгсливы/Saint Laurent,1300.0,0.0,True,,https://miniature-prod.moysklad.ru/miniature/87fab22b-93c2-11f0-0a80-04c3000069c0/documentminiature/6308faf1-7800-488b-9770-2d640216de14
2c1b1e74-4c66-11f1-0a80-1ac70033ed6e,02457,"Лонгслив Saint Laurent (2XL, Черный)",Лонгсливы/Saint Laurent,1300.0,0.0,True,,https://miniature-prod.moysklad.ru/miniature/87fab22b-93c2-11f0-0a80-04c3000069c0/documentminiature/6308faf1-7800-488b-9770-2d640216de14
2c1f960f-4c66-11f1-0a80-1ac70033ed77,02458,"Лонгслив Saint Laurent (L, Черный)",Лонгсливы/Saint Laurent,1300.0,0.0,True,,https://miniature-prod.moysklad.ru/miniature/87fab22b-93c2-11f0-0a80-04c3000069c0/documentminiature/6308faf1-7800-488b-9770-2d640216de14
2c230f57-4c66-11f1-0a80-1ac70033ed80,02459,"Лонгслив Saint Laurent (M, Черный)",Лонгсливы/Saint Laurent,1300.0,0.0,True,,https://miniature-prod.moysklad.ru/miniature/87fab22b-93c2-11f0-0a80-04c3000069c0/documentminiature/6308faf1-7800-488b-9770-2d640216de14
2c26a5bd-4c66-11f1-0a80-1ac70033ed89,02460,"Лонгслив Saint Laurent (S, Черный)",Лонгсливы/Saint Laurent,1300.0,0.0,True,,https://miniature-prod.moysklad.ru/miniature/87fab22b-93c2-11f0-0a80-04c3000069c0/documentminiature/6308faf1-7800-488b-9770-2d640216de14
2c29580c-4c66-11f1-0a80-1ac70033ed92,02461,"Лонгслив Saint Laurent (XL, Черный)",Лонгсливы/Saint Laurent,1300.0,0.0,True,,https://miniature-prod.moysklad.ru/miniature/87fab22b-93c2-11f0-0a80-04c3000069c0/documentminiature/6308faf1-7800-488b-9770-2d640216de14
31b56fb1-9655-11f0-0a80-090b001c0f47,00050,Лонгслив  Supreme x Trasher,Лонгсливы/Supreme,1400.0,0.0,True,,https://miniature-prod.moysklad.ru/miniature/87fab22b-93c2-11f0-0a80-04c3000069c0/documentminiature/802e37b1-e962-470b-91c5-64dc1d4e3c51
3951fdf8-9655-11f0-0a80-0159001d32ce,00471,"Лонгслив  Supreme x Trasher (Белый, 2XL)",Лонгсливы/Supreme,1400.0,0.0,True,,https://miniature-prod.moysklad.ru/miniature/87fab22b-93c2-11f0-0a80-04c3000069c0/documentminiature/802e37b1-e962-470b-91c5-64dc1d4e3c51
3954bd68-9655-11f0-0a80-0159001d32d5,00472,"Лонгслив  Supreme x Trasher (Белый, L)",Лонгсливы/Supreme,1400.0,0.0,True,,https://miniature-prod.moysklad.ru/miniature/87fab22b-93c2-11f0-0a80-04c3000069c0/documentminiature/802e37b1-e962-470b-91c5-64dc1d4e3c51
39571107-9655-11f0-0a80-0159001d32dc,00473,"Лонгслив  Supreme x Trasher (Белый, M)",Лонгсливы/Supreme,1400.0,0.0,True,,https://miniature-prod.moysklad.ru/miniature/87fab22b-93c2-11f0-0a80-04c3000069c0/documentminiature/802e37b1-e962-470b-91c5-64dc1d4e3c51
39596dbe-9655-11f0-0a80-0159001d32e3,00474,"Лонгслив  Supreme x Trasher (Белый, S)",Лонгсливы/Supreme,1400.0,0.0,True,,https://miniature-prod.moysklad.ru/miniature/87fab22b-93c2-11f0-0a80-04c3000069c0/documentminiature/802e37b1-e962-470b-91c5-64dc1d4e3c51
395bdf43-9655-11f0-0a80-0159001d32ea,00475,"Лонгслив  Supreme x Trasher (Белый, XL)",Лонгсливы/Supreme,1400.0,0.0,True,,https://miniature-prod.moysklad.ru/miniature/87fab22b-93c2-11f0-0a80-04c3000069c0/documentminiature/802e37b1-e962-470b-91c5-64dc1d4e3c51
b07f2677-b998-11f0-0a80-182e0031ab6c,00226,Лонгслив Supreme USA,Лонгсливы/Supreme,1400.0,0.0,True,,https://miniature-prod.moysklad.ru/miniature/87fab22b-93c2-11f0-0a80-04c3000069c0/documentminiature/f64a941e-07fb-41b8-99a0-ef6c85e00917
be3ed43e-b998-11f0-0a80-0d5000329855,01972,"Лонгслив Supreme USA (2XL, Белый)",Лонгсливы/Supreme,1400.0,0.0,True,,https://miniature-prod.moysklad.ru/miniature/87fab22b-93c2-11f0-0a80-04c3000069c0/documentminiature/f64a941e-07fb-41b8-99a0-ef6c85e00917
be41685d-b998-11f0-0a80-0d500032985c,01973,"Лонгслив Supreme USA (L, Белый)",Лонгсливы/Supreme,1400.0,0.0,True,,https://miniature-prod.moysklad.ru/miniature/87fab22b-93c2-11f0-0a80-04c3000069c0/documentminiature/f64a941e-07fb-41b8-99a0-ef6c85e00917
be4376bf-b998-11f0-0a80-0d5000329863,01974,"Лонгслив Supreme USA (M, Белый)",Лонгсливы/Supreme,1400.0,-1.0,True,,https://miniature-prod.moysklad.ru/miniature/87fab22b-93c2-11f0-0a80-04c3000069c0/documentminiature/f64a941e-07fb-41b8-99a0-ef6c85e00917
be454687-b998-11f0-0a80-0d500032986a,01975,"Лонгслив Supreme USA (S, Белый)",Лонгсливы/Supreme,1400.0,0.0,True,,https://miniature-prod.moysklad.ru/miniature/87fab22b-93c2-11f0-0a80-04c3000069c0/documentminiature/f64a941e-07fb-41b8-99a0-ef6c85e00917
be47834b-b998-11f0-0a80-0d5000329871,01976,"Лонгслив Supreme USA (XL, Белый)",Лонгсливы/Supreme,1400.0,0.0,True,,https://miniature-prod.moysklad.ru/miniature/87fab22b-93c2-11f0-0a80-04c3000069c0/documentminiature/f64a941e-07fb-41b8-99a0-ef6c85e00917
4b20329a-af34-11f0-0a80-0909000c8768,00204,Лонгслив Valentino,Лонгсливы/Valentino,1300.0,0.0,True,,https://miniature-prod.moysklad.ru/miniature/87fab22b-93c2-11f0-0a80-04c3000069c0/documentminiature/3ca28e5d-2a71-42c0-b8dc-f45311095061
6f73ae67-af34-11f0-0a80-10db000cc82c,00205,Лонгслив Valentino,Лонгсливы/Valentino,1300.0,0.0,True,,https://miniature-prod.moysklad.ru/miniature/87fab22b-93c2-11f0-0a80-04c3000069c0/documentminiature/c70a5a32-ef03-44f1-bfb2-076922c84bd3
785e3c07-af34-11f0-0a80-075b000c6865,01875,"Лонгслив Valentino (2XL, Белый)",Лонгсливы/Valentino,1300.0,0.0,True,,https://miniature-prod.moysklad.ru/miniature/87fab22b-93c2-11f0-0a80-04c3000069c0/documentminiature/c70a5a32-ef03-44f1-bfb2-076922c84bd3
567952ab-af34-11f0-0a80-0909000c8953,01870,"Лонгслив Valentino (2XL, Черный)",Лонгсливы/Valentino,1300.0,0.0,True,,https://miniature-prod.moysklad.ru/miniature/87fab22b-93c2-11f0-0a80-04c3000069c0/documentminiature/3ca28e5d-2a71-42c0-b8dc-f45311095061
78618042-af34-11f0-0a80-075b000c6882,01876,"Лонгслив Valentino (L, Белый)",Лонгсливы/Valentino,1300.0,0.0,True,,https://miniature-prod.moysklad.ru/miniature/87fab22b-93c2-11f0-0a80-04c3000069c0/documentminiature/c70a5a32-ef03-44f1-bfb2-076922c84bd3
567c89f3-af34-11f0-0a80-0909000c895a,01871,"Лонгслив Valentino (L, Черный)",Лонгсливы/Valentino,1300.0,0.0,True,,https://miniature-prod.moysklad.ru/miniature/87fab22b-93c2-11f0-0a80-04c3000069c0/documentminiature/3ca28e5d-2a71-42c0-b8dc-f45311095061
7864bec2-af34-11f0-0a80-075b000c6893,01877,"Лонгслив Valentino (M, Белый)",Лонгсливы/Valentino,1300.0,0.0,True,,https://miniature-prod.moysklad.ru/miniature/87fab22b-93c2-11f0-0a80-04c3000069c0/documentminiature/c70a5a32-ef03-44f1-bfb2-076922c84bd3
567f757d-af34-11f0-0a80-0909000c8961,01872,"Лонгслив Valentino (M, Черный)",Лонгсливы/Valentino,1300.0,0.0,True,,https://miniature-prod.moysklad.ru/miniature/87fab22b-93c2-11f0-0a80-04c3000069c0/documentminiature/3ca28e5d-2a71-42c0-b8dc-f45311095061
786898d4-af34-11f0-0a80-075b000c689a,01878,"Лонгслив Valentino (S, Белый)",Лонгсливы/Valentino,1300.0,0.0,True,,https://miniature-prod.moysklad.ru/miniature/87fab22b-93c2-11f0-0a80-04c3000069c0/documentminiature/c70a5a32-ef03-44f1-bfb2-076922c84bd3
5682b0a5-af34-11f0-0a80-0909000c8968,01873,"Лонгслив Valentino (S, Черный)",Лонгсливы/Valentino,1300.0,0.0,True,,https://miniature-prod.moysklad.ru/miniature/87fab22b-93c2-11f0-0a80-04c3000069c0/documentminiature/3ca28e5d-2a71-42c0-b8dc-f45311095061
786c272d-af34-11f0-0a80-075b000c68a1,01879,"Лонгслив Valentino (XL, Белый)",Лонгсливы/Valentino,1300.0,1.0,True,,https://miniature-prod.moysklad.ru/miniature/87fab22b-93c2-11f0-0a80-04c3000069c0/documentminiature/c70a5a32-ef03-44f1-bfb2-076922c84bd3
5685d6f2-af34-11f0-0a80-0909000c896f,01874,"Лонгслив Valentino (XL, Черный)",Лонгсливы/Valentino,1300.0,0.0,True,,https://miniature-prod.moysklad.ru/miniature/87fab22b-93c2-11f0-0a80-04c3000069c0/documentminiature/3ca28e5d-2a71-42c0-b8dc-f45311095061
d4128bb0-af34-11f0-0a80-075b000c85ac,00206,Лонгслив Valentino VLTN,Лонгсливы/Valentino,1300.0,0.0,True,,https://miniature-prod.moysklad.ru/miniature/87fab22b-93c2-11f0-0a80-04c3000069c0/documentminiature/fe12b329-a232-4862-8474-5580dc8ac7f3
da985994-af34-11f0-0a80-1109000c4eba,01880,"Лонгслив Valentino VLTN (2XL, Черный)",Лонгсливы/Valentino,1300.0,0.0,True,,https://miniature-prod.moysklad.ru/miniature/87fab22b-93c2-11f0-0a80-04c3000069c0/documentminiature/fe12b329-a232-4862-8474-5580dc8ac7f3
da9ab92e-af34-11f0-0a80-1109000c4ec1,01881,"Лонгслив Valentino VLTN (L, Черный)",Лонгсливы/Valentino,1300.0,0.0,True,,https://miniature-prod.moysklad.ru/miniature/87fab22b-93c2-11f0-0a80-04c3000069c0/documentminiature/fe12b329-a232-4862-8474-5580dc8ac7f3
da9ce8f0-af34-11f0-0a80-1109000c4ec8,01882,"Лонгслив Valentino VLTN (M, Черный)",Лонгсливы/Valentino,1300.0,1.0,True,,https://miniature-prod.moysklad.ru/miniature/87fab22b-93c2-11f0-0a80-04c3000069c0/documentminiature/fe12b329-a232-4862-8474-5580dc8ac7f3
da9efadc-af34-11f0-0a80-1109000c4ecf,01883,"Лонгслив Valentino VLTN (S, Черный)",Лонгсливы/Valentino,1300.0,1.0,True,,https://miniature-prod.moysklad.ru/miniature/87fab22b-93c2-11f0-0a80-04c3000069c0/documentminiature/fe12b329-a232-4862-8474-5580dc8ac7f3
daa14811-af34-11f0-0a80-1109000c4ed7,01884,"Лонгслив Valentino VLTN (XL, Черный)",Лонгсливы/Valentino,1300.0,0.0,True,,https://miniature-prod.moysklad.ru/miniature/87fab22b-93c2-11f0-0a80-04c3000069c0/documentminiature/fe12b329-a232-4862-8474-5580dc8ac7f3
f4e8a433-050a-11f1-0a80-1af600247d4b,00261,Лонгслив Vetements nun,Лонгсливы/Vetements,1300.0,0.0,True,,https://miniature-prod.moysklad.ru/miniature/87fab22b-93c2-11f0-0a80-04c3000069c0/documentminiature/126d3e58-a25a-4d44-b1be-786c2fbdf0e2
fd39f188-050a-11f1-0a80-019e00240e22,02171,"Лонгслив Vetements nun (2XL, Черный)",Лонгсливы/Vetements,1300.0,0.0,True,,https://miniature-prod.moysklad.ru/miniature/87fab22b-93c2-11f0-0a80-04c3000069c0/documentminiature/126d3e58-a25a-4d44-b1be-786c2fbdf0e2
fd3cd95d-050a-11f1-0a80-019e00240e2a,02172,"Лонгслив Vetements nun (L, Черный)",Лонгсливы/Vetements,1300.0,0.0,True,,https://miniature-prod.moysklad.ru/miniature/87fab22b-93c2-11f0-0a80-04c3000069c0/documentminiature/126d3e58-a25a-4d44-b1be-786c2fbdf0e2
fd400bff-050a-11f1-0a80-019e00240e32,02173,"Лонгслив Vetements nun (M, Черный)",Лонгсливы/Vetements,1300.0,0.0,True,,https://miniature-prod.moysklad.ru/miniature/87fab22b-93c2-11f0-0a80-04c3000069c0/documentminiature/126d3e58-a25a-4d44-b1be-786c2fbdf0e2
fd42a43a-050a-11f1-0a80-019e00240e3a,02174,"Лонгслив Vetements nun (S, Черный)",Лонгсливы/Vetements,1300.0,0.0,True,,https://miniature-prod.moysklad.ru/miniature/87fab22b-93c2-11f0-0a80-04c3000069c0/documentminiature/126d3e58-a25a-4d44-b1be-786c2fbdf0e2
fd453a16-050a-11f1-0a80-019e00240e42,02175,"Лонгслив Vetements nun (XL, Черный)",Лонгсливы/Vetements,1300.0,0.0,True,,https://miniature-prod.moysklad.ru/miniature/87fab22b-93c2-11f0-0a80-04c3000069c0/documentminiature/126d3e58-a25a-4d44-b1be-786c2fbdf0e2
b241d03a-a9d6-11f0-0a80-0fdb002877f5,00191,Лонгслив Y-3,Лонгсливы/Y-3,1300.0,0.0,True,,https://miniature-prod.moysklad.ru/miniature/87fab22b-93c2-11f0-0a80-04c3000069c0/documentminiature/16ab8658-3438-4448-8547-f529f95e8f82
c115dca9-a9d6-11f0-0a80-0990002830cb,01772,"Лонгслив Y-3 (2XL, Черный)",Лонгсливы/Y-3,1300.0,0.0,True,,https://miniature-prod.moysklad.ru/miniature/87fab22b-93c2-11f0-0a80-04c3000069c0/documentminiature/16ab8658-3438-4448-8547-f529f95e8f82
c11863f4-a9d6-11f0-0a80-0990002830d2,01773,"Лонгслив Y-3 (L, Черный)",Лонгсливы/Y-3,1300.0,0.0,True,,https://miniature-prod.moysklad.ru/miniature/87fab22b-93c2-11f0-0a80-04c3000069c0/documentminiature/16ab8658-3438-4448-8547-f529f95e8f82
c11a9328-a9d6-11f0-0a80-0990002830da,01774,"Лонгслив Y-3 (M, Черный)",Лонгсливы/Y-3,1300.0,0.0,True,,https://miniature-prod.moysklad.ru/miniature/87fab22b-93c2-11f0-0a80-04c3000069c0/documentminiature/16ab8658-3438-4448-8547-f529f95e8f82
c11cd4a8-a9d6-11f0-0a80-0990002830e1,01775,"Лонгслив Y-3 (S, Черный)",Лонгсливы/Y-3,1300.0,0.0,True,,https://miniature-prod.moysklad.ru/miniature/87fab22b-93c2-11f0-0a80-04c3000069c0/documentminiature/16ab8658-3438-4448-8547-f529f95e8f82
c11f4296-a9d6-11f0-0a80-0990002830ea,01776,"Лонгслив Y-3 (XL, Черный)",Лонгсливы/Y-3,1300.0,0.0,True,,https://miniature-prod.moysklad.ru/miniature/87fab22b-93c2-11f0-0a80-04c3000069c0/documentminiature/16ab8658-3438-4448-8547-f529f95e8f82
98d0077e-9653-11f0-0a80-0f42001d476d,00041,Лонгслив Y-3 Saint-Martin,Лонгсливы/Y-3,1300.0,0.0,True,,https://miniature-prod.moysklad.ru/miniature/87fab22b-93c2-11f0-0a80-04c3000069c0/documentminiature/2f6af280-1be0-416c-a866-0a2fa9cfb573
a6b1fcf6-9653-11f0-0a80-0df4001d42e7,00398,"Лонгслив Y-3 Saint-Martin (Белый, 2XL)",Лонгсливы/Y-3,1300.0,0.0,True,,https://miniature-prod.moysklad.ru/miniature/87fab22b-93c2-11f0-0a80-04c3000069c0/documentminiature/2f6af280-1be0-416c-a866-0a2fa9cfb573
a6b4fcc1-9653-11f0-0a80-0df4001d42ee,00399,"Лонгслив Y-3 Saint-Martin (Белый, L)",Лонгсливы/Y-3,1300.0,0.0,True,,https://miniature-prod.moysklad.ru/miniature/87fab22b-93c2-11f0-0a80-04c3000069c0/documentminiature/2f6af280-1be0-416c-a866-0a2fa9cfb573
a6b7c8aa-9653-11f0-0a80-0df4001d42f5,00400,"Лонгслив Y-3 Saint-Martin (Белый, M)",Лонгсливы/Y-3,1300.0,0.0,True,,https://miniature-prod.moysklad.ru/miniature/87fab22b-93c2-11f0-0a80-04c3000069c0/documentminiature/2f6af280-1be0-416c-a866-0a2fa9cfb573
a6ba557a-9653-11f0-0a80-0df4001d42fc,00401,"Лонгслив Y-3 Saint-Martin (Белый, S)",Лонгсливы/Y-3,1300.0,0.0,True,,https://miniature-prod.moysklad.ru/miniature/87fab22b-93c2-11f0-0a80-04c3000069c0/documentminiature/2f6af280-1be0-416c-a866-0a2fa9cfb573
a6bd8c60-9653-11f0-0a80-0df4001d4303,00402,"Лонгслив Y-3 Saint-Martin (Белый, XL)",Лонгсливы/Y-3,1300.0,0.0,True,,https://miniature-prod.moysklad.ru/miniature/87fab22b-93c2-11f0-0a80-04c3000069c0/documentminiature/2f6af280-1be0-416c-a866-0a2fa9cfb573
a6c05b9a-9653-11f0-0a80-0df4001d430a,00403,"Лонгслив Y-3 Saint-Martin (Черный, 2XL)",Лонгсливы/Y-3,1300.0,0.0,True,,https://miniature-prod.moysklad.ru/miniature/87fab22b-93c2-11f0-0a80-04c3000069c0/documentminiature/2f6af280-1be0-416c-a866-0a2fa9cfb573
a6c30245-9653-11f0-0a80-0df4001d4311,00404,"Лонгслив Y-3 Saint-Martin (Черный, L)",Лонгсливы/Y-3,1300.0,0.0,True,,https://miniature-prod.moysklad.ru/miniature/87fab22b-93c2-11f0-0a80-04c3000069c0/documentminiature/2f6af280-1be0-416c-a866-0a2fa9cfb573
a6c5a2fb-9653-11f0-0a80-0df4001d4318,00405,"Лонгслив Y-3 Saint-Martin (Черный, M)",Лонгсливы/Y-3,1300.0,0.0,True,,https://miniature-prod.moysklad.ru/miniature/87fab22b-93c2-11f0-0a80-04c3000069c0/documentminiature/2f6af280-1be0-416c-a866-0a2fa9cfb573
a6c88d0b-9653-11f0-0a80-0df4001d431f,00406,"Лонгслив Y-3 Saint-Martin (Черный, S)",Лонгсливы/Y-3,1300.0,0.0,True,,https://miniature-prod.moysklad.ru/miniature/87fab22b-93c2-11f0-0a80-04c3000069c0/documentminiature/2f6af280-1be0-416c-a866-0a2fa9cfb573
a6cb4c97-9653-11f0-0a80-0df4001d4326,00407,"Лонгслив Y-3 Saint-Martin (Черный, XL)",Лонгсливы/Y-3,1300.0,0.0,True,,https://miniature-prod.moysklad.ru/miniature/87fab22b-93c2-11f0-0a80-04c3000069c0/documentminiature/2f6af280-1be0-416c-a866-0a2fa9cfb573
d4b3a03b-9653-11f0-0a80-0efd001d80a8,00043,Лонгслив Y-3 classic,Лонгсливы/Y-3,1300.0,0.0,True,,https://miniature-prod.moysklad.ru/miniature/87fab22b-93c2-11f0-0a80-04c3000069c0/documentminiature/43c1622e-8236-4c9f-915b-5de4a9478d8b
de593162-9653-11f0-0a80-0df4001d4436,00415,"Лонгслив Y-3 classic (Белый, 2XL)",Лонгсливы/Y-3,1300.0,0.0,True,,https://miniature-prod.moysklad.ru/miniature/87fab22b-93c2-11f0-0a80-04c3000069c0/documentminiature/43c1622e-8236-4c9f-915b-5de4a9478d8b
de5bcb4b-9653-11f0-0a80-0df4001d443d,00416,"Лонгслив Y-3 classic (Белый, L)",Лонгсливы/Y-3,1300.0,0.0,True,,https://miniature-prod.moysklad.ru/miniature/87fab22b-93c2-11f0-0a80-04c3000069c0/documentminiature/43c1622e-8236-4c9f-915b-5de4a9478d8b
de5e512a-9653-11f0-0a80-0df4001d4444,00417,"Лонгслив Y-3 classic (Белый, M)",Лонгсливы/Y-3,1300.0,0.0,True,,https://miniature-prod.moysklad.ru/miniature/87fab22b-93c2-11f0-0a80-04c3000069c0/documentminiature/43c1622e-8236-4c9f-915b-5de4a9478d8b
de60cfe3-9653-11f0-0a80-0df4001d444b,00418,"Лонгслив Y-3 classic (Белый, S)",Лонгсливы/Y-3,1300.0,0.0,True,,https://miniature-prod.moysklad.ru/miniature/87fab22b-93c2-11f0-0a80-04c3000069c0/documentminiature/43c1622e-8236-4c9f-915b-5de4a9478d8b
de63192c-9653-11f0-0a80-0df4001d4452,00419,"Лонгслив Y-3 classic (Белый, XL)",Лонгсливы/Y-3,1300.0,0.0,True,,https://miniature-prod.moysklad.ru/miniature/87fab22b-93c2-11f0-0a80-04c3000069c0/documentminiature/43c1622e-8236-4c9f-915b-5de4a9478d8b
de657136-9653-11f0-0a80-0df4001d4459,00420,"Лонгслив Y-3 classic (Черный, 2XL)",Лонгсливы/Y-3,1300.0,0.0,True,,https://miniature-prod.moysklad.ru/miniature/87fab22b-93c2-11f0-0a80-04c3000069c0/documentminiature/43c1622e-8236-4c9f-915b-5de4a9478d8b
de67d56a-9653-11f0-0a80-0df4001d4460,00421,"Лонгслив Y-3 classic (Черный, L)",Лонгсливы/Y-3,1300.0,0.0,True,,https://miniature-prod.moysklad.ru/miniature/87fab22b-93c2-11f0-0a80-04c3000069c0/documentminiature/43c1622e-8236-4c9f-915b-5de4a9478d8b
de6a5fbf-9653-11f0-0a80-0df4001d4467,00422,"Лонгслив Y-3 classic (Черный, M)",Лонгсливы/Y-3,1300.0,0.0,True,,https://miniature-prod.moysklad.ru/miniature/87fab22b-93c2-11f0-0a80-04c3000069c0/documentminiature/43c1622e-8236-4c9f-915b-5de4a9478d8b
de6cbb85-9653-11f0-0a80-0df4001d446e,00423,"Лонгслив Y-3 classic (Черный, S)",Лонгсливы/Y-3,1300.0,0.0,True,,https://miniature-prod.moysklad.ru/miniature/87fab22b-93c2-11f0-0a80-04c3000069c0/documentminiature/43c1622e-8236-4c9f-915b-5de4a9478d8b
de6f199e-9653-11f0-0a80-0df4001d4475,00424,"Лонгслив Y-3 classic (Черный, XL)",Лонгсливы/Y-3,1300.0,0.0,True,,https://miniature-prod.moysklad.ru/miniature/87fab22b-93c2-11f0-0a80-04c3000069c0/documentminiature/43c1622e-8236-4c9f-915b-5de4a9478d8b
ed06d59f-b997-11f0-0a80-1b9200311b60,00222,Лонгслив Y-3 медуза,Лонгсливы/Y-3,1400.0,0.0,True,,https://miniature-prod.moysklad.ru/miniature/87fab22b-93c2-11f0-0a80-04c3000069c0/documentminiature/5a1d50ee-85cd-47ca-a45f-69e56af12453
f7b9f126-b997-11f0-0a80-15b80032bbf3,01952,"Лонгслив Y-3 медуза (2XL, Черный)",Лонгсливы/Y-3,1400.0,0.0,True,,https://miniature-prod.moysklad.ru/miniature/87fab22b-93c2-11f0-0a80-04c3000069c0/documentminiature/5a1d50ee-85cd-47ca-a45f-69e56af12453
f7bca450-b997-11f0-0a80-15b80032bbfa,01953,"Лонгслив Y-3 медуза (L, Черный)",Лонгсливы/Y-3,1400.0,0.0,True,,https://miniature-prod.moysklad.ru/miniature/87fab22b-93c2-11f0-0a80-04c3000069c0/documentminiature/5a1d50ee-85cd-47ca-a45f-69e56af12453
f7bef16e-b997-11f0-0a80-15b80032bc01,01954,"Лонгслив Y-3 медуза (M, Черный)",Лонгсливы/Y-3,1400.0,0.0,True,,https://miniature-prod.moysklad.ru/miniature/87fab22b-93c2-11f0-0a80-04c3000069c0/documentminiature/5a1d50ee-85cd-47ca-a45f-69e56af12453
f7c13f2c-b997-11f0-0a80-15b80032bc08,01955,"Лонгслив Y-3 медуза (S, Черный)",Лонгсливы/Y-3,1400.0,0.0,True,,https://miniature-prod.moysklad.ru/miniature/87fab22b-93c2-11f0-0a80-04c3000069c0/documentminiature/5a1d50ee-85cd-47ca-a45f-69e56af12453
f7c389dd-b997-11f0-0a80-15b80032bc0f,01956,"Лонгслив Y-3 медуза (XL, Черный)",Лонгсливы/Y-3,1400.0,0.0,True,,https://miniature-prod.moysklad.ru/miniature/87fab22b-93c2-11f0-0a80-04c3000069c0/documentminiature/5a1d50ee-85cd-47ca-a45f-69e56af12453
052470d6-cb9e-11f0-0a80-0d2f00123155,00244,Лонгслив Yohji Yamamoto,Лонгсливы/Y-3,1400.0,0.0,True,,https://miniature-prod.moysklad.ru/miniature/87fab22b-93c2-11f0-0a80-04c3000069c0/documentminiature/2333a315-800d-4e4c-88c1-251c2289fada
0d7f0156-cb9e-11f0-0a80-1a0e0011b19e,02069,"Лонгслив Yohji Yamamoto (2XL, Черный)",Лонгсливы/Y-3,1400.0,0.0,True,,https://miniature-prod.moysklad.ru/miniature/87fab22b-93c2-11f0-0a80-04c3000069c0/documentminiature/2333a315-800d-4e4c-88c1-251c2289fada
0d82d421-cb9e-11f0-0a80-1a0e0011b1a6,02070,"Лонгслив Yohji Yamamoto (L, Черный)",Лонгсливы/Y-3,1400.0,0.0,True,,https://miniature-prod.moysklad.ru/miniature/87fab22b-93c2-11f0-0a80-04c3000069c0/documentminiature/2333a315-800d-4e4c-88c1-251c2289fada
0d87ef32-cb9e-11f0-0a80-1a0e0011b1ad,02071,"Лонгслив Yohji Yamamoto (M, Черный)",Лонгсливы/Y-3,1400.0,0.0,True,,https://miniature-prod.moysklad.ru/miniature/87fab22b-93c2-11f0-0a80-04c3000069c0/documentminiature/2333a315-800d-4e4c-88c1-251c2289fada
0d8b0169-cb9e-11f0-0a80-1a0e0011b1b4,02072,"Лонгслив Yohji Yamamoto (S, Черный)",Лонгсливы/Y-3,1400.0,0.0,True,,https://miniature-prod.moysklad.ru/miniature/87fab22b-93c2-11f0-0a80-04c3000069c0/documentminiature/2333a315-800d-4e4c-88c1-251c2289fada
0d8e6909-cb9e-11f0-0a80-1a0e0011b1bb,02073,"Лонгслив Yohji Yamamoto (XL, Черный)",Лонгсливы/Y-3,1400.0,0.0,True,,https://miniature-prod.moysklad.ru/miniature/87fab22b-93c2-11f0-0a80-04c3000069c0/documentminiature/2333a315-800d-4e4c-88c1-251c2289fada
2fcf0dd6-5ac0-11f1-0a80-1cae000021b6,00583,Майка BAPE Adidas,Майки/BAPE,1000.0,0.0,True,,https://miniature-prod.moysklad.ru/miniature/87fab22b-93c2-11f0-0a80-04c3000069c0/documentminiature/a9291e4d-ec7c-4b63-a26c-3d1d9ca221c8
46735358-5ac0-11f1-0a80-058b0000268b,04687,"Майка BAPE Adidas (Черный, 2XL)",Майки/BAPE,1000.0,0.0,True,,https://miniature-prod.moysklad.ru/miniature/87fab22b-93c2-11f0-0a80-04c3000069c0/documentminiature/a9291e4d-ec7c-4b63-a26c-3d1d9ca221c8
4676fdf3-5ac0-11f1-0a80-058b00002694,04688,"Майка BAPE Adidas (Черный, L)",Майки/BAPE,1000.0,0.0,True,,https://miniature-prod.moysklad.ru/miniature/87fab22b-93c2-11f0-0a80-04c3000069c0/documentminiature/a9291e4d-ec7c-4b63-a26c-3d1d9ca221c8
4679e734-5ac0-11f1-0a80-058b0000269d,04689,"Майка BAPE Adidas (Черный, M)",Майки/BAPE,1000.0,0.0,True,,https://miniature-prod.moysklad.ru/miniature/87fab22b-93c2-11f0-0a80-04c3000069c0/documentminiature/a9291e4d-ec7c-4b63-a26c-3d1d9ca221c8
467cdbca-5ac0-11f1-0a80-058b000026a6,04690,"Майка BAPE Adidas (Черный, S)",Майки/BAPE,1000.0,0.0,True,,https://miniature-prod.moysklad.ru/miniature/87fab22b-93c2-11f0-0a80-04c3000069c0/documentminiature/a9291e4d-ec7c-4b63-a26c-3d1d9ca221c8
467f8861-5ac0-11f1-0a80-058b000026af,04691,"Майка BAPE Adidas (Черный, XL)",Майки/BAPE,1000.0,0.0,True,,https://miniature-prod.moysklad.ru/miniature/87fab22b-93c2-11f0-0a80-04c3000069c0/documentminiature/a9291e4d-ec7c-4b63-a26c-3d1d9ca221c8
ef85f87c-5abf-11f1-0a80-0e18000021e0,00582,Майка BAPE Baby Milo,Майки/BAPE,1000.0,0.0,True,,https://miniature-prod.moysklad.ru/miniature/87fab22b-93c2-11f0-0a80-04c3000069c0/documentminiature/e1c22e1f-b0a8-4e60-bb68-4e22cacf379f
fa7e3a35-5abf-11f1-0a80-1cae00002094,04682,"Майка BAPE Baby Milo (Белый, 2XL)",Майки/BAPE,1000.0,0.0,True,,https://miniature-prod.moysklad.ru/miniature/87fab22b-93c2-11f0-0a80-04c3000069c0/documentminiature/e1c22e1f-b0a8-4e60-bb68-4e22cacf379f
fa8346d7-5abf-11f1-0a80-1cae0000209d,04683,"Майка BAPE Baby Milo (Белый, L)",Майки/BAPE,1000.0,0.0,True,,https://miniature-prod.moysklad.ru/miniature/87fab22b-93c2-11f0-0a80-04c3000069c0/documentminiature/e1c22e1f-b0a8-4e60-bb68-4e22cacf379f
fa87191d-5abf-11f1-0a80-1cae000020a6,04684,"Майка BAPE Baby Milo (Белый, M)",Майки/BAPE,1000.0,0.0,True,,https://miniature-prod.moysklad.ru/miniature/87fab22b-93c2-11f0-0a80-04c3000069c0/documentminiature/e1c22e1f-b0a8-4e60-bb68-4e22cacf379f
fa8abed0-5abf-11f1-0a80-1cae000020af,04685,"Майка BAPE Baby Milo (Белый, S)",Майки/BAPE,1000.0,0.0,True,,https://miniature-prod.moysklad.ru/miniature/87fab22b-93c2-11f0-0a80-04c3000069c0/documentminiature/e1c22e1f-b0a8-4e60-bb68-4e22cacf379f
fa8e9bc7-5abf-11f1-0a80-1cae000020b8,04686,"Майка BAPE Baby Milo (Белый, XL)",Майки/BAPE,1000.0,0.0,True,,https://miniature-prod.moysklad.ru/miniature/87fab22b-93c2-11f0-0a80-04c3000069c0/documentminiature/e1c22e1f-b0a8-4e60-bb68-4e22cacf379f
68b6e9b4-5ac0-11f1-0a80-0e18000024a5,00584,Майка BAPE Baby Milo Garfield,Майки/BAPE,1000.0,0.0,True,,https://miniature-prod.moysklad.ru/miniature/87fab22b-93c2-11f0-0a80-04c3000069c0/documentminiature/c5399453-e527-4030-851a-dcc9aa383ea3
d718918b-5ac0-11f1-0a80-109100002c47,04692,"Майка BAPE Baby Milo Garfield (Черный, 2XL)",Майки/BAPE,1000.0,0.0,True,,https://miniature-prod.moysklad.ru/miniature/87fab22b-93c2-11f0-0a80-04c3000069c0/documentminiature/c5399453-e527-4030-851a-dcc9aa383ea3
d71ceb16-5ac0-11f1-0a80-109100002c50,04693,"Майка BAPE Baby Milo Garfield (Черный, L)",Майки/BAPE,1000.0,0.0,True,,https://miniature-prod.moysklad.ru/miniature/87fab22b-93c2-11f0-0a80-04c3000069c0/documentminiature/c5399453-e527-4030-851a-dcc9aa383ea3
d7208819-5ac0-11f1-0a80-109100002c59,04694,"Майка BAPE Baby Milo Garfield (Черный, M)",Майки/BAPE,1000.0,0.0,True,,https://miniature-prod.moysklad.ru/miniature/87fab22b-93c2-11f0-0a80-04c3000069c0/documentminiature/c5399453-e527-4030-851a-dcc9aa383ea3
d724464e-5ac0-11f1-0a80-109100002c62,04695,"Майка BAPE Baby Milo Garfield (Черный, S)",Майки/BAPE,1000.0,0.0,True,,https://miniature-prod.moysklad.ru/miniature/87fab22b-93c2-11f0-0a80-04c3000069c0/documentminiature/c5399453-e527-4030-851a-dcc9aa383ea3
d7276f2e-5ac0-11f1-0a80-109100002c6b,04696,"Майка BAPE Baby Milo Garfield (Черный, XL)",Майки/BAPE,1000.0,0.0,True,,https://miniature-prod.moysklad.ru/miniature/87fab22b-93c2-11f0-0a80-04c3000069c0/documentminiature/c5399453-e527-4030-851a-dcc9aa383ea3
9fa7636b-5abf-11f1-0a80-16ae0000309b,00581,Майка BAPE Sakura,Майки/BAPE,1000.0,0.0,True,,https://miniature-prod.moysklad.ru/miniature/87fab22b-93c2-11f0-0a80-04c3000069c0/documentminiature/358bd82a-8d26-4b3d-b007-25a465f5c2f2
aa79f5ca-5abf-11f1-0a80-109100002415,04677,"Майка BAPE Sakura (Белый, 2XL)",Майки/BAPE,1000.0,0.0,True,,https://miniature-prod.moysklad.ru/miniature/87fab22b-93c2-11f0-0a80-04c3000069c0/documentminiature/358bd82a-8d26-4b3d-b007-25a465f5c2f2
aa7e681e-5abf-11f1-0a80-10910000241e,04678,"Майка BAPE Sakura (Белый, L)",Майки/BAPE,1000.0,0.0,True,,https://miniature-prod.moysklad.ru/miniature/87fab22b-93c2-11f0-0a80-04c3000069c0/documentminiature/358bd82a-8d26-4b3d-b007-25a465f5c2f2
aa824c4d-5abf-11f1-0a80-109100002427,04679,"Майка BAPE Sakura (Белый, M)",Майки/BAPE,1000.0,0.0,True,,https://miniature-prod.moysklad.ru/miniature/87fab22b-93c2-11f0-0a80-04c3000069c0/documentminiature/358bd82a-8d26-4b3d-b007-25a465f5c2f2
aa85f5b6-5abf-11f1-0a80-109100002430,04680,"Майка BAPE Sakura (Белый, S)",Майки/BAPE,1000.0,0.0,True,,https://miniature-prod.moysklad.ru/miniature/87fab22b-93c2-11f0-0a80-04c3000069c0/documentminiature/358bd82a-8d26-4b3d-b007-25a465f5c2f2
aa8994d4-5abf-11f1-0a80-109100002439,04681,"Майка BAPE Sakura (Белый, XL)",Майки/BAPE,1000.0,0.0,True,,https://miniature-prod.moysklad.ru/miniature/87fab22b-93c2-11f0-0a80-04c3000069c0/documentminiature/358bd82a-8d26-4b3d-b007-25a465f5c2f2
e0ef3795-9652-11f0-0a80-17d5001d8c2b,00037,Футболка поло Ami Paris,Поло/Ami Paris,1300.0,0.0,True,,https://miniature-prod.moysklad.ru/miniature/87fab22b-93c2-11f0-0a80-04c3000069c0/documentminiature/067abcf6-84a9-4ae2-8452-f1343489c16c
ffab84b1-9652-11f0-0a80-090b001c02e4,00372,"Футболка поло Ami Paris (Черный, 2XL)",Поло/Ami Paris,1300.0,0.0,True,,https://miniature-prod.moysklad.ru/miniature/87fab22b-93c2-11f0-0a80-04c3000069c0/documentminiature/067abcf6-84a9-4ae2-8452-f1343489c16c
ffade59e-9652-11f0-0a80-090b001c02eb,00373,"Футболка поло Ami Paris (Черный, L)",Поло/Ami Paris,1300.0,0.0,True,,https://miniature-prod.moysklad.ru/miniature/87fab22b-93c2-11f0-0a80-04c3000069c0/documentminiature/067abcf6-84a9-4ae2-8452-f1343489c16c
ffafdec8-9652-11f0-0a80-090b001c02f2,00374,"Футболка поло Ami Paris (Черный, M)",Поло/Ami Paris,1300.0,0.0,True,,https://miniature-prod.moysklad.ru/miniature/87fab22b-93c2-11f0-0a80-04c3000069c0/documentminiature/067abcf6-84a9-4ae2-8452-f1343489c16c
ffb1d693-9652-11f0-0a80-090b001c02f9,00375,"Футболка поло Ami Paris (Черный, S)",Поло/Ami Paris,1300.0,0.0,True,,https://miniature-prod.moysklad.ru/miniature/87fab22b-93c2-11f0-0a80-04c3000069c0/documentminiature/067abcf6-84a9-4ae2-8452-f1343489c16c
ffb3a143-9652-11f0-0a80-090b001c0300,00376,"Футболка поло Ami Paris (Черный, XL)",Поло/Ami Paris,1300.0,0.0,True,,https://miniature-prod.moysklad.ru/miniature/87fab22b-93c2-11f0-0a80-04c3000069c0/documentminiature/067abcf6-84a9-4ae2-8452-f1343489c16c
ee6eff43-9650-11f0-0a80-0efd001d6ecf,00025,Футболка Поло Bape,Поло/Bape,1300.0,0.0,True,,https://miniature-prod.moysklad.ru/miniature/87fab22b-93c2-11f0-0a80-04c3000069c0/documentminiature/65bb2585-b5c8-45f2-b40b-674795d1060c
2e7e5877-9651-11f0-0a80-0159001d22ca,00243,"Футболка Поло Bape (Белый, 2XL)",Поло/Bape,1300.0,0.0,True,,https://miniature-prod.moysklad.ru/miniature/87fab22b-93c2-11f0-0a80-04c3000069c0/documentminiature/65bb2585-b5c8-45f2-b40b-674795d1060c
2e814643-9651-11f0-0a80-0159001d22d1,00244,"Футболка Поло Bape (Белый, L)",Поло/Bape,1300.0,0.0,True,,https://miniature-prod.moysklad.ru/miniature/87fab22b-93c2-11f0-0a80-04c3000069c0/documentminiature/65bb2585-b5c8-45f2-b40b-674795d1060c
2e85e3b9-9651-11f0-0a80-0159001d22d8,00245,"Футболка Поло Bape (Белый, M)",Поло/Bape,1300.0,0.0,True,,https://miniature-prod.moysklad.ru/miniature/87fab22b-93c2-11f0-0a80-04c3000069c0/documentminiature/65bb2585-b5c8-45f2-b40b-674795d1060c
2e88581d-9651-11f0-0a80-0159001d22e1,00246,"Футболка Поло Bape (Белый, S)",Поло/Bape,1300.0,0.0,True,,https://miniature-prod.moysklad.ru/miniature/87fab22b-93c2-11f0-0a80-04c3000069c0/documentminiature/65bb2585-b5c8-45f2-b40b-674795d1060c
2e8a93d5-9651-11f0-0a80-0159001d22e8,00247,"Футболка Поло Bape (Белый, XL)",Поло/Bape,1300.0,0.0,True,,https://miniature-prod.moysklad.ru/miniature/87fab22b-93c2-11f0-0a80-04c3000069c0/documentminiature/65bb2585-b5c8-45f2-b40b-674795d1060c
2e8cee99-9651-11f0-0a80-0159001d22ef,00248,"Футболка Поло Bape (Черные, 2XL)",Поло/Bape,1300.0,0.0,True,,https://miniature-prod.moysklad.ru/miniature/87fab22b-93c2-11f0-0a80-04c3000069c0/documentminiature/65bb2585-b5c8-45f2-b40b-674795d1060c
2e90098c-9651-11f0-0a80-0159001d22f6,00249,"Футболка Поло Bape (Черные, L)",Поло/Bape,1300.0,0.0,True,,https://miniature-prod.moysklad.ru/miniature/87fab22b-93c2-11f0-0a80-04c3000069c0/documentminiature/65bb2585-b5c8-45f2-b40b-674795d1060c
2e9204c2-9651-11f0-0a80-0159001d22fd,00250,"Футболка Поло Bape (Черные, M)",Поло/Bape,1300.0,0.0,True,,https://miniature-prod.moysklad.ru/miniature/87fab22b-93c2-11f0-0a80-04c3000069c0/documentminiature/65bb2585-b5c8-45f2-b40b-674795d1060c
2e941c55-9651-11f0-0a80-0159001d2304,00251,"Футболка Поло Bape (Черные, S)",Поло/Bape,1300.0,0.0,True,,https://miniature-prod.moysklad.ru/miniature/87fab22b-93c2-11f0-0a80-04c3000069c0/documentminiature/65bb2585-b5c8-45f2-b40b-674795d1060c
2e965c7d-9651-11f0-0a80-0159001d230b,00252,"Футболка Поло Bape (Черные, XL)",Поло/Bape,1300.0,0.0,True,,https://miniature-prod.moysklad.ru/miniature/87fab22b-93c2-11f0-0a80-04c3000069c0/documentminiature/65bb2585-b5c8-45f2-b40b-674795d1060c
615fc7fe-9651-11f0-0a80-0729001dc9b2,00026,Футболка поло Bape baby milo,Поло/Bape,1300.0,0.0,True,,https://miniature-prod.moysklad.ru/miniature/87fab22b-93c2-11f0-0a80-04c3000069c0/documentminiature/0f4595fb-4015-4757-b029-37e3bbc981f3
70853b62-9651-11f0-0a80-0efd001d70df,00254,"Футболка поло Bape baby milo (Белый, 2XL)",Поло/Bape,1300.0,0.0,True,,https://miniature-prod.moysklad.ru/miniature/87fab22b-93c2-11f0-0a80-04c3000069c0/documentminiature/0f4595fb-4015-4757-b029-37e3bbc981f3
7087ed1b-9651-11f0-0a80-0efd001d70e6,00255,"Футболка поло Bape baby milo (Белый, L)",Поло/Bape,1300.0,0.0,True,,https://miniature-prod.moysklad.ru/miniature/87fab22b-93c2-11f0-0a80-04c3000069c0/documentminiature/0f4595fb-4015-4757-b029-37e3bbc981f3
708a9c62-9651-11f0-0a80-0efd001d70ed,00256,"Футболка поло Bape baby milo (Белый, M)",Поло/Bape,1300.0,0.0,True,,https://miniature-prod.moysklad.ru/miniature/87fab22b-93c2-11f0-0a80-04c3000069c0/documentminiature/0f4595fb-4015-4757-b029-37e3bbc981f3
708d1a60-9651-11f0-0a80-0efd001d70f4,00257,"Футболка поло Bape baby milo (Белый, S)",Поло/Bape,1300.0,0.0,True,,https://miniature-prod.moysklad.ru/miniature/87fab22b-93c2-11f0-0a80-04c3000069c0/documentminiature/0f4595fb-4015-4757-b029-37e3bbc981f3
708f88a4-9651-11f0-0a80-0efd001d70fb,00258,"Футболка поло Bape baby milo (Белый, XL)",Поло/Bape,1300.0,0.0,True,,https://miniature-prod.moysklad.ru/miniature/87fab22b-93c2-11f0-0a80-04c3000069c0/documentminiature/0f4595fb-4015-4757-b029-37e3bbc981f3
7091b9a9-9651-11f0-0a80-0efd001d7102,00259,"Футболка поло Bape baby milo (Черные, 2XL)",Поло/Bape,1300.0,0.0,True,,https://miniature-prod.moysklad.ru/miniature/87fab22b-93c2-11f0-0a80-04c3000069c0/documentminiature/0f4595fb-4015-4757-b029-37e3bbc981f3
709415e9-9651-11f0-0a80-0efd001d7109,00260,"Футболка поло Bape baby milo (Черные, L)",Поло/Bape,1300.0,0.0,True,,https://miniature-prod.moysklad.ru/miniature/87fab22b-93c2-11f0-0a80-04c3000069c0/documentminiature/0f4595fb-4015-4757-b029-37e3bbc981f3
70964320-9651-11f0-0a80-0efd001d7110,00261,"Футболка поло Bape baby milo (Черные, M)",Поло/Bape,1300.0,0.0,True,,https://miniature-prod.moysklad.ru/miniature/87fab22b-93c2-11f0-0a80-04c3000069c0/documentminiature/0f4595fb-4015-4757-b029-37e3bbc981f3
7098c43d-9651-11f0-0a80-0efd001d7117,00262,"Футболка поло Bape baby milo (Черные, S)",Поло/Bape,1300.0,0.0,True,,https://miniature-prod.moysklad.ru/miniature/87fab22b-93c2-11f0-0a80-04c3000069c0/documentminiature/0f4595fb-4015-4757-b029-37e3bbc981f3
709b0bfd-9651-11f0-0a80-0efd001d711e,00263,"Футболка поло Bape baby milo (Черные, XL)",Поло/Bape,1300.0,0.0,True,,https://miniature-prod.moysklad.ru/miniature/87fab22b-93c2-11f0-0a80-04c3000069c0/documentminiature/0f4595fb-4015-4757-b029-37e3bbc981f3
05f84052-5ec9-11f1-0a80-17b00000e356,00634,Футболка поло Comme des Garcons,Поло/Comme des Garcons,1300.0,0.0,True,,https://miniature-prod.moysklad.ru/miniature/87fab22b-93c2-11f0-0a80-04c3000069c0/documentminiature/24339225-e55e-4621-a89f-1f7370da704f
1124948a-5ec9-11f1-0a80-15c40000f1ac,05369,"Футболка поло Comme des Garcons (Черный, 2XL)",Поло/Comme des Garcons,1300.0,0.0,True,,https://miniature-prod.moysklad.ru/miniature/87fab22b-93c2-11f0-0a80-04c3000069c0/documentminiature/24339225-e55e-4621-a89f-1f7370da704f
1129e942-5ec9-11f1-0a80-15c40000f1b5,05370,"Футболка поло Comme des Garcons (Черный, L)",Поло/Comme des Garcons,1300.0,0.0,True,,https://miniature-prod.moysklad.ru/miniature/87fab22b-93c2-11f0-0a80-04c3000069c0/documentminiature/24339225-e55e-4621-a89f-1f7370da704f
112e36b4-5ec9-11f1-0a80-15c40000f1be,05371,"Футболка поло Comme des Garcons (Черный, M)",Поло/Comme des Garcons,1300.0,0.0,True,,https://miniature-prod.moysklad.ru/miniature/87fab22b-93c2-11f0-0a80-04c3000069c0/documentminiature/24339225-e55e-4621-a89f-1f7370da704f
11324afe-5ec9-11f1-0a80-15c40000f1c7,05372,"Футболка поло Comme des Garcons (Черный, S)",Поло/Comme des Garcons,1300.0,0.0,True,,https://miniature-prod.moysklad.ru/miniature/87fab22b-93c2-11f0-0a80-04c3000069c0/documentminiature/24339225-e55e-4621-a89f-1f7370da704f
1136ceb4-5ec9-11f1-0a80-15c40000f1d0,05373,"Футболка поло Comme des Garcons (Черный, XL)",Поло/Comme des Garcons,1300.0,0.0,True,,https://miniature-prod.moysklad.ru/miniature/87fab22b-93c2-11f0-0a80-04c3000069c0/documentminiature/24339225-e55e-4621-a89f-1f7370da704f
48f0daef-9652-11f0-0a80-0729001dd010,00032,Футболка поло Comme des Garcons Play,Поло/Comme des Garcons,1300.0,0.0,True,,https://miniature-prod.moysklad.ru/miniature/87fab22b-93c2-11f0-0a80-04c3000069c0/documentminiature/0a15bda3-34c7-4748-8f8b-43db5250c133
5376875a-9652-11f0-0a80-0159001d2788,00319,"Футболка поло Comme des Garcons Play (Черный, 2XL)",Поло/Comme des Garcons,1300.0,0.0,True,,https://miniature-prod.moysklad.ru/miniature/87fab22b-93c2-11f0-0a80-04c3000069c0/documentminiature/0a15bda3-34c7-4748-8f8b-43db5250c133
53790093-9652-11f0-0a80-0159001d278f,00320,"Футболка поло Comme des Garcons Play (Черный, L)",Поло/Comme des Garcons,1300.0,0.0,True,,https://miniature-prod.moysklad.ru/miniature/87fab22b-93c2-11f0-0a80-04c3000069c0/documentminiature/0a15bda3-34c7-4748-8f8b-43db5250c133
537b4aa7-9652-11f0-0a80-0159001d2796,00321,"Футболка поло Comme des Garcons Play (Черный, M)",Поло/Comme des Garcons,1300.0,0.0,True,,https://miniature-prod.moysklad.ru/miniature/87fab22b-93c2-11f0-0a80-04c3000069c0/documentminiature/0a15bda3-34c7-4748-8f8b-43db5250c133
537d7507-9652-11f0-0a80-0159001d279d,00322,"Футболка поло Comme des Garcons Play (Черный, S)",Поло/Comme des Garcons,1300.0,0.0,True,,https://miniature-prod.moysklad.ru/miniature/87fab22b-93c2-11f0-0a80-04c3000069c0/documentminiature/0a15bda3-34c7-4748-8f8b-43db5250c133
537f93aa-9652-11f0-0a80-0159001d27a4,00323,"Футболка поло Comme des Garcons Play (Черный, XL)",Поло/Comme des Garcons,1300.0,0.0,True,,https://miniature-prod.moysklad.ru/miniature/87fab22b-93c2-11f0-0a80-04c3000069c0/documentminiature/0a15bda3-34c7-4748-8f8b-43db5250c133
26fc0a41-9652-11f0-0a80-0cc6001d30bb,00030,Футболка поло Comme des Garcons cry,Поло/Comme des Garcons,1300.0,0.0,True,,https://miniature-prod.moysklad.ru/miniature/87fab22b-93c2-11f0-0a80-04c3000069c0/documentminiature/a296f52d-9259-4a5d-9828-f23c46836456
30c5b008-9652-11f0-0a80-0159001d26f3,00295,"Футболка поло Comme des Garcons cry (Белый, 2XL)",Поло/Comme des Garcons,1300.0,0.0,True,,https://miniature-prod.moysklad.ru/miniature/87fab22b-93c2-11f0-0a80-04c3000069c0/documentminiature/a296f52d-9259-4a5d-9828-f23c46836456
30c8f46c-9652-11f0-0a80-0159001d26fa,00296,"Футболка поло Comme des Garcons cry (Белый, L)",Поло/Comme des Garcons,1300.0,0.0,True,,https://miniature-prod.moysklad.ru/miniature/87fab22b-93c2-11f0-0a80-04c3000069c0/documentminiature/a296f52d-9259-4a5d-9828-f23c46836456
30cbf094-9652-11f0-0a80-0159001d2701,00297,"Футболка поло Comme des Garcons cry (Белый, M)",Поло/Comme des Garcons,1300.0,0.0,True,,https://miniature-prod.moysklad.ru/miniature/87fab22b-93c2-11f0-0a80-04c3000069c0/documentminiature/a296f52d-9259-4a5d-9828-f23c46836456
30ceb937-9652-11f0-0a80-0159001d2708,00298,"Футболка поло Comme des Garcons cry (Белый, S)",Поло/Comme des Garcons,1300.0,0.0,True,,https://miniature-prod.moysklad.ru/miniature/87fab22b-93c2-11f0-0a80-04c3000069c0/documentminiature/a296f52d-9259-4a5d-9828-f23c46836456
30d152d9-9652-11f0-0a80-0159001d270f,00299,"Футболка поло Comme des Garcons cry (Белый, XL)",Поло/Comme des Garcons,1300.0,0.0,True,,https://miniature-prod.moysklad.ru/miniature/87fab22b-93c2-11f0-0a80-04c3000069c0/documentminiature/a296f52d-9259-4a5d-9828-f23c46836456
30d41ab9-9652-11f0-0a80-0159001d2716,00300,"Футболка поло Comme des Garcons cry (Черный, 2XL)",Поло/Comme des Garcons,1300.0,0.0,True,,https://miniature-prod.moysklad.ru/miniature/87fab22b-93c2-11f0-0a80-04c3000069c0/documentminiature/a296f52d-9259-4a5d-9828-f23c46836456
30d705be-9652-11f0-0a80-0159001d271d,00301,"Футболка поло Comme des Garcons cry (Черный, L)",Поло/Comme des Garcons,1300.0,0.0,True,,https://miniature-prod.moysklad.ru/miniature/87fab22b-93c2-11f0-0a80-04c3000069c0/documentminiature/a296f52d-9259-4a5d-9828-f23c46836456
30d9cf2e-9652-11f0-0a80-0159001d2724,00302,"Футболка поло Comme des Garcons cry (Черный, M)",Поло/Comme des Garcons,1300.0,0.0,True,,https://miniature-prod.moysklad.ru/miniature/87fab22b-93c2-11f0-0a80-04c3000069c0/documentminiature/a296f52d-9259-4a5d-9828-f23c46836456
30dcd94c-9652-11f0-0a80-0159001d272b,00303,"Футболка поло Comme des Garcons cry (Черный, S)",Поло/Comme des Garcons,1300.0,0.0,True,,https://miniature-prod.moysklad.ru/miniature/87fab22b-93c2-11f0-0a80-04c3000069c0/documentminiature/a296f52d-9259-4a5d-9828-f23c46836456
30e01e74-9652-11f0-0a80-0159001d2732,00304,"Футболка поло Comme des Garcons cry (Черный, XL)",Поло/Comme des Garcons,1300.0,0.0,True,,https://miniature-prod.moysklad.ru/miniature/87fab22b-93c2-11f0-0a80-04c3000069c0/documentminiature/a296f52d-9259-4a5d-9828-f23c46836456
7181c1bf-9652-11f0-0a80-1bbe001c6ca7,00033,Футболка поло Comme des Garcons double logo,Поло/Comme des Garcons,1300.0,0.0,True,,https://miniature-prod.moysklad.ru/miniature/87fab22b-93c2-11f0-0a80-04c3000069c0/documentminiature/62b3544e-d289-40f9-8fce-54ab75e3dbb3
80546547-9652-11f0-0a80-0729001dd12e,00324,"Футболка поло Comme des Garcons double logo (Белый, 2XL)",Поло/Comme des Garcons,1300.0,0.0,True,,https://miniature-prod.moysklad.ru/miniature/87fab22b-93c2-11f0-0a80-04c3000069c0/documentminiature/62b3544e-d289-40f9-8fce-54ab75e3dbb3
80570795-9652-11f0-0a80-0729001dd135,00325,"Футболка поло Comme des Garcons double logo (Белый, L)",Поло/Comme des Garcons,1300.0,0.0,True,,https://miniature-prod.moysklad.ru/miniature/87fab22b-93c2-11f0-0a80-04c3000069c0/documentminiature/62b3544e-d289-40f9-8fce-54ab75e3dbb3
805b2792-9652-11f0-0a80-0729001dd13c,00326,"Футболка поло Comme des Garcons double logo (Белый, M)",Поло/Comme des Garcons,1300.0,0.0,True,,https://miniature-prod.moysklad.ru/miniature/87fab22b-93c2-11f0-0a80-04c3000069c0/documentminiature/62b3544e-d289-40f9-8fce-54ab75e3dbb3
805eade3-9652-11f0-0a80-0729001dd143,00327,"Футболка поло Comme des Garcons double logo (Белый, S)",Поло/Comme des Garcons,1300.0,0.0,True,,https://miniature-prod.moysklad.ru/miniature/87fab22b-93c2-11f0-0a80-04c3000069c0/documentminiature/62b3544e-d289-40f9-8fce-54ab75e3dbb3
806120cf-9652-11f0-0a80-0729001dd14a,00328,"Футболка поло Comme des Garcons double logo (Белый, XL)",Поло/Comme des Garcons,1300.0,0.0,True,,https://miniature-prod.moysklad.ru/miniature/87fab22b-93c2-11f0-0a80-04c3000069c0/documentminiature/62b3544e-d289-40f9-8fce-54ab75e3dbb3
8063b95d-9652-11f0-0a80-0729001dd151,00329,"Футболка поло Comme des Garcons double logo (Черный, 2XL)",Поло/Comme des Garcons,1300.0,0.0,True,,https://miniature-prod.moysklad.ru/miniature/87fab22b-93c2-11f0-0a80-04c3000069c0/documentminiature/62b3544e-d289-40f9-8fce-54ab75e3dbb3
806632e1-9652-11f0-0a80-0729001dd158,00330,"Футболка поло Comme des Garcons double logo (Черный, L)",Поло/Comme des Garcons,1300.0,0.0,True,,https://miniature-prod.moysklad.ru/miniature/87fab22b-93c2-11f0-0a80-04c3000069c0/documentminiature/62b3544e-d289-40f9-8fce-54ab75e3dbb3
8068adbe-9652-11f0-0a80-0729001dd15f,00331,"Футболка поло Comme des Garcons double logo (Черный, M)",Поло/Comme des Garcons,1300.0,0.0,True,,https://miniature-prod.moysklad.ru/miniature/87fab22b-93c2-11f0-0a80-04c3000069c0/documentminiature/62b3544e-d289-40f9-8fce-54ab75e3dbb3
806b5aa1-9652-11f0-0a80-0729001dd166,00332,"Футболка поло Comme des Garcons double logo (Черный, S)",Поло/Comme des Garcons,1300.0,0.0,True,,https://miniature-prod.moysklad.ru/miniature/87fab22b-93c2-11f0-0a80-04c3000069c0/documentminiature/62b3544e-d289-40f9-8fce-54ab75e3dbb3
806d7741-9652-11f0-0a80-0729001dd16d,00333,"Футболка поло Comme des Garcons double logo (Черный, XL)",Поло/Comme des Garcons,1300.0,0.0,True,,https://miniature-prod.moysklad.ru/miniature/87fab22b-93c2-11f0-0a80-04c3000069c0/documentminiature/62b3544e-d289-40f9-8fce-54ab75e3dbb3
a0da66c1-9652-11f0-0a80-1435001d6203,00035,Футболка поло Comme des Garcons mini logo,Поло/Comme des Garcons,1300.0,0.0,True,,https://miniature-prod.moysklad.ru/miniature/87fab22b-93c2-11f0-0a80-04c3000069c0/documentminiature/8ed5af37-2847-4135-a81f-af07b041d91a
ae3872d7-9652-11f0-0a80-0844001ce660,00348,"Футболка поло Comme des Garcons mini logo (2XL, Белый)",Поло/Comme des Garcons,1300.0,0.0,True,,https://miniature-prod.moysklad.ru/miniature/87fab22b-93c2-11f0-0a80-04c3000069c0/documentminiature/8ed5af37-2847-4135-a81f-af07b041d91a
ae3c2c4d-9652-11f0-0a80-0844001ce667,00349,"Футболка поло Comme des Garcons mini logo (2XL, Черный)",Поло/Comme des Garcons,1300.0,0.0,True,,https://miniature-prod.moysklad.ru/miniature/87fab22b-93c2-11f0-0a80-04c3000069c0/documentminiature/8ed5af37-2847-4135-a81f-af07b041d91a
ae3f96fc-9652-11f0-0a80-0844001ce66e,00350,"Футболка поло Comme des Garcons mini logo (L, Белый)",Поло/Comme des Garcons,1300.0,0.0,True,,https://miniature-prod.moysklad.ru/miniature/87fab22b-93c2-11f0-0a80-04c3000069c0/documentminiature/8ed5af37-2847-4135-a81f-af07b041d91a
ae43993d-9652-11f0-0a80-0844001ce675,00351,"Футболка поло Comme des Garcons mini logo (L, Черный)",Поло/Comme des Garcons,1300.0,0.0,True,,https://miniature-prod.moysklad.ru/miniature/87fab22b-93c2-11f0-0a80-04c3000069c0/documentminiature/8ed5af37-2847-4135-a81f-af07b041d91a
ae46db0b-9652-11f0-0a80-0844001ce67c,00352,"Футболка поло Comme des Garcons mini logo (M, Белый)",Поло/Comme des Garcons,1300.0,0.0,True,,https://miniature-prod.moysklad.ru/miniature/87fab22b-93c2-11f0-0a80-04c3000069c0/documentminiature/8ed5af37-2847-4135-a81f-af07b041d91a
ae4a49bc-9652-11f0-0a80-0844001ce683,00353,"Футболка поло Comme des Garcons mini logo (M, Черный)",Поло/Comme des Garcons,1300.0,0.0,True,,https://miniature-prod.moysklad.ru/miniature/87fab22b-93c2-11f0-0a80-04c3000069c0/documentminiature/8ed5af37-2847-4135-a81f-af07b041d91a
ae4d7f7d-9652-11f0-0a80-0844001ce68a,00354,"Футболка поло Comme des Garcons mini logo (S, Белый)",Поло/Comme des Garcons,1300.0,0.0,True,,https://miniature-prod.moysklad.ru/miniature/87fab22b-93c2-11f0-0a80-04c3000069c0/documentminiature/8ed5af37-2847-4135-a81f-af07b041d91a
ae50d780-9652-11f0-0a80-0844001ce691,00355,"Футболка поло Comme des Garcons mini logo (S, Черный)",Поло/Comme des Garcons,1300.0,0.0,True,,https://miniature-prod.moysklad.ru/miniature/87fab22b-93c2-11f0-0a80-04c3000069c0/documentminiature/8ed5af37-2847-4135-a81f-af07b041d91a
ae537ee9-9652-11f0-0a80-0844001ce698,00356,"Футболка поло Comme des Garcons mini logo (XL, Белый)",Поло/Comme des Garcons,1300.0,0.0,True,,https://miniature-prod.moysklad.ru/miniature/87fab22b-93c2-11f0-0a80-04c3000069c0/documentminiature/8ed5af37-2847-4135-a81f-af07b041d91a
ae568a29-9652-11f0-0a80-0844001ce69f,00357,"Футболка поло Comme des Garcons mini logo (XL, Черный)",Поло/Comme des Garcons,1300.0,0.0,True,,https://miniature-prod.moysklad.ru/miniature/87fab22b-93c2-11f0-0a80-04c3000069c0/documentminiature/8ed5af37-2847-4135-a81f-af07b041d91a
f84086d4-26ad-11f1-0a80-131b002fd864,00294,Поло Corteiz,Поло/Corteiz,1750.0,0.0,True,,https://miniature-prod.moysklad.ru/miniature/87fab22b-93c2-11f0-0a80-04c3000069c0/documentminiature/85b1d7dc-1d3d-4d79-90b8-f0262f3e0642
0179176d-26ae-11f1-0a80-03650030d87c,02346,"Поло Corteiz (2XL, Черный)",Поло/Corteiz,1750.0,0.0,True,,https://miniature-prod.moysklad.ru/miniature/87fab22b-93c2-11f0-0a80-04c3000069c0/documentminiature/85b1d7dc-1d3d-4d79-90b8-f0262f3e0642
017ca6fd-26ae-11f1-0a80-03650030d885,02347,"Поло Corteiz (L, Черный)",Поло/Corteiz,1750.0,0.0,True,,https://miniature-prod.moysklad.ru/miniature/87fab22b-93c2-11f0-0a80-04c3000069c0/documentminiature/85b1d7dc-1d3d-4d79-90b8-f0262f3e0642
01804baf-26ae-11f1-0a80-03650030d88e,02348,"Поло Corteiz (M, Черный)",Поло/Corteiz,1750.0,0.0,True,,https://miniature-prod.moysklad.ru/miniature/87fab22b-93c2-11f0-0a80-04c3000069c0/documentminiature/85b1d7dc-1d3d-4d79-90b8-f0262f3e0642
0183e992-26ae-11f1-0a80-03650030d897,02349,"Поло Corteiz (S, Черный)",Поло/Corteiz,1750.0,0.0,True,,https://miniature-prod.moysklad.ru/miniature/87fab22b-93c2-11f0-0a80-04c3000069c0/documentminiature/85b1d7dc-1d3d-4d79-90b8-f0262f3e0642
01873083-26ae-11f1-0a80-03650030d8a0,02350,"Поло Corteiz (XL, Черный)",Поло/Corteiz,1750.0,0.0,True,,https://miniature-prod.moysklad.ru/miniature/87fab22b-93c2-11f0-0a80-04c3000069c0/documentminiature/85b1d7dc-1d3d-4d79-90b8-f0262f3e0642
53104161-c9f1-11f0-0a80-19ca000ef0aa,00239,Футболка поло Fred Perry,Поло/Fred Perry,1550.0,0.0,True,,https://miniature-prod.moysklad.ru/miniature/87fab22b-93c2-11f0-0a80-04c3000069c0/documentminiature/6d28e7d0-b772-4362-991d-05b94f0f7f54
6dd15144-c9f1-11f0-0a80-15f1000e8a7c,02039,"Футболка поло Fred Perry (2XL, Белый)",Поло/Fred Perry,1550.0,0.0,True,,https://miniature-prod.moysklad.ru/miniature/87fab22b-93c2-11f0-0a80-04c3000069c0/documentminiature/6d28e7d0-b772-4362-991d-05b94f0f7f54
6dd517cf-c9f1-11f0-0a80-15f1000e8a8e,02040,"Футболка поло Fred Perry (2XL, Черный)",Поло/Fred Perry,1550.0,0.0,True,,https://miniature-prod.moysklad.ru/miniature/87fab22b-93c2-11f0-0a80-04c3000069c0/documentminiature/6d28e7d0-b772-4362-991d-05b94f0f7f54
6dd8d337-c9f1-11f0-0a80-15f1000e8aa1,02041,"Футболка поло Fred Perry (L, Белый)",Поло/Fred Perry,1550.0,-1.0,True,,https://miniature-prod.moysklad.ru/miniature/87fab22b-93c2-11f0-0a80-04c3000069c0/documentminiature/6d28e7d0-b772-4362-991d-05b94f0f7f54
6dddde4f-c9f1-11f0-0a80-15f1000e8ab6,02042,"Футболка поло Fred Perry (L, Черный)",Поло/Fred Perry,1550.0,0.0,True,,https://miniature-prod.moysklad.ru/miniature/87fab22b-93c2-11f0-0a80-04c3000069c0/documentminiature/6d28e7d0-b772-4362-991d-05b94f0f7f54
6de18a5b-c9f1-11f0-0a80-15f1000e8aca,02043,"Футболка поло Fred Perry (M, Белый)",Поло/Fred Perry,1550.0,0.0,True,,https://miniature-prod.moysklad.ru/miniature/87fab22b-93c2-11f0-0a80-04c3000069c0/documentminiature/6d28e7d0-b772-4362-991d-05b94f0f7f54
6de48edc-c9f1-11f0-0a80-15f1000e8ada,02044,"Футболка поло Fred Perry (M, Черный)",Поло/Fred Perry,1550.0,0.0,True,,https://miniature-prod.moysklad.ru/miniature/87fab22b-93c2-11f0-0a80-04c3000069c0/documentminiature/6d28e7d0-b772-4362-991d-05b94f0f7f54
6de86340-c9f1-11f0-0a80-15f1000e8aee,02045,"Футболка поло Fred Perry (S, Белый)",Поло/Fred Perry,1550.0,0.0,True,,https://miniature-prod.moysklad.ru/miniature/87fab22b-93c2-11f0-0a80-04c3000069c0/documentminiature/6d28e7d0-b772-4362-991d-05b94f0f7f54
6debd72c-c9f1-11f0-0a80-15f1000e8afb,02046,"Футболка поло Fred Perry (S, Черный)",Поло/Fred Perry,1550.0,0.0,True,,https://miniature-prod.moysklad.ru/miniature/87fab22b-93c2-11f0-0a80-04c3000069c0/documentminiature/6d28e7d0-b772-4362-991d-05b94f0f7f54
6def38f2-c9f1-11f0-0a80-15f1000e8b04,02047,"Футболка поло Fred Perry (XL, Белый)",Поло/Fred Perry,1550.0,0.0,True,,https://miniature-prod.moysklad.ru/miniature/87fab22b-93c2-11f0-0a80-04c3000069c0/documentminiature/6d28e7d0-b772-4362-991d-05b94f0f7f54
6df3319c-c9f1-11f0-0a80-15f1000e8b15,02048,"Футболка поло Fred Perry (XL, Черный)",Поло/Fred Perry,1550.0,0.0,True,,https://miniature-prod.moysklad.ru/miniature/87fab22b-93c2-11f0-0a80-04c3000069c0/documentminiature/6d28e7d0-b772-4362-991d-05b94f0f7f54
d895e3a3-26ad-11f1-0a80-0f3f0030347c,00293,Поло Gucci,Поло/Gucci,1750.0,0.0,True,,https://miniature-prod.moysklad.ru/miniature/87fab22b-93c2-11f0-0a80-04c3000069c0/documentminiature/666ffe23-5f3b-4272-b275-528d4b6c8207
df713880-26ad-11f1-0a80-04250030ec38,02341,"Поло Gucci (2XL, Белый)",Поло/Gucci,1750.0,0.0,True,,https://miniature-prod.moysklad.ru/miniature/87fab22b-93c2-11f0-0a80-04c3000069c0/documentminiature/666ffe23-5f3b-4272-b275-528d4b6c8207
df755c58-26ad-11f1-0a80-04250030ec41,02342,"Поло Gucci (L, Белый)",Поло/Gucci,1750.0,0.0,True,,https://miniature-prod.moysklad.ru/miniature/87fab22b-93c2-11f0-0a80-04c3000069c0/documentminiature/666ffe23-5f3b-4272-b275-528d4b6c8207
df78e2bd-26ad-11f1-0a80-04250030ec4a,02343,"Поло Gucci (M, Белый)",Поло/Gucci,1750.0,-1.0,True,,https://miniature-prod.moysklad.ru/miniature/87fab22b-93c2-11f0-0a80-04c3000069c0/documentminiature/666ffe23-5f3b-4272-b275-528d4b6c8207
df7c32ae-26ad-11f1-0a80-04250030ec53,02344,"Поло Gucci (S, Белый)",Поло/Gucci,1750.0,-1.0,True,,https://miniature-prod.moysklad.ru/miniature/87fab22b-93c2-11f0-0a80-04c3000069c0/documentminiature/666ffe23-5f3b-4272-b275-528d4b6c8207
df7f0b56-26ad-11f1-0a80-04250030ec5c,02345,"Поло Gucci (XL, Белый)",Поло/Gucci,1750.0,0.0,True,,https://miniature-prod.moysklad.ru/miniature/87fab22b-93c2-11f0-0a80-04c3000069c0/documentminiature/666ffe23-5f3b-4272-b275-528d4b6c8207
7e4f7cdc-496d-11f1-0a80-1553002a1c66,00312,Футболка Поло Gucci,Поло/Gucci,1500.0,0.0,True,,https://miniature-prod.moysklad.ru/miniature/87fab22b-93c2-11f0-0a80-04c3000069c0/documentminiature/27caa7f6-c54c-4c29-96dd-a581a08fa371
9bd213bd-496d-11f1-0a80-03cf00296d9f,02431,"Футболка Поло Gucci (Бордовый, 2XL)",Поло/Gucci,1500.0,0.0,True,,https://miniature-prod.moysklad.ru/miniature/87fab22b-93c2-11f0-0a80-04c3000069c0/documentminiature/27caa7f6-c54c-4c29-96dd-a581a08fa371
9bd72f41-496d-11f1-0a80-03cf00296da8,02432,"Футболка Поло Gucci (Бордовый, L)",Поло/Gucci,1500.0,0.0,True,,https://miniature-prod.moysklad.ru/miniature/87fab22b-93c2-11f0-0a80-04c3000069c0/documentminiature/27caa7f6-c54c-4c29-96dd-a581a08fa371
9bdb2714-496d-11f1-0a80-03cf00296db1,02433,"Футболка Поло Gucci (Бордовый, M)",Поло/Gucci,1500.0,0.0,True,,https://miniature-prod.moysklad.ru/miniature/87fab22b-93c2-11f0-0a80-04c3000069c0/documentminiature/27caa7f6-c54c-4c29-96dd-a581a08fa371
9bdf831d-496d-11f1-0a80-03cf00296dba,02434,"Футболка Поло Gucci (Бордовый, S)",Поло/Gucci,1500.0,0.0,True,,https://miniature-prod.moysklad.ru/miniature/87fab22b-93c2-11f0-0a80-04c3000069c0/documentminiature/27caa7f6-c54c-4c29-96dd-a581a08fa371
9be3802f-496d-11f1-0a80-03cf00296dc3,02435,"Футболка Поло Gucci (Бордовый, XL)",Поло/Gucci,1500.0,0.0,True,,https://miniature-prod.moysklad.ru/miniature/87fab22b-93c2-11f0-0a80-04c3000069c0/documentminiature/27caa7f6-c54c-4c29-96dd-a581a08fa371
3693bc8a-9653-11f0-0a80-0f42001d4645,00039,Футболка поло Not From Paris Madame,Поло/Not From Paris Madame,1300.0,0.0,True,,https://miniature-prod.moysklad.ru/miniature/87fab22b-93c2-11f0-0a80-04c3000069c0/documentminiature/c42e67a7-ae0d-4ee0-95af-fa312b45ce38
45be8fb8-9653-11f0-0a80-0729001dd6c9,00384,"Футболка поло Not From Paris Madame (Черный, 2XL)",Поло/Not From Paris Madame,1300.0,0.0,True,,https://miniature-prod.moysklad.ru/miniature/87fab22b-93c2-11f0-0a80-04c3000069c0/documentminiature/c42e67a7-ae0d-4ee0-95af-fa312b45ce38
45c0dd72-9653-11f0-0a80-0729001dd6d0,00385,"Футболка поло Not From Paris Madame (Черный, L)",Поло/Not From Paris Madame,1300.0,0.0,True,,https://miniature-prod.moysklad.ru/miniature/87fab22b-93c2-11f0-0a80-04c3000069c0/documentminiature/c42e67a7-ae0d-4ee0-95af-fa312b45ce38
45c2ed35-9653-11f0-0a80-0729001dd6d7,00386,"Футболка поло Not From Paris Madame (Черный, M)",Поло/Not From Paris Madame,1300.0,0.0,True,,https://miniature-prod.moysklad.ru/miniature/87fab22b-93c2-11f0-0a80-04c3000069c0/documentminiature/c42e67a7-ae0d-4ee0-95af-fa312b45ce38
45c50164-9653-11f0-0a80-0729001dd6de,00387,"Футболка поло Not From Paris Madame (Черный, S)",Поло/Not From Paris Madame,1300.0,0.0,True,,https://miniature-prod.moysklad.ru/miniature/87fab22b-93c2-11f0-0a80-04c3000069c0/documentminiature/c42e67a7-ae0d-4ee0-95af-fa312b45ce38
45c772b3-9653-11f0-0a80-0729001dd6e5,00388,"Футболка поло Not From Paris Madame (Черный, XL)",Поло/Not From Paris Madame,1300.0,0.0,True,,https://miniature-prod.moysklad.ru/miniature/87fab22b-93c2-11f0-0a80-04c3000069c0/documentminiature/c42e67a7-ae0d-4ee0-95af-fa312b45ce38
14be6b82-050c-11f1-0a80-08d20025951e,00266,Полузамок Valentino,Полузамок/Valentino,2000.0,0.0,True,,https://miniature-prod.moysklad.ru/miniature/87fab22b-93c2-11f0-0a80-04c3000069c0/documentminiature/44bbf9a5-dff0-4341-bc6f-250e8878e948
219e6be0-050c-11f1-0a80-159100244ee1,02196,"Полузамок Valentino (2XL, Черный)",Полузамок/Valentino,2000.0,0.0,True,,https://miniature-prod.moysklad.ru/miniature/87fab22b-93c2-11f0-0a80-04c3000069c0/documentminiature/44bbf9a5-dff0-4341-bc6f-250e8878e948
21a26771-050c-11f1-0a80-159100244ee9,02197,"Полузамок Valentino (L, Черный)",Полузамок/Valentino,2000.0,-5.0,True,,https://miniature-prod.moysklad.ru/miniature/87fab22b-93c2-11f0-0a80-04c3000069c0/documentminiature/44bbf9a5-dff0-4341-bc6f-250e8878e948
21a5bf9f-050c-11f1-0a80-159100244ef1,02198,"Полузамок Valentino (M, Черный)",Полузамок/Valentino,2000.0,-3.0,True,,https://miniature-prod.moysklad.ru/miniature/87fab22b-93c2-11f0-0a80-04c3000069c0/documentminiature/44bbf9a5-dff0-4341-bc6f-250e8878e948
21a88df2-050c-11f1-0a80-159100244ef9,02199,"Полузамок Valentino (S, Черный)",Полузамок/Valentino,2000.0,-1.0,True,,https://miniature-prod.moysklad.ru/miniature/87fab22b-93c2-11f0-0a80-04c3000069c0/documentminiature/44bbf9a5-dff0-4341-bc6f-250e8878e948
21ac3f9f-050c-11f1-0a80-159100244f01,02200,"Полузамок Valentino (XL, Черный)",Полузамок/Valentino,2000.0,0.0,True,,https://miniature-prod.moysklad.ru/miniature/87fab22b-93c2-11f0-0a80-04c3000069c0/documentminiature/44bbf9a5-dff0-4341-bc6f-250e8878e948
cfb5c47a-cb9d-11f0-0a80-11e900125bbb,00243,Полу замок Yohji Yamamoto,Полузамок/Yohji Yamamoto,2000.0,0.0,True,,https://miniature-prod.moysklad.ru/miniature/87fab22b-93c2-11f0-0a80-04c3000069c0/documentminiature/62bb6be0-48b8-4307-af90-01bf25ff92a5
dcdbec9d-cb9d-11f0-0a80-1a0e0011a7fe,02064,"Полу замок Yohji Yamamoto (2XL, Черный)",Полузамок/Yohji Yamamoto,2000.0,0.0,True,,https://miniature-prod.moysklad.ru/miniature/87fab22b-93c2-11f0-0a80-04c3000069c0/documentminiature/62bb6be0-48b8-4307-af90-01bf25ff92a5
dcdf2145-cb9d-11f0-0a80-1a0e0011a805,02065,"Полу замок Yohji Yamamoto (L, Черный)",Полузамок/Yohji Yamamoto,2000.0,0.0,True,,https://miniature-prod.moysklad.ru/miniature/87fab22b-93c2-11f0-0a80-04c3000069c0/documentminiature/62bb6be0-48b8-4307-af90-01bf25ff92a5
dce29d72-cb9d-11f0-0a80-1a0e0011a80c,02066,"Полу замок Yohji Yamamoto (M, Черный)",Полузамок/Yohji Yamamoto,2000.0,0.0,True,,https://miniature-prod.moysklad.ru/miniature/87fab22b-93c2-11f0-0a80-04c3000069c0/documentminiature/62bb6be0-48b8-4307-af90-01bf25ff92a5
dce6fadb-cb9d-11f0-0a80-1a0e0011a813,02067,"Полу замок Yohji Yamamoto (S, Черный)",Полузамок/Yohji Yamamoto,2000.0,0.0,True,,https://miniature-prod.moysklad.ru/miniature/87fab22b-93c2-11f0-0a80-04c3000069c0/documentminiature/62bb6be0-48b8-4307-af90-01bf25ff92a5
dceaec10-cb9d-11f0-0a80-1a0e0011a81a,02068,"Полу замок Yohji Yamamoto (XL, Черный)",Полузамок/Yohji Yamamoto,2000.0,0.0,True,,https://miniature-prod.moysklad.ru/miniature/87fab22b-93c2-11f0-0a80-04c3000069c0/documentminiature/62bb6be0-48b8-4307-af90-01bf25ff92a5
414857fc-050c-11f1-0a80-09c9002560c6,00267,Полузамок Y-3,Полузамок/Yohji Yamamoto,2000.0,0.0,True,,https://miniature-prod.moysklad.ru/miniature/87fab22b-93c2-11f0-0a80-04c3000069c0/documentminiature/9183ce05-530c-4343-b07b-87687c851e99
4e229b4a-050c-11f1-0a80-08d20025ac2b,02201,"Полузамок Y-3 (2XL, Светло-серый)",Полузамок/Yohji Yamamoto,2000.0,0.0,True,,https://miniature-prod.moysklad.ru/miniature/87fab22b-93c2-11f0-0a80-04c3000069c0/documentminiature/9183ce05-530c-4343-b07b-87687c851e99
4e27e46c-050c-11f1-0a80-08d20025ac33,02202,"Полузамок Y-3 (L, Светло-серый)",Полузамок/Yohji Yamamoto,2000.0,-1.0,True,,https://miniature-prod.moysklad.ru/miniature/87fab22b-93c2-11f0-0a80-04c3000069c0/documentminiature/9183ce05-530c-4343-b07b-87687c851e99
4e2c4411-050c-11f1-0a80-08d20025ac3b,02203,"Полузамок Y-3 (M, Светло-серый)",Полузамок/Yohji Yamamoto,2000.0,0.0,True,,https://miniature-prod.moysklad.ru/miniature/87fab22b-93c2-11f0-0a80-04c3000069c0/documentminiature/9183ce05-530c-4343-b07b-87687c851e99
4e3098cf-050c-11f1-0a80-08d20025ac43,02204,"Полузамок Y-3 (S, Светло-серый)",Полузамок/Yohji Yamamoto,2000.0,0.0,True,,https://miniature-prod.moysklad.ru/miniature/87fab22b-93c2-11f0-0a80-04c3000069c0/documentminiature/9183ce05-530c-4343-b07b-87687c851e99
4e33fc67-050c-11f1-0a80-08d20025ac4b,02205,"Полузамок Y-3 (XL, Светло-серый)",Полузамок/Yohji Yamamoto,2000.0,0.0,True,,https://miniature-prod.moysklad.ru/miniature/87fab22b-93c2-11f0-0a80-04c3000069c0/documentminiature/9183ce05-530c-4343-b07b-87687c851e99
de0cd363-a9d3-11f0-0a80-15eb002856d9,00182,Свитшот Bape a Head,Свитшот/Bape,1800.0,0.0,True,,https://miniature-prod.moysklad.ru/miniature/87fab22b-93c2-11f0-0a80-04c3000069c0/documentminiature/9f49cad4-0621-41c5-a3af-d7cf0bcfd4e5
03fee267-a9d4-11f0-0a80-16440028315a,00183,Свитшот Bape a Head,Свитшот/Bape,1800.0,0.0,True,,https://miniature-prod.moysklad.ru/miniature/87fab22b-93c2-11f0-0a80-04c3000069c0/documentminiature/35dbd8bc-9518-4e93-aa48-11cc522400c9
2a01dd93-a9d4-11f0-0a80-0d330028f510,00184,Свитшот Bape a Head,Свитшот/Bape,1800.0,0.0,True,,https://miniature-prod.moysklad.ru/miniature/87fab22b-93c2-11f0-0a80-04c3000069c0/documentminiature/b23a7539-d159-4b19-81bb-f3d1cf566d48
f9bd19c7-4d29-11f1-0a80-1b58003ebfab,02478,"Свитшот Bape a Head (2XL, Зеленый)",Свитшот/Bape,1800.0,0.0,True,,https://miniature-prod.moysklad.ru/miniature/87fab22b-93c2-11f0-0a80-04c3000069c0/documentminiature/35dbd8bc-9518-4e93-aa48-11cc522400c9
50b8dea6-a9d4-11f0-0a80-1bc3002857e2,01746,"Свитшот Bape a Head (2XL, Красный)",Свитшот/Bape,1800.0,0.0,True,,https://miniature-prod.moysklad.ru/miniature/87fab22b-93c2-11f0-0a80-04c3000069c0/documentminiature/b23a7539-d159-4b19-81bb-f3d1cf566d48
ee937ce4-a9d3-11f0-0a80-05980027dacf,01734,"Свитшот Bape a Head (2XL, Черный)",Свитшот/Bape,1800.0,0.0,True,,https://miniature-prod.moysklad.ru/miniature/87fab22b-93c2-11f0-0a80-04c3000069c0/documentminiature/9f49cad4-0621-41c5-a3af-d7cf0bcfd4e5
1167d00d-a9d4-11f0-0a80-1cc2002834b2,01737,"Свитшот Bape a Head (L, Зеленый)",Свитшот/Bape,1800.0,0.0,True,,https://miniature-prod.moysklad.ru/miniature/87fab22b-93c2-11f0-0a80-04c3000069c0/documentminiature/35dbd8bc-9518-4e93-aa48-11cc522400c9
50af1e10-a9d4-11f0-0a80-1bc3002857c4,01742,"Свитшот Bape a Head (L, Красный)",Свитшот/Bape,1800.0,0.0,True,,https://miniature-prod.moysklad.ru/miniature/87fab22b-93c2-11f0-0a80-04c3000069c0/documentminiature/b23a7539-d159-4b19-81bb-f3d1cf566d48
ee8f10d8-a9d3-11f0-0a80-05980027dac1,01732,"Свитшот Bape a Head (L, Черный)",Свитшот/Bape,1800.0,0.0,True,,https://miniature-prod.moysklad.ru/miniature/87fab22b-93c2-11f0-0a80-04c3000069c0/documentminiature/9f49cad4-0621-41c5-a3af-d7cf0bcfd4e5
1169ed28-a9d4-11f0-0a80-1cc2002834b9,01738,"Свитшот Bape a Head (M, Зеленый)",Свитшот/Bape,1800.0,0.0,True,,https://miniature-prod.moysklad.ru/miniature/87fab22b-93c2-11f0-0a80-04c3000069c0/documentminiature/35dbd8bc-9518-4e93-aa48-11cc522400c9
50b1e37a-a9d4-11f0-0a80-1bc3002857cb,01743,"Свитшот Bape a Head (M, Красный)",Свитшот/Bape,1800.0,0.0,True,,https://miniature-prod.moysklad.ru/miniature/87fab22b-93c2-11f0-0a80-04c3000069c0/documentminiature/b23a7539-d159-4b19-81bb-f3d1cf566d48
116bb755-a9d4-11f0-0a80-1cc2002834c0,01739,"Свитшот Bape a Head (S, Зеленый)",Свитшот/Bape,1800.0,0.0,True,,https://miniature-prod.moysklad.ru/miniature/87fab22b-93c2-11f0-0a80-04c3000069c0/documentminiature/35dbd8bc-9518-4e93-aa48-11cc522400c9
50b4742c-a9d4-11f0-0a80-1bc3002857d3,01744,"Свитшот Bape a Head (S, Красный)",Свитшот/Bape,1800.0,0.0,True,,https://miniature-prod.moysklad.ru/miniature/87fab22b-93c2-11f0-0a80-04c3000069c0/documentminiature/b23a7539-d159-4b19-81bb-f3d1cf566d48
116db867-a9d4-11f0-0a80-1cc2002834c7,01740,"Свитшот Bape a Head (XL, Зеленый)",Свитшот/Bape,1800.0,0.0,True,,https://miniature-prod.moysklad.ru/miniature/87fab22b-93c2-11f0-0a80-04c3000069c0/documentminiature/35dbd8bc-9518-4e93-aa48-11cc522400c9
50b6bc1a-a9d4-11f0-0a80-1bc3002857da,01745,"Свитшот Bape a Head (XL, Красный)",Свитшот/Bape,1800.0,0.0,True,,https://miniature-prod.moysklad.ru/miniature/87fab22b-93c2-11f0-0a80-04c3000069c0/documentminiature/b23a7539-d159-4b19-81bb-f3d1cf566d48
ee91545f-a9d3-11f0-0a80-05980027dac8,01733,"Свитшот Bape a Head (XL, Черный)",Свитшот/Bape,1800.0,0.0,True,,https://miniature-prod.moysklad.ru/miniature/87fab22b-93c2-11f0-0a80-04c3000069c0/documentminiature/9f49cad4-0621-41c5-a3af-d7cf0bcfd4e5
ee95b334-a9d3-11f0-0a80-05980027dad6,01735,"Свитшот Bape a Head (m, Черный)",Свитшот/Bape,1800.0,0.0,True,,https://miniature-prod.moysklad.ru/miniature/87fab22b-93c2-11f0-0a80-04c3000069c0/documentminiature/9f49cad4-0621-41c5-a3af-d7cf0bcfd4e5
ee98bb0d-a9d3-11f0-0a80-05980027dadd,01736,"Свитшот Bape a Head (s, Черный)",Свитшот/Bape,1800.0,0.0,True,,https://miniature-prod.moysklad.ru/miniature/87fab22b-93c2-11f0-0a80-04c3000069c0/documentminiature/9f49cad4-0621-41c5-a3af-d7cf0bcfd4e5
bb3adb62-a9d3-11f0-0a80-0fdb0028119a,00181,Свитшот Bape a head,Свитшот/Bape,1800.0,0.0,True,,https://miniature-prod.moysklad.ru/miniature/87fab22b-93c2-11f0-0a80-04c3000069c0/documentminiature/308287d9-cb57-4837-9440-85a3c4881fb1
cac9bd65-a9d3-11f0-0a80-1cc200282c42,01731,"Свитшот Bape a head (2XL, Розовый)",Свитшот/Bape,1800.0,0.0,True,,https://miniature-prod.moysklad.ru/miniature/87fab22b-93c2-11f0-0a80-04c3000069c0/documentminiature/308287d9-cb57-4837-9440-85a3c4881fb1
cac1bee3-a9d3-11f0-0a80-1cc200282c26,01727,"Свитшот Bape a head (L, Розовый)",Свитшот/Bape,1800.0,1.0,True,,https://miniature-prod.moysklad.ru/miniature/87fab22b-93c2-11f0-0a80-04c3000069c0/documentminiature/308287d9-cb57-4837-9440-85a3c4881fb1
cac3dd99-a9d3-11f0-0a80-1cc200282c2d,01728,"Свитшот Bape a head (M, Розовый)",Свитшот/Bape,1800.0,0.0,True,,https://miniature-prod.moysklad.ru/miniature/87fab22b-93c2-11f0-0a80-04c3000069c0/documentminiature/308287d9-cb57-4837-9440-85a3c4881fb1
cac5c100-a9d3-11f0-0a80-1cc200282c34,01729,"Свитшот Bape a head (S, Розовый)",Свитшот/Bape,1800.0,2.0,True,,https://miniature-prod.moysklad.ru/miniature/87fab22b-93c2-11f0-0a80-04c3000069c0/documentminiature/308287d9-cb57-4837-9440-85a3c4881fb1
cac7d57d-a9d3-11f0-0a80-1cc200282c3b,01730,"Свитшот Bape a head (XL, Розовый)",Свитшот/Bape,1800.0,0.0,True,,https://miniature-prod.moysklad.ru/miniature/87fab22b-93c2-11f0-0a80-04c3000069c0/documentminiature/308287d9-cb57-4837-9440-85a3c4881fb1
6d752421-a9d1-11f0-0a80-0ec600275a83,00180,Свитшот Bape big Head,Свитшот/Bape,1800.0,0.0,True,,https://miniature-prod.moysklad.ru/miniature/87fab22b-93c2-11f0-0a80-04c3000069c0/documentminiature/b2087772-a315-4228-91cf-97a2778ab7e9
b5a623f3-4d2a-11f1-0a80-190d003f95eb,02479,Свитшот Bape big Head (2XL),Свитшот/Bape,1800.0,0.0,True,,https://miniature-prod.moysklad.ru/miniature/87fab22b-93c2-11f0-0a80-04c3000069c0/documentminiature/b2087772-a315-4228-91cf-97a2778ab7e9
756dff99-a9d1-11f0-0a80-06850028452b,01720,Свитшот Bape big Head (L),Свитшот/Bape,1800.0,0.0,True,,https://miniature-prod.moysklad.ru/miniature/87fab22b-93c2-11f0-0a80-04c3000069c0/documentminiature/b2087772-a315-4228-91cf-97a2778ab7e9
75704747-a9d1-11f0-0a80-068500284531,01721,Свитшот Bape big Head (M),Свитшот/Bape,1800.0,0.0,True,,https://miniature-prod.moysklad.ru/miniature/87fab22b-93c2-11f0-0a80-04c3000069c0/documentminiature/b2087772-a315-4228-91cf-97a2778ab7e9
7572201a-a9d1-11f0-0a80-068500284537,01722,Свитшот Bape big Head (S),Свитшот/Bape,1800.0,0.0,True,,https://miniature-prod.moysklad.ru/miniature/87fab22b-93c2-11f0-0a80-04c3000069c0/documentminiature/b2087772-a315-4228-91cf-97a2778ab7e9
7573eece-a9d1-11f0-0a80-06850028453d,01723,Свитшот Bape big Head (XL),Свитшот/Bape,1800.0,0.0,True,,https://miniature-prod.moysklad.ru/miniature/87fab22b-93c2-11f0-0a80-04c3000069c0/documentminiature/b2087772-a315-4228-91cf-97a2778ab7e9
5d5a09df-050a-11f1-0a80-08d2002585d4,00259,Свитшот Burberry Bape,Свитшот/Bape/Burberry,1800.0,0.0,True,,https://miniature-prod.moysklad.ru/miniature/87fab22b-93c2-11f0-0a80-04c3000069c0/documentminiature/46d0aad4-f157-45b1-885f-fa37a8012659
6618069b-050a-11f1-0a80-078e0025c79c,02161,"Свитшот Burberry Bape (2XL, Бежевый)",Свитшот/Bape/Burberry,1800.0,0.0,True,,https://miniature-prod.moysklad.ru/miniature/87fab22b-93c2-11f0-0a80-04c3000069c0/documentminiature/46d0aad4-f157-45b1-885f-fa37a8012659
661c778c-050a-11f1-0a80-078e0025c7a4,02162,"Свитшот Burberry Bape (L, Бежевый)",Свитшот/Bape/Burberry,1800.0,0.0,True,,https://miniature-prod.moysklad.ru/miniature/87fab22b-93c2-11f0-0a80-04c3000069c0/documentminiature/46d0aad4-f157-45b1-885f-fa37a8012659
661f14e2-050a-11f1-0a80-078e0025c7ac,02163,"Свитшот Burberry Bape (M, Бежевый)",Свитшот/Bape/Burberry,1800.0,0.0,True,,https://miniature-prod.moysklad.ru/miniature/87fab22b-93c2-11f0-0a80-04c3000069c0/documentminiature/46d0aad4-f157-45b1-885f-fa37a8012659
6621dd13-050a-11f1-0a80-078e0025c7b4,02164,"Свитшот Burberry Bape (S, Бежевый)",Свитшот/Bape/Burberry,1800.0,0.0,True,,https://miniature-prod.moysklad.ru/miniature/87fab22b-93c2-11f0-0a80-04c3000069c0/documentminiature/46d0aad4-f157-45b1-885f-fa37a8012659
6624b807-050a-11f1-0a80-078e0025c7bc,02165,"Свитшот Burberry Bape (XL, Бежевый)",Свитшот/Bape/Burberry,1800.0,0.0,True,,https://miniature-prod.moysklad.ru/miniature/87fab22b-93c2-11f0-0a80-04c3000069c0/documentminiature/46d0aad4-f157-45b1-885f-fa37a8012659
e7231500-050f-11f1-0a80-0bc20025ef62,00275,Свитшот Burberry x Bape,Свитшот/Burberry,1800.0,0.0,True,,https://miniature-prod.moysklad.ru/miniature/87fab22b-93c2-11f0-0a80-04c3000069c0/documentminiature/46d0aad4-f157-45b1-885f-fa37a8012659
f2c8fb51-050f-11f1-0a80-09c900259b54,02246,"Свитшот Burberry x Bape (2XL, Бежевый)",Свитшот/Burberry,1800.0,0.0,True,,https://miniature-prod.moysklad.ru/miniature/87fab22b-93c2-11f0-0a80-04c3000069c0/documentminiature/46d0aad4-f157-45b1-885f-fa37a8012659
f2cc7dc7-050f-11f1-0a80-09c900259b5c,02247,"Свитшот Burberry x Bape (L, Бежевый)",Свитшот/Burberry,1800.0,1.0,True,,https://miniature-prod.moysklad.ru/miniature/87fab22b-93c2-11f0-0a80-04c3000069c0/documentminiature/46d0aad4-f157-45b1-885f-fa37a8012659
f2cf3320-050f-11f1-0a80-09c900259b64,02248,"Свитшот Burberry x Bape (M, Бежевый)",Свитшот/Burberry,1800.0,0.0,True,,https://miniature-prod.moysklad.ru/miniature/87fab22b-93c2-11f0-0a80-04c3000069c0/documentminiature/46d0aad4-f157-45b1-885f-fa37a8012659
f2d22350-050f-11f1-0a80-09c900259b6c,02249,"Свитшот Burberry x Bape (S, Бежевый)",Свитшот/Burberry,1800.0,0.0,True,,https://miniature-prod.moysklad.ru/miniature/87fab22b-93c2-11f0-0a80-04c3000069c0/documentminiature/46d0aad4-f157-45b1-885f-fa37a8012659
f2d4edd4-050f-11f1-0a80-09c900259b74,02250,"Свитшот Burberry x Bape (XL, Бежевый)",Свитшот/Burberry,1800.0,0.0,True,,https://miniature-prod.moysklad.ru/miniature/87fab22b-93c2-11f0-0a80-04c3000069c0/documentminiature/46d0aad4-f157-45b1-885f-fa37a8012659
be0d59af-a9d5-11f0-0a80-17fd002804bd,00187,Свитшот ERD,Свитшот/ERD,1800.0,0.0,True,,https://miniature-prod.moysklad.ru/miniature/87fab22b-93c2-11f0-0a80-04c3000069c0/documentminiature/620b3560-76cd-4bc8-a416-2ee7c9873a05
10ce1a30-ab39-11f0-0a80-0ed10008b456,01825,"Свитшот ERD (2XL, Красный)",Свитшот/ERD,1800.0,0.0,True,,https://miniature-prod.moysklad.ru/miniature/87fab22b-93c2-11f0-0a80-04c3000069c0/documentminiature/620b3560-76cd-4bc8-a416-2ee7c9873a05
10d1d998-ab39-11f0-0a80-0ed10008b45f,01826,"Свитшот ERD (L, Красный)",Свитшот/ERD,1800.0,0.0,True,,https://miniature-prod.moysklad.ru/miniature/87fab22b-93c2-11f0-0a80-04c3000069c0/documentminiature/620b3560-76cd-4bc8-a416-2ee7c9873a05
10d46f0a-ab39-11f0-0a80-0ed10008b466,01827,"Свитшот ERD (M, Красный)",Свитшот/ERD,1800.0,0.0,True,,https://miniature-prod.moysklad.ru/miniature/87fab22b-93c2-11f0-0a80-04c3000069c0/documentminiature/620b3560-76cd-4bc8-a416-2ee7c9873a05
10d69692-ab39-11f0-0a80-0ed10008b46d,01828,"Свитшот ERD (S, Красный)",Свитшот/ERD,1800.0,0.0,True,,https://miniature-prod.moysklad.ru/miniature/87fab22b-93c2-11f0-0a80-04c3000069c0/documentminiature/620b3560-76cd-4bc8-a416-2ee7c9873a05
10d8d06d-ab39-11f0-0a80-0ed10008b474,01829,"Свитшот ERD (XL, Красный)",Свитшот/ERD,1800.0,0.0,True,,https://miniature-prod.moysklad.ru/miniature/87fab22b-93c2-11f0-0a80-04c3000069c0/documentminiature/620b3560-76cd-4bc8-a416-2ee7c9873a05
bb8a1381-26ac-11f1-0a80-131b002f9c6d,00286,Свитшот Gucci,Свитшот/Gucci,1800.0,0.0,True,,https://miniature-prod.moysklad.ru/miniature/87fab22b-93c2-11f0-0a80-04c3000069c0/documentminiature/93292668-10e2-497f-b315-7d89a8c63440
0c9f1adc-8151-11f1-0a80-140700024005,00709,Свитшот Gucci,Свитшот/Gucci,1800.0,0.0,True,,https://miniature-prod.moysklad.ru/miniature/87fab22b-93c2-11f0-0a80-04c3000069c0/documentminiature/f5639882-10ce-4237-8790-f804974e2d3a
c6f65251-26ac-11f1-0a80-0f3f002ffbeb,02306,"Свитшот Gucci (2XL, Белый)",Свитшот/Gucci,1800.0,0.0,True,,https://miniature-prod.moysklad.ru/miniature/87fab22b-93c2-11f0-0a80-04c3000069c0/documentminiature/93292668-10e2-497f-b315-7d89a8c63440
c6fa2fec-26ac-11f1-0a80-0f3f002ffbf4,02307,"Свитшот Gucci (L, Белый)",Свитшот/Gucci,1800.0,0.0,True,,https://miniature-prod.moysklad.ru/miniature/87fab22b-93c2-11f0-0a80-04c3000069c0/documentminiature/93292668-10e2-497f-b315-7d89a8c63440
c6fd8b77-26ac-11f1-0a80-0f3f002ffbfd,02308,"Свитшот Gucci (M, Белый)",Свитшот/Gucci,1800.0,0.0,True,,https://miniature-prod.moysklad.ru/miniature/87fab22b-93c2-11f0-0a80-04c3000069c0/documentminiature/93292668-10e2-497f-b315-7d89a8c63440
c700eac3-26ac-11f1-0a80-0f3f002ffc06,02309,"Свитшот Gucci (S, Белый)",Свитшот/Gucci,1800.0,0.0,True,,https://miniature-prod.moysklad.ru/miniature/87fab22b-93c2-11f0-0a80-04c3000069c0/documentminiature/93292668-10e2-497f-b315-7d89a8c63440
c704192c-26ac-11f1-0a80-0f3f002ffc10,02310,"Свитшот Gucci (XL, Белый)",Свитшот/Gucci,1800.0,0.0,True,,https://miniature-prod.moysklad.ru/miniature/87fab22b-93c2-11f0-0a80-04c3000069c0/documentminiature/93292668-10e2-497f-b315-7d89a8c63440
188f70d8-8151-11f1-0a80-1e670001a054,05810,"Свитшот Gucci (Зеленый, 2XL)",Свитшот/Gucci,1800.0,0.0,True,,https://miniature-prod.moysklad.ru/miniature/87fab22b-93c2-11f0-0a80-04c3000069c0/documentminiature/f5639882-10ce-4237-8790-f804974e2d3a
18930d3f-8151-11f1-0a80-1e670001a05d,05811,"Свитшот Gucci (Зеленый, L)",Свитшот/Gucci,1800.0,-1.0,True,,https://miniature-prod.moysklad.ru/miniature/87fab22b-93c2-11f0-0a80-04c3000069c0/documentminiature/f5639882-10ce-4237-8790-f804974e2d3a
189710d2-8151-11f1-0a80-1e670001a066,05812,"Свитшот Gucci (Зеленый, M)",Свитшот/Gucci,1800.0,-1.0,True,,https://miniature-prod.moysklad.ru/miniature/87fab22b-93c2-11f0-0a80-04c3000069c0/documentminiature/f5639882-10ce-4237-8790-f804974e2d3a
189b1d02-8151-11f1-0a80-1e670001a06f,05813,"Свитшот Gucci (Зеленый, S)",Свитшот/Gucci,1800.0,-2.0,True,,https://miniature-prod.moysklad.ru/miniature/87fab22b-93c2-11f0-0a80-04c3000069c0/documentminiature/f5639882-10ce-4237-8790-f804974e2d3a
189f010a-8151-11f1-0a80-1e670001a078,05814,"Свитшот Gucci (Зеленый, XL)",Свитшот/Gucci,1800.0,-1.0,True,,https://miniature-prod.moysklad.ru/miniature/87fab22b-93c2-11f0-0a80-04c3000069c0/documentminiature/f5639882-10ce-4237-8790-f804974e2d3a
876d0089-8152-11f1-0a80-1736000132e8,00710,Свитшот Kenzo,Свитшот/Kenzo,1800.0,0.0,True,,https://miniature-prod.moysklad.ru/miniature/87fab22b-93c2-11f0-0a80-04c3000069c0/documentminiature/f72632a7-3b28-418d-8bd5-00d7471655ae
91902b2e-8152-11f1-0a80-0dc7000118ac,05815,"Свитшот Kenzo (Белый, 2XL)",Свитшот/Kenzo,1800.0,0.0,True,,https://miniature-prod.moysklad.ru/miniature/87fab22b-93c2-11f0-0a80-04c3000069c0/documentminiature/f72632a7-3b28-418d-8bd5-00d7471655ae
91942072-8152-11f1-0a80-0dc7000118b5,05816,"Свитшот Kenzo (Белый, L)",Свитшот/Kenzo,1800.0,0.0,True,,https://miniature-prod.moysklad.ru/miniature/87fab22b-93c2-11f0-0a80-04c3000069c0/documentminiature/f72632a7-3b28-418d-8bd5-00d7471655ae
9197a327-8152-11f1-0a80-0dc7000118be,05817,"Свитшот Kenzo (Белый, M)",Свитшот/Kenzo,1800.0,0.0,True,,https://miniature-prod.moysklad.ru/miniature/87fab22b-93c2-11f0-0a80-04c3000069c0/documentminiature/f72632a7-3b28-418d-8bd5-00d7471655ae
919b460a-8152-11f1-0a80-0dc7000118c7,05818,"Свитшот Kenzo (Белый, S)",Свитшот/Kenzo,1800.0,0.0,True,,https://miniature-prod.moysklad.ru/miniature/87fab22b-93c2-11f0-0a80-04c3000069c0/documentminiature/f72632a7-3b28-418d-8bd5-00d7471655ae
919efaaa-8152-11f1-0a80-0dc7000118d0,05819,"Свитшот Kenzo (Белый, XL)",Свитшот/Kenzo,1800.0,0.0,True,,https://miniature-prod.moysklad.ru/miniature/87fab22b-93c2-11f0-0a80-04c3000069c0/documentminiature/f72632a7-3b28-418d-8bd5-00d7471655ae
1e694e94-a9d5-11f0-0a80-19380027924b,00185,Свитшот Bape a Head Mastermind,Свитшот/Mastermind,1800.0,0.0,True,,https://miniature-prod.moysklad.ru/miniature/87fab22b-93c2-11f0-0a80-04c3000069c0/documentminiature/557eed18-e496-40e3-8cb3-99a31561755c
2e07ed6a-a9d5-11f0-0a80-164400285f24,01751,"Свитшот Bape a Head Mastermind (2XL, Черный)",Свитшот/Mastermind,1800.0,0.0,True,,https://miniature-prod.moysklad.ru/miniature/87fab22b-93c2-11f0-0a80-04c3000069c0/documentminiature/557eed18-e496-40e3-8cb3-99a31561755c
2dfce2b6-a9d5-11f0-0a80-164400285f08,01747,"Свитшот Bape a Head Mastermind (L, Черный)",Свитшот/Mastermind,1800.0,0.0,True,,https://miniature-prod.moysklad.ru/miniature/87fab22b-93c2-11f0-0a80-04c3000069c0/documentminiature/557eed18-e496-40e3-8cb3-99a31561755c
2dffc2f7-a9d5-11f0-0a80-164400285f0f,01748,"Свитшот Bape a Head Mastermind (M, Черный)",Свитшот/Mastermind,1800.0,0.0,True,,https://miniature-prod.moysklad.ru/miniature/87fab22b-93c2-11f0-0a80-04c3000069c0/documentminiature/557eed18-e496-40e3-8cb3-99a31561755c
2e0241aa-a9d5-11f0-0a80-164400285f16,01749,"Свитшот Bape a Head Mastermind (S, Черный)",Свитшот/Mastermind,1800.0,0.0,True,,https://miniature-prod.moysklad.ru/miniature/87fab22b-93c2-11f0-0a80-04c3000069c0/documentminiature/557eed18-e496-40e3-8cb3-99a31561755c
2e04f613-a9d5-11f0-0a80-164400285f1d,01750,"Свитшот Bape a Head Mastermind (XL, Черный)",Свитшот/Mastermind,1800.0,0.0,True,,https://miniature-prod.moysklad.ru/miniature/87fab22b-93c2-11f0-0a80-04c3000069c0/documentminiature/557eed18-e496-40e3-8cb3-99a31561755c
7c91de9f-050b-11f1-0a80-00d500254502,00263,Свитшот Palace Gap Athletic,Свитшот/Palace x Gap,1800.0,0.0,True,,https://miniature-prod.moysklad.ru/miniature/87fab22b-93c2-11f0-0a80-04c3000069c0/documentminiature/90f19c02-8b91-441b-815c-a83f6aab60f9
88fb1407-050b-11f1-0a80-00d50025458d,02181,"Свитшот Palace Gap Athletic (2XL, Темно-серый)",Свитшот/Palace x Gap,1800.0,0.0,True,,https://miniature-prod.moysklad.ru/miniature/87fab22b-93c2-11f0-0a80-04c3000069c0/documentminiature/90f19c02-8b91-441b-815c-a83f6aab60f9
88fe8e01-050b-11f1-0a80-00d500254595,02182,"Свитшот Palace Gap Athletic (L, Темно-серый)",Свитшот/Palace x Gap,1800.0,0.0,True,,https://miniature-prod.moysklad.ru/miniature/87fab22b-93c2-11f0-0a80-04c3000069c0/documentminiature/90f19c02-8b91-441b-815c-a83f6aab60f9
89014813-050b-11f1-0a80-00d50025459d,02183,"Свитшот Palace Gap Athletic (M, Темно-серый)",Свитшот/Palace x Gap,1800.0,0.0,True,,https://miniature-prod.moysklad.ru/miniature/87fab22b-93c2-11f0-0a80-04c3000069c0/documentminiature/90f19c02-8b91-441b-815c-a83f6aab60f9
890439ef-050b-11f1-0a80-00d5002545a5,02184,"Свитшот Palace Gap Athletic (S, Темно-серый)",Свитшот/Palace x Gap,1800.0,0.0,True,,https://miniature-prod.moysklad.ru/miniature/87fab22b-93c2-11f0-0a80-04c3000069c0/documentminiature/90f19c02-8b91-441b-815c-a83f6aab60f9
8907b094-050b-11f1-0a80-00d5002545ad,02185,"Свитшот Palace Gap Athletic (XL, Темно-серый)",Свитшот/Palace x Gap,1800.0,0.0,True,,https://miniature-prod.moysklad.ru/miniature/87fab22b-93c2-11f0-0a80-04c3000069c0/documentminiature/90f19c02-8b91-441b-815c-a83f6aab60f9
33baf54d-c9f0-11f0-0a80-07e4000ee8aa,00236,Свитшот Yohji Yamamoto Supreme,Свитшот/Y-3,1800.0,0.0,True,,https://miniature-prod.moysklad.ru/miniature/87fab22b-93c2-11f0-0a80-04c3000069c0/documentminiature/ed10ad4e-d592-4858-84d0-aa487c85f116
4d9c5203-c9f0-11f0-0a80-186a000e0b58,02023,"Свитшот Yohji Yamamoto Supreme (2XL, Серый)",Свитшот/Y-3,1800.0,0.0,True,,https://miniature-prod.moysklad.ru/miniature/87fab22b-93c2-11f0-0a80-04c3000069c0/documentminiature/ed10ad4e-d592-4858-84d0-aa487c85f116
4da22bef-c9f0-11f0-0a80-186a000e0b5f,02024,"Свитшот Yohji Yamamoto Supreme (L, Серый)",Свитшот/Y-3,1800.0,0.0,True,,https://miniature-prod.moysklad.ru/miniature/87fab22b-93c2-11f0-0a80-04c3000069c0/documentminiature/ed10ad4e-d592-4858-84d0-aa487c85f116
4da634fa-c9f0-11f0-0a80-186a000e0b66,02025,"Свитшот Yohji Yamamoto Supreme (M, Серый)",Свитшот/Y-3,1800.0,0.0,True,,https://miniature-prod.moysklad.ru/miniature/87fab22b-93c2-11f0-0a80-04c3000069c0/documentminiature/ed10ad4e-d592-4858-84d0-aa487c85f116
4da9ec0a-c9f0-11f0-0a80-186a000e0b6e,02026,"Свитшот Yohji Yamamoto Supreme (S, Серый)",Свитшот/Y-3,1800.0,0.0,True,,https://miniature-prod.moysklad.ru/miniature/87fab22b-93c2-11f0-0a80-04c3000069c0/documentminiature/ed10ad4e-d592-4858-84d0-aa487c85f116
4dadbb4e-c9f0-11f0-0a80-186a000e0b79,02027,"Свитшот Yohji Yamamoto Supreme (XL, Серый)",Свитшот/Y-3,1800.0,0.0,True,,https://miniature-prod.moysklad.ru/miniature/87fab22b-93c2-11f0-0a80-04c3000069c0/documentminiature/ed10ad4e-d592-4858-84d0-aa487c85f116
6ac2d340-a9d5-11f0-0a80-164400287259,00186,Свитшоты Y-3,Свитшот/Y-3,1800.0,0.0,True,,https://miniature-prod.moysklad.ru/miniature/87fab22b-93c2-11f0-0a80-04c3000069c0/documentminiature/4adc7f64-e906-4805-9306-d715fdeee08f
7918c143-a9d5-11f0-0a80-193800279e15,01756,"Свитшоты Y-3 (2XL, Белый)",Свитшот/Y-3,1800.0,0.0,True,,https://miniature-prod.moysklad.ru/miniature/87fab22b-93c2-11f0-0a80-04c3000069c0/documentminiature/4adc7f64-e906-4805-9306-d715fdeee08f
790e7ca2-a9d5-11f0-0a80-193800279df9,01752,"Свитшоты Y-3 (L, Белый)",Свитшот/Y-3,1800.0,0.0,True,,https://miniature-prod.moysklad.ru/miniature/87fab22b-93c2-11f0-0a80-04c3000069c0/documentminiature/4adc7f64-e906-4805-9306-d715fdeee08f
79115e90-a9d5-11f0-0a80-193800279e00,01753,"Свитшоты Y-3 (M, Белый)",Свитшот/Y-3,1800.0,0.0,True,,https://miniature-prod.moysklad.ru/miniature/87fab22b-93c2-11f0-0a80-04c3000069c0/documentminiature/4adc7f64-e906-4805-9306-d715fdeee08f
7913c61d-a9d5-11f0-0a80-193800279e07,01754,"Свитшоты Y-3 (S, Белый)",Свитшот/Y-3,1800.0,0.0,True,,https://miniature-prod.moysklad.ru/miniature/87fab22b-93c2-11f0-0a80-04c3000069c0/documentminiature/4adc7f64-e906-4805-9306-d715fdeee08f
791684e2-a9d5-11f0-0a80-193800279e0e,01755,"Свитшоты Y-3 (XL, Белый)",Свитшот/Y-3,1800.0,0.0,True,,https://miniature-prod.moysklad.ru/miniature/87fab22b-93c2-11f0-0a80-04c3000069c0/documentminiature/4adc7f64-e906-4805-9306-d715fdeee08f
62dda485-496b-11f1-0a80-144c002a6376,00311,Футболка Acme de la Vie,Футболки/Acme de la vie,1300.0,0.0,True,,https://miniature-prod.moysklad.ru/miniature/87fab22b-93c2-11f0-0a80-04c3000069c0/documentminiature/0b2126ad-0c2b-4892-92bf-1444ca6f0697
6a206b71-496b-11f1-0a80-1553002a1709,02426,"Футболка Acme de la Vie (Белый, 2XL)",Футболки/Acme de la vie,1300.0,0.0,True,,https://miniature-prod.moysklad.ru/miniature/87fab22b-93c2-11f0-0a80-04c3000069c0/documentminiature/0b2126ad-0c2b-4892-92bf-1444ca6f0697
6a241b2f-496b-11f1-0a80-1553002a1712,02427,"Футболка Acme de la Vie (Белый, L)",Футболки/Acme de la vie,1300.0,0.0,True,,https://miniature-prod.moysklad.ru/miniature/87fab22b-93c2-11f0-0a80-04c3000069c0/documentminiature/0b2126ad-0c2b-4892-92bf-1444ca6f0697
6a288c95-496b-11f1-0a80-1553002a171b,02428,"Футболка Acme de la Vie (Белый, M)",Футболки/Acme de la vie,1300.0,0.0,True,,https://miniature-prod.moysklad.ru/miniature/87fab22b-93c2-11f0-0a80-04c3000069c0/documentminiature/0b2126ad-0c2b-4892-92bf-1444ca6f0697
6a2c94a2-496b-11f1-0a80-1553002a1724,02429,"Футболка Acme de la Vie (Белый, S)",Футболки/Acme de la vie,1300.0,0.0,True,,https://miniature-prod.moysklad.ru/miniature/87fab22b-93c2-11f0-0a80-04c3000069c0/documentminiature/0b2126ad-0c2b-4892-92bf-1444ca6f0697
6a305a01-496b-11f1-0a80-1553002a172d,02430,"Футболка Acme de la Vie (Белый, XL)",Футболки/Acme de la vie,1300.0,0.0,True,,https://miniature-prod.moysklad.ru/miniature/87fab22b-93c2-11f0-0a80-04c3000069c0/documentminiature/0b2126ad-0c2b-4892-92bf-1444ca6f0697
4fe07343-4ec9-11f1-0a80-0719001148b1,00322,Футболка Acne Studios,Футболки/Acne Studios,1000.0,0.0,True,,https://miniature-prod.moysklad.ru/miniature/87fab22b-93c2-11f0-0a80-04c3000069c0/documentminiature/a3eace53-b65e-4612-8274-434505dba441
67199c4a-4ec9-11f1-0a80-0df000114652,02500,"Футболка Acne Studios (Белый, 2XL)",Футболки/Acne Studios,1000.0,0.0,True,,https://miniature-prod.moysklad.ru/miniature/87fab22b-93c2-11f0-0a80-04c3000069c0/documentminiature/a3eace53-b65e-4612-8274-434505dba441
671e2c0f-4ec9-11f1-0a80-0df00011465d,02501,"Футболка Acne Studios (Белый, L)",Футболки/Acne Studios,1000.0,0.0,True,,https://miniature-prod.moysklad.ru/miniature/87fab22b-93c2-11f0-0a80-04c3000069c0/documentminiature/a3eace53-b65e-4612-8274-434505dba441
67219a57-4ec9-11f1-0a80-0df000114666,02502,"Футболка Acne Studios (Белый, M)",Футболки/Acne Studios,1000.0,0.0,True,,https://miniature-prod.moysklad.ru/miniature/87fab22b-93c2-11f0-0a80-04c3000069c0/documentminiature/a3eace53-b65e-4612-8274-434505dba441
6725f6d7-4ec9-11f1-0a80-0df00011466f,02503,"Футболка Acne Studios (Белый, S)",Футболки/Acne Studios,1000.0,0.0,True,,https://miniature-prod.moysklad.ru/miniature/87fab22b-93c2-11f0-0a80-04c3000069c0/documentminiature/a3eace53-b65e-4612-8274-434505dba441
672ba6b2-4ec9-11f1-0a80-0df000114678,02504,"Футболка Acne Studios (Белый, XL)",Футболки/Acne Studios,1000.0,0.0,True,,https://miniature-prod.moysklad.ru/miniature/87fab22b-93c2-11f0-0a80-04c3000069c0/documentminiature/a3eace53-b65e-4612-8274-434505dba441
67329fb3-4ec9-11f1-0a80-0df000114681,02505,"Футболка Acne Studios (Черный, 2XL)",Футболки/Acne Studios,1000.0,0.0,True,,https://miniature-prod.moysklad.ru/miniature/87fab22b-93c2-11f0-0a80-04c3000069c0/documentminiature/a3eace53-b65e-4612-8274-434505dba441
673793b0-4ec9-11f1-0a80-0df00011468a,02506,"Футболка Acne Studios (Черный, L)",Футболки/Acne Studios,1000.0,0.0,True,,https://miniature-prod.moysklad.ru/miniature/87fab22b-93c2-11f0-0a80-04c3000069c0/documentminiature/a3eace53-b65e-4612-8274-434505dba441
673c7f0d-4ec9-11f1-0a80-0df000114693,02507,"Футболка Acne Studios (Черный, M)",Футболки/Acne Studios,1000.0,0.0,True,,https://miniature-prod.moysklad.ru/miniature/87fab22b-93c2-11f0-0a80-04c3000069c0/documentminiature/a3eace53-b65e-4612-8274-434505dba441
67428aee-4ec9-11f1-0a80-0df00011469c,02508,"Футболка Acne Studios (Черный, S)",Футболки/Acne Studios,1000.0,0.0,True,,https://miniature-prod.moysklad.ru/miniature/87fab22b-93c2-11f0-0a80-04c3000069c0/documentminiature/a3eace53-b65e-4612-8274-434505dba441
674a7c24-4ec9-11f1-0a80-0df0001146a5,02509,"Футболка Acne Studios (Черный, XL)",Футболки/Acne Studios,1000.0,0.0,True,,https://miniature-prod.moysklad.ru/miniature/87fab22b-93c2-11f0-0a80-04c3000069c0/documentminiature/a3eace53-b65e-4612-8274-434505dba441
488f4206-965c-11f0-0a80-19dd001d8a90,00111,Футболка Acne Studios 1996,Футболки/Acne Studios,1000.0,0.0,True,,https://miniature-prod.moysklad.ru/miniature/87fab22b-93c2-11f0-0a80-04c3000069c0/documentminiature/0df2899e-4979-483b-ab84-4cb657195dfd
51528a3e-965c-11f0-0a80-0844001d22bd,00967,"Футболка Acne Studios 1996 (Белый, 2XL)",Футболки/Acne Studios,1000.0,0.0,True,,https://miniature-prod.moysklad.ru/miniature/87fab22b-93c2-11f0-0a80-04c3000069c0/documentminiature/0df2899e-4979-483b-ab84-4cb657195dfd
5154f67e-965c-11f0-0a80-0844001d22c4,00968,"Футболка Acne Studios 1996 (Белый, L)",Футболки/Acne Studios,1000.0,0.0,True,,https://miniature-prod.moysklad.ru/miniature/87fab22b-93c2-11f0-0a80-04c3000069c0/documentminiature/0df2899e-4979-483b-ab84-4cb657195dfd
51570547-965c-11f0-0a80-0844001d22cb,00969,"Футболка Acne Studios 1996 (Белый, M)",Футболки/Acne Studios,1000.0,0.0,True,,https://miniature-prod.moysklad.ru/miniature/87fab22b-93c2-11f0-0a80-04c3000069c0/documentminiature/0df2899e-4979-483b-ab84-4cb657195dfd
5158cf35-965c-11f0-0a80-0844001d22d2,00970,"Футболка Acne Studios 1996 (Белый, S)",Футболки/Acne Studios,1000.0,0.0,True,,https://miniature-prod.moysklad.ru/miniature/87fab22b-93c2-11f0-0a80-04c3000069c0/documentminiature/0df2899e-4979-483b-ab84-4cb657195dfd
515aa6c5-965c-11f0-0a80-0844001d22d9,00971,"Футболка Acne Studios 1996 (Белый, XL)",Футболки/Acne Studios,1000.0,1.0,True,,https://miniature-prod.moysklad.ru/miniature/87fab22b-93c2-11f0-0a80-04c3000069c0/documentminiature/0df2899e-4979-483b-ab84-4cb657195dfd
515c6d82-965c-11f0-0a80-0844001d22e0,00972,"Футболка Acne Studios 1996 (Черный, 2XL)",Футболки/Acne Studios,1000.0,0.0,True,,https://miniature-prod.moysklad.ru/miniature/87fab22b-93c2-11f0-0a80-04c3000069c0/documentminiature/0df2899e-4979-483b-ab84-4cb657195dfd
515e35aa-965c-11f0-0a80-0844001d22e7,00973,"Футболка Acne Studios 1996 (Черный, L)",Футболки/Acne Studios,1000.0,0.0,True,,https://miniature-prod.moysklad.ru/miniature/87fab22b-93c2-11f0-0a80-04c3000069c0/documentminiature/0df2899e-4979-483b-ab84-4cb657195dfd
516024db-965c-11f0-0a80-0844001d22ee,00974,"Футболка Acne Studios 1996 (Черный, M)",Футболки/Acne Studios,1000.0,0.0,True,,https://miniature-prod.moysklad.ru/miniature/87fab22b-93c2-11f0-0a80-04c3000069c0/documentminiature/0df2899e-4979-483b-ab84-4cb657195dfd
51624ffd-965c-11f0-0a80-0844001d22f5,00975,"Футболка Acne Studios 1996 (Черный, S)",Футболки/Acne Studios,1000.0,0.0,True,,https://miniature-prod.moysklad.ru/miniature/87fab22b-93c2-11f0-0a80-04c3000069c0/documentminiature/0df2899e-4979-483b-ab84-4cb657195dfd
51645ea9-965c-11f0-0a80-0844001d22fc,00976,"Футболка Acne Studios 1996 (Черный, XL)",Футболки/Acne Studios,1000.0,0.0,True,,https://miniature-prod.moysklad.ru/miniature/87fab22b-93c2-11f0-0a80-04c3000069c0/documentminiature/0df2899e-4979-483b-ab84-4cb657195dfd
094d8de5-9662-11f0-0a80-0844001d2f71,00164,Футболки Acne Studios 1996 Puff,Футболки/Acne Studios,1000.0,0.0,True,,https://miniature-prod.moysklad.ru/miniature/87fab22b-93c2-11f0-0a80-04c3000069c0/documentminiature/2861b475-305d-4222-8618-a42b99a91089
12ecec03-9662-11f0-0a80-058c001d60d7,01540,"Футболки Acne Studios 1996 Puff (Белый, 2XL)",Футболки/Acne Studios,1000.0,0.0,True,,https://miniature-prod.moysklad.ru/miniature/87fab22b-93c2-11f0-0a80-04c3000069c0/documentminiature/2861b475-305d-4222-8618-a42b99a91089
12eef5ff-9662-11f0-0a80-058c001d60de,01541,"Футболки Acne Studios 1996 Puff (Белый, L)",Футболки/Acne Studios,1000.0,0.0,True,,https://miniature-prod.moysklad.ru/miniature/87fab22b-93c2-11f0-0a80-04c3000069c0/documentminiature/2861b475-305d-4222-8618-a42b99a91089
12f0c9c2-9662-11f0-0a80-058c001d60e5,01542,"Футболки Acne Studios 1996 Puff (Белый, M)",Футболки/Acne Studios,1000.0,0.0,True,,https://miniature-prod.moysklad.ru/miniature/87fab22b-93c2-11f0-0a80-04c3000069c0/documentminiature/2861b475-305d-4222-8618-a42b99a91089
12f2b178-9662-11f0-0a80-058c001d60ec,01543,"Футболки Acne Studios 1996 Puff (Белый, S)",Футболки/Acne Studios,1000.0,0.0,True,,https://miniature-prod.moysklad.ru/miniature/87fab22b-93c2-11f0-0a80-04c3000069c0/documentminiature/2861b475-305d-4222-8618-a42b99a91089
12f49772-9662-11f0-0a80-058c001d60f3,01544,"Футболки Acne Studios 1996 Puff (Белый, XL)",Футболки/Acne Studios,1000.0,0.0,True,,https://miniature-prod.moysklad.ru/miniature/87fab22b-93c2-11f0-0a80-04c3000069c0/documentminiature/2861b475-305d-4222-8618-a42b99a91089
12f681a8-9662-11f0-0a80-058c001d60fa,01545,"Футболки Acne Studios 1996 Puff (Белый, XS)",Футболки/Acne Studios,1000.0,0.0,True,,https://miniature-prod.moysklad.ru/miniature/87fab22b-93c2-11f0-0a80-04c3000069c0/documentminiature/2861b475-305d-4222-8618-a42b99a91089
12f88ca6-9662-11f0-0a80-058c001d6101,01546,"Футболки Acne Studios 1996 Puff (Белый, XXS)",Футболки/Acne Studios,1000.0,0.0,True,,https://miniature-prod.moysklad.ru/miniature/87fab22b-93c2-11f0-0a80-04c3000069c0/documentminiature/2861b475-305d-4222-8618-a42b99a91089
12fa7807-9662-11f0-0a80-058c001d6108,01547,"Футболки Acne Studios 1996 Puff (Черный, 2XL)",Футболки/Acne Studios,1000.0,0.0,True,,https://miniature-prod.moysklad.ru/miniature/87fab22b-93c2-11f0-0a80-04c3000069c0/documentminiature/2861b475-305d-4222-8618-a42b99a91089
12fc6768-9662-11f0-0a80-058c001d610f,01548,"Футболки Acne Studios 1996 Puff (Черный, L)",Футболки/Acne Studios,1000.0,0.0,True,,https://miniature-prod.moysklad.ru/miniature/87fab22b-93c2-11f0-0a80-04c3000069c0/documentminiature/2861b475-305d-4222-8618-a42b99a91089
12fe7300-9662-11f0-0a80-058c001d6116,01549,"Футболки Acne Studios 1996 Puff (Черный, M)",Футболки/Acne Studios,1000.0,0.0,True,,https://miniature-prod.moysklad.ru/miniature/87fab22b-93c2-11f0-0a80-04c3000069c0/documentminiature/2861b475-305d-4222-8618-a42b99a91089
13007696-9662-11f0-0a80-058c001d611d,01550,"Футболки Acne Studios 1996 Puff (Черный, S)",Футболки/Acne Studios,1000.0,0.0,True,,https://miniature-prod.moysklad.ru/miniature/87fab22b-93c2-11f0-0a80-04c3000069c0/documentminiature/2861b475-305d-4222-8618-a42b99a91089
130267b8-9662-11f0-0a80-058c001d6124,01551,"Футболки Acne Studios 1996 Puff (Черный, XL)",Футболки/Acne Studios,1000.0,0.0,True,,https://miniature-prod.moysklad.ru/miniature/87fab22b-93c2-11f0-0a80-04c3000069c0/documentminiature/2861b475-305d-4222-8618-a42b99a91089
13046f66-9662-11f0-0a80-058c001d612b,01552,"Футболки Acne Studios 1996 Puff (Черный, XS)",Футболки/Acne Studios,1000.0,0.0,True,,https://miniature-prod.moysklad.ru/miniature/87fab22b-93c2-11f0-0a80-04c3000069c0/documentminiature/2861b475-305d-4222-8618-a42b99a91089
1306746a-9662-11f0-0a80-058c001d6132,01553,"Футболки Acne Studios 1996 Puff (Черный, XXS)",Футболки/Acne Studios,1000.0,0.0,True,,https://miniature-prod.moysklad.ru/miniature/87fab22b-93c2-11f0-0a80-04c3000069c0/documentminiature/2861b475-305d-4222-8618-a42b99a91089
290ca83f-9662-11f0-0a80-090b001c3c6b,00165,Футболки Acne Studos свиток,Футболки/Acne Studios,1000.0,0.0,True,,https://miniature-prod.moysklad.ru/miniature/87fab22b-93c2-11f0-0a80-04c3000069c0/documentminiature/70a40e4b-391a-472f-8a7e-d15db84caf77
3220b097-9662-11f0-0a80-0729001e0ea9,01554,"Футболки Acne Studos свиток (Белый, 2XL)",Футболки/Acne Studios,1000.0,0.0,True,,https://miniature-prod.moysklad.ru/miniature/87fab22b-93c2-11f0-0a80-04c3000069c0/documentminiature/70a40e4b-391a-472f-8a7e-d15db84caf77
3223c4b9-9662-11f0-0a80-0729001e0eb0,01555,"Футболки Acne Studos свиток (Белый, L)",Футболки/Acne Studios,1000.0,0.0,True,,https://miniature-prod.moysklad.ru/miniature/87fab22b-93c2-11f0-0a80-04c3000069c0/documentminiature/70a40e4b-391a-472f-8a7e-d15db84caf77
32273b22-9662-11f0-0a80-0729001e0eb7,01556,"Футболки Acne Studos свиток (Белый, M)",Футболки/Acne Studios,1000.0,0.0,True,,https://miniature-prod.moysklad.ru/miniature/87fab22b-93c2-11f0-0a80-04c3000069c0/documentminiature/70a40e4b-391a-472f-8a7e-d15db84caf77
322a69e0-9662-11f0-0a80-0729001e0ebe,01557,"Футболки Acne Studos свиток (Белый, S)",Футболки/Acne Studios,1000.0,0.0,True,,https://miniature-prod.moysklad.ru/miniature/87fab22b-93c2-11f0-0a80-04c3000069c0/documentminiature/70a40e4b-391a-472f-8a7e-d15db84caf77
322d6c42-9662-11f0-0a80-0729001e0ec5,01558,"Футболки Acne Studos свиток (Белый, XL)",Футболки/Acne Studios,1000.0,0.0,True,,https://miniature-prod.moysklad.ru/miniature/87fab22b-93c2-11f0-0a80-04c3000069c0/documentminiature/70a40e4b-391a-472f-8a7e-d15db84caf77
3235bd47-9662-11f0-0a80-0729001e0eda,01561,"Футболки Acne Studos свиток (Черный, 2XL)",Футболки/Acne Studios,1000.0,0.0,True,,https://miniature-prod.moysklad.ru/miniature/87fab22b-93c2-11f0-0a80-04c3000069c0/documentminiature/70a40e4b-391a-472f-8a7e-d15db84caf77
3238bf2e-9662-11f0-0a80-0729001e0ee1,01562,"Футболки Acne Studos свиток (Черный, L)",Футболки/Acne Studios,1000.0,0.0,True,,https://miniature-prod.moysklad.ru/miniature/87fab22b-93c2-11f0-0a80-04c3000069c0/documentminiature/70a40e4b-391a-472f-8a7e-d15db84caf77
323b28e3-9662-11f0-0a80-0729001e0ee8,01563,"Футболки Acne Studos свиток (Черный, M)",Футболки/Acne Studios,1000.0,0.0,True,,https://miniature-prod.moysklad.ru/miniature/87fab22b-93c2-11f0-0a80-04c3000069c0/documentminiature/70a40e4b-391a-472f-8a7e-d15db84caf77
323d4ee9-9662-11f0-0a80-0729001e0eef,01564,"Футболки Acne Studos свиток (Черный, S)",Футболки/Acne Studios,1000.0,0.0,True,,https://miniature-prod.moysklad.ru/miniature/87fab22b-93c2-11f0-0a80-04c3000069c0/documentminiature/70a40e4b-391a-472f-8a7e-d15db84caf77
323f3de6-9662-11f0-0a80-0729001e0ef6,01565,"Футболки Acne Studos свиток (Черный, XL)",Футболки/Acne Studios,1000.0,0.0,True,,https://miniature-prod.moysklad.ru/miniature/87fab22b-93c2-11f0-0a80-04c3000069c0/documentminiature/70a40e4b-391a-472f-8a7e-d15db84caf77
32414959-9662-11f0-0a80-0729001e0efd,01566,"Футболки Acne Studos свиток (Черный, XS)",Футболки/Acne Studios,1000.0,0.0,True,,https://miniature-prod.moysklad.ru/miniature/87fab22b-93c2-11f0-0a80-04c3000069c0/documentminiature/70a40e4b-391a-472f-8a7e-d15db84caf77
32444dae-9662-11f0-0a80-0729001e0f04,01567,"Футболки Acne Studos свиток (Черный, XXS)",Футболки/Acne Studios,1000.0,0.0,True,,https://miniature-prod.moysklad.ru/miniature/87fab22b-93c2-11f0-0a80-04c3000069c0/documentminiature/70a40e4b-391a-472f-8a7e-d15db84caf77
a961d9a4-965b-11f0-0a80-19dd001d882b,00104,Футболка Ami Paris,Футболки/Ami Paris,1000.0,0.0,True,,https://miniature-prod.moysklad.ru/miniature/87fab22b-93c2-11f0-0a80-04c3000069c0/documentminiature/02e07021-e6e3-433c-a28c-a2a0caf9098c
b5b937e8-965b-11f0-0a80-0cc6001d5279,00926,"Футболка Ami Paris (Черный, 2XL)",Футболки/Ami Paris,1000.0,1.0,True,,https://miniature-prod.moysklad.ru/miniature/87fab22b-93c2-11f0-0a80-04c3000069c0/documentminiature/02e07021-e6e3-433c-a28c-a2a0caf9098c
b5bc1a28-965b-11f0-0a80-0cc6001d5280,00927,"Футболка Ami Paris (Черный, L)",Футболки/Ami Paris,1000.0,0.0,True,,https://miniature-prod.moysklad.ru/miniature/87fab22b-93c2-11f0-0a80-04c3000069c0/documentminiature/02e07021-e6e3-433c-a28c-a2a0caf9098c
b5befe00-965b-11f0-0a80-0cc6001d5287,00928,"Футболка Ami Paris (Черный, M)",Футболки/Ami Paris,1000.0,0.0,True,,https://miniature-prod.moysklad.ru/miniature/87fab22b-93c2-11f0-0a80-04c3000069c0/documentminiature/02e07021-e6e3-433c-a28c-a2a0caf9098c
b5c1bdd0-965b-11f0-0a80-0cc6001d528e,00929,"Футболка Ami Paris (Черный, S)",Футболки/Ami Paris,1000.0,0.0,True,,https://miniature-prod.moysklad.ru/miniature/87fab22b-93c2-11f0-0a80-04c3000069c0/documentminiature/02e07021-e6e3-433c-a28c-a2a0caf9098c
b5c49a4c-965b-11f0-0a80-0cc6001d5295,00930,"Футболка Ami Paris (Черный, XL)",Футболки/Ami Paris,1000.0,0.0,True,,https://miniature-prod.moysklad.ru/miniature/87fab22b-93c2-11f0-0a80-04c3000069c0/documentminiature/02e07021-e6e3-433c-a28c-a2a0caf9098c
d1a9984e-965b-11f0-0a80-1bbe001c9afd,00106,Футболка Ami Paris x Puma,Футболки/Ami Paris,1000.0,0.0,True,,https://miniature-prod.moysklad.ru/miniature/87fab22b-93c2-11f0-0a80-04c3000069c0/documentminiature/e320296e-9eaf-4362-a1f3-310ef51d32c8
db15a3bc-965b-11f0-0a80-0159001d490d,00931,"Футболка Ami Paris x Puma (Белый, 2XL)",Футболки/Ami Paris,1000.0,0.0,True,,https://miniature-prod.moysklad.ru/miniature/87fab22b-93c2-11f0-0a80-04c3000069c0/documentminiature/e320296e-9eaf-4362-a1f3-310ef51d32c8
db18ce81-965b-11f0-0a80-0159001d4914,00932,"Футболка Ami Paris x Puma (Белый, L)",Футболки/Ami Paris,1000.0,0.0,True,,https://miniature-prod.moysklad.ru/miniature/87fab22b-93c2-11f0-0a80-04c3000069c0/documentminiature/e320296e-9eaf-4362-a1f3-310ef51d32c8
db1b9899-965b-11f0-0a80-0159001d491b,00933,"Футболка Ami Paris x Puma (Белый, M)",Футболки/Ami Paris,1000.0,0.0,True,,https://miniature-prod.moysklad.ru/miniature/87fab22b-93c2-11f0-0a80-04c3000069c0/documentminiature/e320296e-9eaf-4362-a1f3-310ef51d32c8
db1e6922-965b-11f0-0a80-0159001d4922,00934,"Футболка Ami Paris x Puma (Белый, S)",Футболки/Ami Paris,1000.0,0.0,True,,https://miniature-prod.moysklad.ru/miniature/87fab22b-93c2-11f0-0a80-04c3000069c0/documentminiature/e320296e-9eaf-4362-a1f3-310ef51d32c8
db21324d-965b-11f0-0a80-0159001d4929,00935,"Футболка Ami Paris x Puma (Белый, XL)",Футболки/Ami Paris,1000.0,0.0,True,,https://miniature-prod.moysklad.ru/miniature/87fab22b-93c2-11f0-0a80-04c3000069c0/documentminiature/e320296e-9eaf-4362-a1f3-310ef51d32c8
444353c0-965b-11f0-0a80-058c001d4b5f,00099,Футболка BAPE Big head ape,Футболки/BAPE,1000.0,0.0,True,,https://miniature-prod.moysklad.ru/miniature/87fab22b-93c2-11f0-0a80-04c3000069c0/documentminiature/c3a5fc4f-73ca-43ea-aa69-a93fb1519ce5
5eb2b868-965b-11f0-0a80-0729001df88a,00101,Футболка BAPE Big head ape,Футболки/BAPE,1000.0,0.0,True,,https://miniature-prod.moysklad.ru/miniature/87fab22b-93c2-11f0-0a80-04c3000069c0/documentminiature/4061a657-488e-4b8f-8cb1-db9f6e201e16
4ea5cc5e-965b-11f0-0a80-187f001e0369,00878,"Футболка BAPE Big head ape (Белый, 2XL)",Футболки/BAPE,1000.0,0.0,True,,https://miniature-prod.moysklad.ru/miniature/87fab22b-93c2-11f0-0a80-04c3000069c0/documentminiature/c3a5fc4f-73ca-43ea-aa69-a93fb1519ce5
4ea8bce6-965b-11f0-0a80-187f001e0370,00879,"Футболка BAPE Big head ape (Белый, L)",Футболки/BAPE,1000.0,0.0,True,,https://miniature-prod.moysklad.ru/miniature/87fab22b-93c2-11f0-0a80-04c3000069c0/documentminiature/c3a5fc4f-73ca-43ea-aa69-a93fb1519ce5
4eab6a03-965b-11f0-0a80-187f001e0377,00880,"Футболка BAPE Big head ape (Белый, M)",Футболки/BAPE,1000.0,0.0,True,,https://miniature-prod.moysklad.ru/miniature/87fab22b-93c2-11f0-0a80-04c3000069c0/documentminiature/c3a5fc4f-73ca-43ea-aa69-a93fb1519ce5
4eadd69d-965b-11f0-0a80-187f001e037e,00881,"Футболка BAPE Big head ape (Белый, S)",Футболки/BAPE,1000.0,0.0,True,,https://miniature-prod.moysklad.ru/miniature/87fab22b-93c2-11f0-0a80-04c3000069c0/documentminiature/c3a5fc4f-73ca-43ea-aa69-a93fb1519ce5
4eb059e3-965b-11f0-0a80-187f001e0385,00882,"Футболка BAPE Big head ape (Белый, XL)",Футболки/BAPE,1000.0,0.0,True,,https://miniature-prod.moysklad.ru/miniature/87fab22b-93c2-11f0-0a80-04c3000069c0/documentminiature/c3a5fc4f-73ca-43ea-aa69-a93fb1519ce5
4eb338fd-965b-11f0-0a80-187f001e038c,00883,"Футболка BAPE Big head ape (Белый, XS)",Футболки/BAPE,1000.0,0.0,True,,https://miniature-prod.moysklad.ru/miniature/87fab22b-93c2-11f0-0a80-04c3000069c0/documentminiature/c3a5fc4f-73ca-43ea-aa69-a93fb1519ce5
4eb590d3-965b-11f0-0a80-187f001e0393,00884,"Футболка BAPE Big head ape (Белый, XXS)",Футболки/BAPE,1000.0,0.0,True,,https://miniature-prod.moysklad.ru/miniature/87fab22b-93c2-11f0-0a80-04c3000069c0/documentminiature/c3a5fc4f-73ca-43ea-aa69-a93fb1519ce5
667a7f4e-965b-11f0-0a80-090b001c2800,00895,"Футболка BAPE Big head ape (Черный, 2XL)",Футболки/BAPE,1000.0,0.0,True,,https://miniature-prod.moysklad.ru/miniature/87fab22b-93c2-11f0-0a80-04c3000069c0/documentminiature/4061a657-488e-4b8f-8cb1-db9f6e201e16
667c7ad1-965b-11f0-0a80-090b001c2807,00896,"Футболка BAPE Big head ape (Черный, L)",Футболки/BAPE,1000.0,0.0,True,,https://miniature-prod.moysklad.ru/miniature/87fab22b-93c2-11f0-0a80-04c3000069c0/documentminiature/4061a657-488e-4b8f-8cb1-db9f6e201e16
667e1f6e-965b-11f0-0a80-090b001c280e,00897,"Футболка BAPE Big head ape (Черный, M)",Футболки/BAPE,1000.0,0.0,True,,https://miniature-prod.moysklad.ru/miniature/87fab22b-93c2-11f0-0a80-04c3000069c0/documentminiature/4061a657-488e-4b8f-8cb1-db9f6e201e16
667fb22c-965b-11f0-0a80-090b001c2815,00898,"Футболка BAPE Big head ape (Черный, S)",Футболки/BAPE,1000.0,0.0,True,,https://miniature-prod.moysklad.ru/miniature/87fab22b-93c2-11f0-0a80-04c3000069c0/documentminiature/4061a657-488e-4b8f-8cb1-db9f6e201e16
66816170-965b-11f0-0a80-090b001c281c,00899,"Футболка BAPE Big head ape (Черный, XL)",Футболки/BAPE,1000.0,0.0,True,,https://miniature-prod.moysklad.ru/miniature/87fab22b-93c2-11f0-0a80-04c3000069c0/documentminiature/4061a657-488e-4b8f-8cb1-db9f6e201e16
66830edc-965b-11f0-0a80-090b001c2823,00900,"Футболка BAPE Big head ape (Черный, XS)",Футболки/BAPE,1000.0,0.0,True,,https://miniature-prod.moysklad.ru/miniature/87fab22b-93c2-11f0-0a80-04c3000069c0/documentminiature/4061a657-488e-4b8f-8cb1-db9f6e201e16
6684b7d1-965b-11f0-0a80-090b001c282a,00901,"Футболка BAPE Big head ape (Черный, XXS)",Футболки/BAPE,1000.0,0.0,True,,https://miniature-prod.moysklad.ru/miniature/87fab22b-93c2-11f0-0a80-04c3000069c0/documentminiature/4061a657-488e-4b8f-8cb1-db9f6e201e16
ad9d38c8-965b-11f0-0a80-0f42001d6a1e,00105,Футболка BAPE Big head x Milo,Футболки/BAPE,1000.0,0.0,True,,https://miniature-prod.moysklad.ru/miniature/87fab22b-93c2-11f0-0a80-04c3000069c0/documentminiature/0468a6be-9a25-409b-883d-c6580cb431aa
b55634c9-965b-11f0-0a80-0066001d529a,00919,"Футболка BAPE Big head x Milo (Белый, 2XL)",Футболки/BAPE,1000.0,0.0,True,,https://miniature-prod.moysklad.ru/miniature/87fab22b-93c2-11f0-0a80-04c3000069c0/documentminiature/0468a6be-9a25-409b-883d-c6580cb431aa
b559330a-965b-11f0-0a80-0066001d52a1,00920,"Футболка BAPE Big head x Milo (Белый, L)",Футболки/BAPE,1000.0,0.0,True,,https://miniature-prod.moysklad.ru/miniature/87fab22b-93c2-11f0-0a80-04c3000069c0/documentminiature/0468a6be-9a25-409b-883d-c6580cb431aa
b55c22ca-965b-11f0-0a80-0066001d52a8,00921,"Футболка BAPE Big head x Milo (Белый, M)",Футболки/BAPE,1000.0,0.0,True,,https://miniature-prod.moysklad.ru/miniature/87fab22b-93c2-11f0-0a80-04c3000069c0/documentminiature/0468a6be-9a25-409b-883d-c6580cb431aa
b55ec1d9-965b-11f0-0a80-0066001d52af,00922,"Футболка BAPE Big head x Milo (Белый, S)",Футболки/BAPE,1000.0,0.0,True,,https://miniature-prod.moysklad.ru/miniature/87fab22b-93c2-11f0-0a80-04c3000069c0/documentminiature/0468a6be-9a25-409b-883d-c6580cb431aa
b5613287-965b-11f0-0a80-0066001d52b6,00923,"Футболка BAPE Big head x Milo (Белый, XL)",Футболки/BAPE,1000.0,0.0,True,,https://miniature-prod.moysklad.ru/miniature/87fab22b-93c2-11f0-0a80-04c3000069c0/documentminiature/0468a6be-9a25-409b-883d-c6580cb431aa
b5638b48-965b-11f0-0a80-0066001d52bd,00924,"Футболка BAPE Big head x Milo (Белый, XS)",Футболки/BAPE,1000.0,0.0,True,,https://miniature-prod.moysklad.ru/miniature/87fab22b-93c2-11f0-0a80-04c3000069c0/documentminiature/0468a6be-9a25-409b-883d-c6580cb431aa
b5660867-965b-11f0-0a80-0066001d52c4,00925,"Футболка BAPE Big head x Milo (Белый, XXS)",Футболки/BAPE,1000.0,0.0,True,,https://miniature-prod.moysklad.ru/miniature/87fab22b-93c2-11f0-0a80-04c3000069c0/documentminiature/0468a6be-9a25-409b-883d-c6580cb431aa
cc7e2339-965c-11f0-0a80-0efd001dabaa,00116,Футболка BAPE CDG neon pink,Футболки/BAPE,1000.0,0.0,True,,https://miniature-prod.moysklad.ru/miniature/87fab22b-93c2-11f0-0a80-04c3000069c0/documentminiature/d75113c3-8d34-4d7b-9b77-e72bde10a073
49fc3191-965d-11f0-0a80-1435001d9600,00121,Футболка BAPE CDG neon pink,Футболки/BAPE,1000.0,0.0,True,,https://miniature-prod.moysklad.ru/miniature/87fab22b-93c2-11f0-0a80-04c3000069c0/documentminiature/8d486f3a-9f2d-4e96-a5a2-ebef0d6451b1
53550ea4-965d-11f0-0a80-0066001d5c46,01061,"Футболка BAPE CDG neon pink (Белый, 2XL)",Футболки/BAPE,1000.0,0.0,True,,https://miniature-prod.moysklad.ru/miniature/87fab22b-93c2-11f0-0a80-04c3000069c0/documentminiature/8d486f3a-9f2d-4e96-a5a2-ebef0d6451b1
5357e088-965d-11f0-0a80-0066001d5c4d,01062,"Футболка BAPE CDG neon pink (Белый, L)",Футболки/BAPE,1000.0,0.0,True,,https://miniature-prod.moysklad.ru/miniature/87fab22b-93c2-11f0-0a80-04c3000069c0/documentminiature/8d486f3a-9f2d-4e96-a5a2-ebef0d6451b1
535a6ae9-965d-11f0-0a80-0066001d5c54,01063,"Футболка BAPE CDG neon pink (Белый, M)",Футболки/BAPE,1000.0,0.0,True,,https://miniature-prod.moysklad.ru/miniature/87fab22b-93c2-11f0-0a80-04c3000069c0/documentminiature/8d486f3a-9f2d-4e96-a5a2-ebef0d6451b1
535ca405-965d-11f0-0a80-0066001d5c5b,01064,"Футболка BAPE CDG neon pink (Белый, S)",Футболки/BAPE,1000.0,0.0,True,,https://miniature-prod.moysklad.ru/miniature/87fab22b-93c2-11f0-0a80-04c3000069c0/documentminiature/8d486f3a-9f2d-4e96-a5a2-ebef0d6451b1
535f4aab-965d-11f0-0a80-0066001d5c62,01065,"Футболка BAPE CDG neon pink (Белый, XL)",Футболки/BAPE,1000.0,0.0,True,,https://miniature-prod.moysklad.ru/miniature/87fab22b-93c2-11f0-0a80-04c3000069c0/documentminiature/8d486f3a-9f2d-4e96-a5a2-ebef0d6451b1
53614990-965d-11f0-0a80-0066001d5c69,01066,"Футболка BAPE CDG neon pink (Белый, XS)",Футболки/BAPE,1000.0,0.0,True,,https://miniature-prod.moysklad.ru/miniature/87fab22b-93c2-11f0-0a80-04c3000069c0/documentminiature/8d486f3a-9f2d-4e96-a5a2-ebef0d6451b1
536354f2-965d-11f0-0a80-0066001d5c70,01067,"Футболка BAPE CDG neon pink (Белый, XXS)",Футболки/BAPE,1000.0,0.0,True,,https://miniature-prod.moysklad.ru/miniature/87fab22b-93c2-11f0-0a80-04c3000069c0/documentminiature/8d486f3a-9f2d-4e96-a5a2-ebef0d6451b1
dc6a3e4a-965c-11f0-0a80-0844001d2429,01015,"Футболка BAPE CDG neon pink (Черный, 2XL)",Футболки/BAPE,1000.0,0.0,True,,https://miniature-prod.moysklad.ru/miniature/87fab22b-93c2-11f0-0a80-04c3000069c0/documentminiature/d75113c3-8d34-4d7b-9b77-e72bde10a073
dc6d91bd-965c-11f0-0a80-0844001d2430,01016,"Футболка BAPE CDG neon pink (Черный, L)",Футболки/BAPE,1000.0,0.0,True,,https://miniature-prod.moysklad.ru/miniature/87fab22b-93c2-11f0-0a80-04c3000069c0/documentminiature/d75113c3-8d34-4d7b-9b77-e72bde10a073
dc716ab2-965c-11f0-0a80-0844001d2437,01017,"Футболка BAPE CDG neon pink (Черный, M)",Футболки/BAPE,1000.0,0.0,True,,https://miniature-prod.moysklad.ru/miniature/87fab22b-93c2-11f0-0a80-04c3000069c0/documentminiature/d75113c3-8d34-4d7b-9b77-e72bde10a073
dc753c45-965c-11f0-0a80-0844001d243e,01018,"Футболка BAPE CDG neon pink (Черный, S)",Футболки/BAPE,1000.0,0.0,True,,https://miniature-prod.moysklad.ru/miniature/87fab22b-93c2-11f0-0a80-04c3000069c0/documentminiature/d75113c3-8d34-4d7b-9b77-e72bde10a073
dc780333-965c-11f0-0a80-0844001d2445,01019,"Футболка BAPE CDG neon pink (Черный, XL)",Футболки/BAPE,1000.0,0.0,True,,https://miniature-prod.moysklad.ru/miniature/87fab22b-93c2-11f0-0a80-04c3000069c0/documentminiature/d75113c3-8d34-4d7b-9b77-e72bde10a073
dc7bbb5b-965c-11f0-0a80-0844001d244c,01020,"Футболка BAPE CDG neon pink (Черный, XS)",Футболки/BAPE,1000.0,0.0,True,,https://miniature-prod.moysklad.ru/miniature/87fab22b-93c2-11f0-0a80-04c3000069c0/documentminiature/d75113c3-8d34-4d7b-9b77-e72bde10a073
dc7ebfcc-965c-11f0-0a80-0844001d2453,01021,"Футболка BAPE CDG neon pink (Черный, XXS)",Футболки/BAPE,1000.0,0.0,True,,https://miniature-prod.moysklad.ru/miniature/87fab22b-93c2-11f0-0a80-04c3000069c0/documentminiature/d75113c3-8d34-4d7b-9b77-e72bde10a073
636a3960-965d-11f0-0a80-1435001d963b,00122,Футболка BAPE Camo,Футболки/BAPE,1000.0,0.0,True,,https://miniature-prod.moysklad.ru/miniature/87fab22b-93c2-11f0-0a80-04c3000069c0/documentminiature/3cbb2986-53db-4097-952d-be15916ca078
6ef36e6d-965d-11f0-0a80-16d9001dae50,01068,"Футболка BAPE Camo (Черный, 2XL)",Футболки/BAPE,1000.0,0.0,True,,https://miniature-prod.moysklad.ru/miniature/87fab22b-93c2-11f0-0a80-04c3000069c0/documentminiature/3cbb2986-53db-4097-952d-be15916ca078
6ef5bcce-965d-11f0-0a80-16d9001dae57,01069,"Футболка BAPE Camo (Черный, L)",Футболки/BAPE,1000.0,0.0,True,,https://miniature-prod.moysklad.ru/miniature/87fab22b-93c2-11f0-0a80-04c3000069c0/documentminiature/3cbb2986-53db-4097-952d-be15916ca078
6ef7c78b-965d-11f0-0a80-16d9001dae5e,01070,"Футболка BAPE Camo (Черный, M)",Футболки/BAPE,1000.0,0.0,True,,https://miniature-prod.moysklad.ru/miniature/87fab22b-93c2-11f0-0a80-04c3000069c0/documentminiature/3cbb2986-53db-4097-952d-be15916ca078
6ef9e507-965d-11f0-0a80-16d9001dae65,01071,"Футболка BAPE Camo (Черный, S)",Футболки/BAPE,1000.0,0.0,True,,https://miniature-prod.moysklad.ru/miniature/87fab22b-93c2-11f0-0a80-04c3000069c0/documentminiature/3cbb2986-53db-4097-952d-be15916ca078
6efbf65e-965d-11f0-0a80-16d9001dae6c,01072,"Футболка BAPE Camo (Черный, XL)",Футболки/BAPE,1000.0,0.0,True,,https://miniature-prod.moysklad.ru/miniature/87fab22b-93c2-11f0-0a80-04c3000069c0/documentminiature/3cbb2986-53db-4097-952d-be15916ca078
6efe555b-965d-11f0-0a80-16d9001dae73,01073,"Футболка BAPE Camo (Черный, XS)",Футболки/BAPE,1000.0,0.0,True,,https://miniature-prod.moysklad.ru/miniature/87fab22b-93c2-11f0-0a80-04c3000069c0/documentminiature/3cbb2986-53db-4097-952d-be15916ca078
6f007db0-965d-11f0-0a80-16d9001dae7a,01074,"Футболка BAPE Camo (Черный, XXS)",Футболки/BAPE,1000.0,0.0,True,,https://miniature-prod.moysklad.ru/miniature/87fab22b-93c2-11f0-0a80-04c3000069c0/documentminiature/3cbb2986-53db-4097-952d-be15916ca078
0e2fd098-965c-11f0-0a80-0844001d2169,00109,Футболка BAPE Kid Kudi,Футболки/BAPE,1000.0,0.0,True,,https://miniature-prod.moysklad.ru/miniature/87fab22b-93c2-11f0-0a80-04c3000069c0/documentminiature/32d07e07-d0e8-45eb-9aba-b1fc970a682e
1abfbde2-965c-11f0-0a80-0cc6001d55c7,00953,"Футболка BAPE Kid Kudi (Белый, 2XL)",Футболки/BAPE,1000.0,0.0,True,,https://miniature-prod.moysklad.ru/miniature/87fab22b-93c2-11f0-0a80-04c3000069c0/documentminiature/32d07e07-d0e8-45eb-9aba-b1fc970a682e
1ac26956-965c-11f0-0a80-0cc6001d55ce,00954,"Футболка BAPE Kid Kudi (Белый, L)",Футболки/BAPE,1000.0,0.0,True,,https://miniature-prod.moysklad.ru/miniature/87fab22b-93c2-11f0-0a80-04c3000069c0/documentminiature/32d07e07-d0e8-45eb-9aba-b1fc970a682e
1ac4efe5-965c-11f0-0a80-0cc6001d55d5,00955,"Футболка BAPE Kid Kudi (Белый, M)",Футболки/BAPE,1000.0,0.0,True,,https://miniature-prod.moysklad.ru/miniature/87fab22b-93c2-11f0-0a80-04c3000069c0/documentminiature/32d07e07-d0e8-45eb-9aba-b1fc970a682e
1ac7451d-965c-11f0-0a80-0cc6001d55dc,00956,"Футболка BAPE Kid Kudi (Белый, S)",Футболки/BAPE,1000.0,0.0,True,,https://miniature-prod.moysklad.ru/miniature/87fab22b-93c2-11f0-0a80-04c3000069c0/documentminiature/32d07e07-d0e8-45eb-9aba-b1fc970a682e
1ac975bf-965c-11f0-0a80-0cc6001d55e3,00957,"Футболка BAPE Kid Kudi (Белый, XL)",Футболки/BAPE,1000.0,0.0,True,,https://miniature-prod.moysklad.ru/miniature/87fab22b-93c2-11f0-0a80-04c3000069c0/documentminiature/32d07e07-d0e8-45eb-9aba-b1fc970a682e
1acb9b44-965c-11f0-0a80-0cc6001d55ea,00958,"Футболка BAPE Kid Kudi (Белый, XS)",Футболки/BAPE,1000.0,0.0,True,,https://miniature-prod.moysklad.ru/miniature/87fab22b-93c2-11f0-0a80-04c3000069c0/documentminiature/32d07e07-d0e8-45eb-9aba-b1fc970a682e
1ace55df-965c-11f0-0a80-0cc6001d55f1,00959,"Футболка BAPE Kid Kudi (Белый, XXS)",Футболки/BAPE,1000.0,0.0,True,,https://miniature-prod.moysklad.ru/miniature/87fab22b-93c2-11f0-0a80-04c3000069c0/documentminiature/32d07e07-d0e8-45eb-9aba-b1fc970a682e
33c227ab-965c-11f0-0a80-16d9001dab66,00110,Футболка BAPE Milo,Футболки/BAPE,1000.0,0.0,True,,https://miniature-prod.moysklad.ru/miniature/87fab22b-93c2-11f0-0a80-04c3000069c0/documentminiature/0f2d6a56-715a-4e3b-b835-cbec01a922f1
44cdb601-965c-11f0-0a80-0f42001d6c28,00960,"Футболка BAPE Milo (Черный, 2XL)",Футболки/BAPE,1000.0,0.0,True,,https://miniature-prod.moysklad.ru/miniature/87fab22b-93c2-11f0-0a80-04c3000069c0/documentminiature/0f2d6a56-715a-4e3b-b835-cbec01a922f1
44d0881d-965c-11f0-0a80-0f42001d6c2f,00961,"Футболка BAPE Milo (Черный, L)",Футболки/BAPE,1000.0,0.0,True,,https://miniature-prod.moysklad.ru/miniature/87fab22b-93c2-11f0-0a80-04c3000069c0/documentminiature/0f2d6a56-715a-4e3b-b835-cbec01a922f1
44d3180e-965c-11f0-0a80-0f42001d6c36,00962,"Футболка BAPE Milo (Черный, M)",Футболки/BAPE,1000.0,0.0,True,,https://miniature-prod.moysklad.ru/miniature/87fab22b-93c2-11f0-0a80-04c3000069c0/documentminiature/0f2d6a56-715a-4e3b-b835-cbec01a922f1
44d584c4-965c-11f0-0a80-0f42001d6c3d,00963,"Футболка BAPE Milo (Черный, S)",Футболки/BAPE,1000.0,0.0,True,,https://miniature-prod.moysklad.ru/miniature/87fab22b-93c2-11f0-0a80-04c3000069c0/documentminiature/0f2d6a56-715a-4e3b-b835-cbec01a922f1
44d7daf5-965c-11f0-0a80-0f42001d6c44,00964,"Футболка BAPE Milo (Черный, XL)",Футболки/BAPE,1000.0,0.0,True,,https://miniature-prod.moysklad.ru/miniature/87fab22b-93c2-11f0-0a80-04c3000069c0/documentminiature/0f2d6a56-715a-4e3b-b835-cbec01a922f1
44da23ae-965c-11f0-0a80-0f42001d6c4b,00965,"Футболка BAPE Milo (Черный, XS)",Футболки/BAPE,1000.0,0.0,True,,https://miniature-prod.moysklad.ru/miniature/87fab22b-93c2-11f0-0a80-04c3000069c0/documentminiature/0f2d6a56-715a-4e3b-b835-cbec01a922f1
44dc5f6b-965c-11f0-0a80-0f42001d6c52,00966,"Футболка BAPE Milo (Черный, XXS)",Футболки/BAPE,1000.0,0.0,True,,https://miniature-prod.moysklad.ru/miniature/87fab22b-93c2-11f0-0a80-04c3000069c0/documentminiature/0f2d6a56-715a-4e3b-b835-cbec01a922f1
6a6bcbee-965c-11f0-0a80-17d5001db293,00112,Футболка BAPE Milo CDG,Футболки/BAPE,1000.0,0.0,True,,https://miniature-prod.moysklad.ru/miniature/87fab22b-93c2-11f0-0a80-04c3000069c0/documentminiature/cae0b406-424d-4a58-8029-d3db2fe8e932
96f107ca-965c-11f0-0a80-0f42001d6cc0,00114,Футболка BAPE Milo CDG,Футболки/BAPE,1000.0,0.0,True,,https://miniature-prod.moysklad.ru/miniature/87fab22b-93c2-11f0-0a80-04c3000069c0/documentminiature/7ce6dbb2-4d50-4aaa-b513-416bf34345f7
79ebf44e-965c-11f0-0a80-187f001e0645,00977,"Футболка BAPE Milo CDG (Белый, 2XL)",Футболки/BAPE,1000.0,0.0,True,,https://miniature-prod.moysklad.ru/miniature/87fab22b-93c2-11f0-0a80-04c3000069c0/documentminiature/cae0b406-424d-4a58-8029-d3db2fe8e932
a2937702-965c-11f0-0a80-1bbe001c9d74,01001,"Футболка BAPE Milo CDG (Белый, 2XL)",Футболки/BAPE,1000.0,0.0,True,,https://miniature-prod.moysklad.ru/miniature/87fab22b-93c2-11f0-0a80-04c3000069c0/documentminiature/7ce6dbb2-4d50-4aaa-b513-416bf34345f7
79ef7349-965c-11f0-0a80-187f001e064c,00978,"Футболка BAPE Milo CDG (Белый, L)",Футболки/BAPE,1000.0,0.0,True,,https://miniature-prod.moysklad.ru/miniature/87fab22b-93c2-11f0-0a80-04c3000069c0/documentminiature/cae0b406-424d-4a58-8029-d3db2fe8e932
a295d9b8-965c-11f0-0a80-1bbe001c9d7b,01002,"Футболка BAPE Milo CDG (Белый, L)",Футболки/BAPE,1000.0,0.0,True,,https://miniature-prod.moysklad.ru/miniature/87fab22b-93c2-11f0-0a80-04c3000069c0/documentminiature/7ce6dbb2-4d50-4aaa-b513-416bf34345f7
79f2313d-965c-11f0-0a80-187f001e0653,00979,"Футболка BAPE Milo CDG (Белый, M)",Футболки/BAPE,1000.0,0.0,True,,https://miniature-prod.moysklad.ru/miniature/87fab22b-93c2-11f0-0a80-04c3000069c0/documentminiature/cae0b406-424d-4a58-8029-d3db2fe8e932
a297be4c-965c-11f0-0a80-1bbe001c9d82,01003,"Футболка BAPE Milo CDG (Белый, M)",Футболки/BAPE,1000.0,0.0,True,,https://miniature-prod.moysklad.ru/miniature/87fab22b-93c2-11f0-0a80-04c3000069c0/documentminiature/7ce6dbb2-4d50-4aaa-b513-416bf34345f7
79f43b9e-965c-11f0-0a80-187f001e065a,00980,"Футболка BAPE Milo CDG (Белый, S)",Футболки/BAPE,1000.0,0.0,True,,https://miniature-prod.moysklad.ru/miniature/87fab22b-93c2-11f0-0a80-04c3000069c0/documentminiature/cae0b406-424d-4a58-8029-d3db2fe8e932
a299d94a-965c-11f0-0a80-1bbe001c9d89,01004,"Футболка BAPE Milo CDG (Белый, S)",Футболки/BAPE,1000.0,0.0,True,,https://miniature-prod.moysklad.ru/miniature/87fab22b-93c2-11f0-0a80-04c3000069c0/documentminiature/7ce6dbb2-4d50-4aaa-b513-416bf34345f7
79f75ace-965c-11f0-0a80-187f001e0661,00981,"Футболка BAPE Milo CDG (Белый, XL)",Футболки/BAPE,1000.0,0.0,True,,https://miniature-prod.moysklad.ru/miniature/87fab22b-93c2-11f0-0a80-04c3000069c0/documentminiature/cae0b406-424d-4a58-8029-d3db2fe8e932
a29c8424-965c-11f0-0a80-1bbe001c9d90,01005,"Футболка BAPE Milo CDG (Белый, XL)",Футболки/BAPE,1000.0,0.0,True,,https://miniature-prod.moysklad.ru/miniature/87fab22b-93c2-11f0-0a80-04c3000069c0/documentminiature/7ce6dbb2-4d50-4aaa-b513-416bf34345f7
79fa6115-965c-11f0-0a80-187f001e0668,00982,"Футболка BAPE Milo CDG (Белый, XS)",Футболки/BAPE,1000.0,0.0,True,,https://miniature-prod.moysklad.ru/miniature/87fab22b-93c2-11f0-0a80-04c3000069c0/documentminiature/cae0b406-424d-4a58-8029-d3db2fe8e932
a29e7b72-965c-11f0-0a80-1bbe001c9d97,01006,"Футболка BAPE Milo CDG (Белый, XS)",Футболки/BAPE,1000.0,0.0,True,,https://miniature-prod.moysklad.ru/miniature/87fab22b-93c2-11f0-0a80-04c3000069c0/documentminiature/7ce6dbb2-4d50-4aaa-b513-416bf34345f7
79fd6651-965c-11f0-0a80-187f001e066f,00983,"Футболка BAPE Milo CDG (Белый, XXS)",Футболки/BAPE,1000.0,0.0,True,,https://miniature-prod.moysklad.ru/miniature/87fab22b-93c2-11f0-0a80-04c3000069c0/documentminiature/cae0b406-424d-4a58-8029-d3db2fe8e932
a2a0730e-965c-11f0-0a80-1bbe001c9d9e,01007,"Футболка BAPE Milo CDG (Белый, XXS)",Футболки/BAPE,1000.0,0.0,True,,https://miniature-prod.moysklad.ru/miniature/87fab22b-93c2-11f0-0a80-04c3000069c0/documentminiature/7ce6dbb2-4d50-4aaa-b513-416bf34345f7
7a00a0ad-965c-11f0-0a80-187f001e0676,00984,"Футболка BAPE Milo CDG (Черный, 2XL)",Футболки/BAPE,1000.0,0.0,True,,https://miniature-prod.moysklad.ru/miniature/87fab22b-93c2-11f0-0a80-04c3000069c0/documentminiature/cae0b406-424d-4a58-8029-d3db2fe8e932
a2a28817-965c-11f0-0a80-1bbe001c9da5,01008,"Футболка BAPE Milo CDG (Черный, 2XL)",Футболки/BAPE,1000.0,0.0,True,,https://miniature-prod.moysklad.ru/miniature/87fab22b-93c2-11f0-0a80-04c3000069c0/documentminiature/7ce6dbb2-4d50-4aaa-b513-416bf34345f7
7a03ab25-965c-11f0-0a80-187f001e067d,00985,"Футболка BAPE Milo CDG (Черный, L)",Футболки/BAPE,1000.0,0.0,True,,https://miniature-prod.moysklad.ru/miniature/87fab22b-93c2-11f0-0a80-04c3000069c0/documentminiature/cae0b406-424d-4a58-8029-d3db2fe8e932
a2a46edb-965c-11f0-0a80-1bbe001c9dac,01009,"Футболка BAPE Milo CDG (Черный, L)",Футболки/BAPE,1000.0,0.0,True,,https://miniature-prod.moysklad.ru/miniature/87fab22b-93c2-11f0-0a80-04c3000069c0/documentminiature/7ce6dbb2-4d50-4aaa-b513-416bf34345f7
7a0723b0-965c-11f0-0a80-187f001e0684,00986,"Футболка BAPE Milo CDG (Черный, M)",Футболки/BAPE,1000.0,0.0,True,,https://miniature-prod.moysklad.ru/miniature/87fab22b-93c2-11f0-0a80-04c3000069c0/documentminiature/cae0b406-424d-4a58-8029-d3db2fe8e932
a2a65bec-965c-11f0-0a80-1bbe001c9db3,01010,"Футболка BAPE Milo CDG (Черный, M)",Футболки/BAPE,1000.0,0.0,True,,https://miniature-prod.moysklad.ru/miniature/87fab22b-93c2-11f0-0a80-04c3000069c0/documentminiature/7ce6dbb2-4d50-4aaa-b513-416bf34345f7
7a0b49ba-965c-11f0-0a80-187f001e068b,00987,"Футболка BAPE Milo CDG (Черный, S)",Футболки/BAPE,1000.0,0.0,True,,https://miniature-prod.moysklad.ru/miniature/87fab22b-93c2-11f0-0a80-04c3000069c0/documentminiature/cae0b406-424d-4a58-8029-d3db2fe8e932
a2a86687-965c-11f0-0a80-1bbe001c9dba,01011,"Футболка BAPE Milo CDG (Черный, S)",Футболки/BAPE,1000.0,0.0,True,,https://miniature-prod.moysklad.ru/miniature/87fab22b-93c2-11f0-0a80-04c3000069c0/documentminiature/7ce6dbb2-4d50-4aaa-b513-416bf34345f7
7a0e2fc0-965c-11f0-0a80-187f001e0692,00988,"Футболка BAPE Milo CDG (Черный, XL)",Футболки/BAPE,1000.0,0.0,True,,https://miniature-prod.moysklad.ru/miniature/87fab22b-93c2-11f0-0a80-04c3000069c0/documentminiature/cae0b406-424d-4a58-8029-d3db2fe8e932
a2aa8a7d-965c-11f0-0a80-1bbe001c9dc1,01012,"Футболка BAPE Milo CDG (Черный, XL)",Футболки/BAPE,1000.0,0.0,True,,https://miniature-prod.moysklad.ru/miniature/87fab22b-93c2-11f0-0a80-04c3000069c0/documentminiature/7ce6dbb2-4d50-4aaa-b513-416bf34345f7
7a1121d4-965c-11f0-0a80-187f001e0699,00989,"Футболка BAPE Milo CDG (Черный, XS)",Футболки/BAPE,1000.0,0.0,True,,https://miniature-prod.moysklad.ru/miniature/87fab22b-93c2-11f0-0a80-04c3000069c0/documentminiature/cae0b406-424d-4a58-8029-d3db2fe8e932
a2ac82ba-965c-11f0-0a80-1bbe001c9dc8,01013,"Футболка BAPE Milo CDG (Черный, XS)",Футболки/BAPE,1000.0,0.0,True,,https://miniature-prod.moysklad.ru/miniature/87fab22b-93c2-11f0-0a80-04c3000069c0/documentminiature/7ce6dbb2-4d50-4aaa-b513-416bf34345f7
7a142f22-965c-11f0-0a80-187f001e06a0,00990,"Футболка BAPE Milo CDG (Черный, XXS)",Футболки/BAPE,1000.0,0.0,True,,https://miniature-prod.moysklad.ru/miniature/87fab22b-93c2-11f0-0a80-04c3000069c0/documentminiature/cae0b406-424d-4a58-8029-d3db2fe8e932
a2ae80f9-965c-11f0-0a80-1bbe001c9dcf,01014,"Футболка BAPE Milo CDG (Черный, XXS)",Футболки/BAPE,1000.0,0.0,True,,https://miniature-prod.moysklad.ru/miniature/87fab22b-93c2-11f0-0a80-04c3000069c0/documentminiature/7ce6dbb2-4d50-4aaa-b513-416bf34345f7
85ee2a21-965b-11f0-0a80-0729001df8c4,00103,Футболка BAPE Retro ape,Футболки/BAPE,1000.0,0.0,True,,https://miniature-prod.moysklad.ru/miniature/87fab22b-93c2-11f0-0a80-04c3000069c0/documentminiature/2d5811f5-4f2f-4e5e-929e-5b529d0a5cef
91f01161-965b-11f0-0a80-0f42001d69a2,00912,"Футболка BAPE Retro ape (Белый, 2XL)",Футболки/BAPE,1000.0,0.0,True,,https://miniature-prod.moysklad.ru/miniature/87fab22b-93c2-11f0-0a80-04c3000069c0/documentminiature/2d5811f5-4f2f-4e5e-929e-5b529d0a5cef
91f2c3ee-965b-11f0-0a80-0f42001d69a9,00913,"Футболка BAPE Retro ape (Белый, L)",Футболки/BAPE,1000.0,0.0,True,,https://miniature-prod.moysklad.ru/miniature/87fab22b-93c2-11f0-0a80-04c3000069c0/documentminiature/2d5811f5-4f2f-4e5e-929e-5b529d0a5cef
91f5018b-965b-11f0-0a80-0f42001d69b0,00914,"Футболка BAPE Retro ape (Белый, M)",Футболки/BAPE,1000.0,0.0,True,,https://miniature-prod.moysklad.ru/miniature/87fab22b-93c2-11f0-0a80-04c3000069c0/documentminiature/2d5811f5-4f2f-4e5e-929e-5b529d0a5cef
91f7ccc7-965b-11f0-0a80-0f42001d69b7,00915,"Футболка BAPE Retro ape (Белый, S)",Футболки/BAPE,1000.0,0.0,True,,https://miniature-prod.moysklad.ru/miniature/87fab22b-93c2-11f0-0a80-04c3000069c0/documentminiature/2d5811f5-4f2f-4e5e-929e-5b529d0a5cef
91fa229f-965b-11f0-0a80-0f42001d69be,00916,"Футболка BAPE Retro ape (Белый, XL)",Футболки/BAPE,1000.0,0.0,True,,https://miniature-prod.moysklad.ru/miniature/87fab22b-93c2-11f0-0a80-04c3000069c0/documentminiature/2d5811f5-4f2f-4e5e-929e-5b529d0a5cef
91fc4e0b-965b-11f0-0a80-0f42001d69c5,00917,"Футболка BAPE Retro ape (Белый, XS)",Футболки/BAPE,1000.0,0.0,True,,https://miniature-prod.moysklad.ru/miniature/87fab22b-93c2-11f0-0a80-04c3000069c0/documentminiature/2d5811f5-4f2f-4e5e-929e-5b529d0a5cef
91feaf50-965b-11f0-0a80-0f42001d69cc,00918,"Футболка BAPE Retro ape (Белый, XXS)",Футболки/BAPE,1000.0,0.0,True,,https://miniature-prod.moysklad.ru/miniature/87fab22b-93c2-11f0-0a80-04c3000069c0/documentminiature/2d5811f5-4f2f-4e5e-929e-5b529d0a5cef
27fa1b66-965d-11f0-0a80-0df4001d672a,00119,Футболка BAPE neon green,Футболки/BAPE,1000.0,0.0,True,,https://miniature-prod.moysklad.ru/miniature/87fab22b-93c2-11f0-0a80-04c3000069c0/documentminiature/f689fba4-d967-40b9-8756-6ff3953705a1
3378167e-965d-11f0-0a80-0cc6001d59e3,01049,"Футболка BAPE neon green (Черный, 2XL)",Футболки/BAPE,1000.0,0.0,True,,https://miniature-prod.moysklad.ru/miniature/87fab22b-93c2-11f0-0a80-04c3000069c0/documentminiature/f689fba4-d967-40b9-8756-6ff3953705a1
337b7b4d-965d-11f0-0a80-0cc6001d59ea,01050,"Футболка BAPE neon green (Черный, L)",Футболки/BAPE,1000.0,0.0,True,,https://miniature-prod.moysklad.ru/miniature/87fab22b-93c2-11f0-0a80-04c3000069c0/documentminiature/f689fba4-d967-40b9-8756-6ff3953705a1
337eaf36-965d-11f0-0a80-0cc6001d59f1,01051,"Футболка BAPE neon green (Черный, M)",Футболки/BAPE,1000.0,-1.0,True,,https://miniature-prod.moysklad.ru/miniature/87fab22b-93c2-11f0-0a80-04c3000069c0/documentminiature/f689fba4-d967-40b9-8756-6ff3953705a1
3381ee33-965d-11f0-0a80-0cc6001d59f8,01052,"Футболка BAPE neon green (Черный, S)",Футболки/BAPE,1000.0,0.0,True,,https://miniature-prod.moysklad.ru/miniature/87fab22b-93c2-11f0-0a80-04c3000069c0/documentminiature/f689fba4-d967-40b9-8756-6ff3953705a1
338517ed-965d-11f0-0a80-0cc6001d59ff,01053,"Футболка BAPE neon green (Черный, XL)",Футболки/BAPE,1000.0,0.0,True,,https://miniature-prod.moysklad.ru/miniature/87fab22b-93c2-11f0-0a80-04c3000069c0/documentminiature/f689fba4-d967-40b9-8756-6ff3953705a1
d81f3c83-965a-11f0-0a80-0f42001d6682,00095,Футболка BAPE x CDG,Футболки/BAPE,1000.0,0.0,True,,https://miniature-prod.moysklad.ru/miniature/87fab22b-93c2-11f0-0a80-04c3000069c0/documentminiature/5ea6d648-412d-4fa8-be6b-8f14a38d5e3e
1920498e-965b-11f0-0a80-0efd001da6a5,00097,Футболка BAPE x CDG,Футболки/BAPE,1000.0,0.0,True,,https://miniature-prod.moysklad.ru/miniature/87fab22b-93c2-11f0-0a80-04c3000069c0/documentminiature/9c1b76db-8083-4111-b0ab-8179b481a72e
22488fef-965b-11f0-0a80-0844001d1e2d,00861,"Футболка BAPE x CDG (Белый, 2XL)",Футболки/BAPE,1000.0,0.0,True,,https://miniature-prod.moysklad.ru/miniature/87fab22b-93c2-11f0-0a80-04c3000069c0/documentminiature/9c1b76db-8083-4111-b0ab-8179b481a72e
224ba2af-965b-11f0-0a80-0844001d1e34,00862,"Футболка BAPE x CDG (Белый, L)",Футболки/BAPE,1000.0,0.0,True,,https://miniature-prod.moysklad.ru/miniature/87fab22b-93c2-11f0-0a80-04c3000069c0/documentminiature/9c1b76db-8083-4111-b0ab-8179b481a72e
224de8be-965b-11f0-0a80-0844001d1e3b,00863,"Футболка BAPE x CDG (Белый, M)",Футболки/BAPE,1000.0,0.0,True,,https://miniature-prod.moysklad.ru/miniature/87fab22b-93c2-11f0-0a80-04c3000069c0/documentminiature/9c1b76db-8083-4111-b0ab-8179b481a72e
224ff58c-965b-11f0-0a80-0844001d1e42,00864,"Футболка BAPE x CDG (Белый, S)",Футболки/BAPE,1000.0,0.0,True,,https://miniature-prod.moysklad.ru/miniature/87fab22b-93c2-11f0-0a80-04c3000069c0/documentminiature/9c1b76db-8083-4111-b0ab-8179b481a72e
22522579-965b-11f0-0a80-0844001d1e49,00865,"Футболка BAPE x CDG (Белый, XL)",Футболки/BAPE,1000.0,0.0,True,,https://miniature-prod.moysklad.ru/miniature/87fab22b-93c2-11f0-0a80-04c3000069c0/documentminiature/9c1b76db-8083-4111-b0ab-8179b481a72e
22549963-965b-11f0-0a80-0844001d1e50,00866,"Футболка BAPE x CDG (Белый, XS)",Футболки/BAPE,1000.0,0.0,True,,https://miniature-prod.moysklad.ru/miniature/87fab22b-93c2-11f0-0a80-04c3000069c0/documentminiature/9c1b76db-8083-4111-b0ab-8179b481a72e
2256c0a3-965b-11f0-0a80-0844001d1e57,00867,"Футболка BAPE x CDG (Белый, XXS)",Футболки/BAPE,1000.0,0.0,True,,https://miniature-prod.moysklad.ru/miniature/87fab22b-93c2-11f0-0a80-04c3000069c0/documentminiature/9c1b76db-8083-4111-b0ab-8179b481a72e
e1fa7bd7-965a-11f0-0a80-058c001d4a5a,00849,"Футболка BAPE x CDG (Черный, 2XL)",Футболки/BAPE,1000.0,0.0,True,,https://miniature-prod.moysklad.ru/miniature/87fab22b-93c2-11f0-0a80-04c3000069c0/documentminiature/5ea6d648-412d-4fa8-be6b-8f14a38d5e3e
e1fcf43d-965a-11f0-0a80-058c001d4a61,00850,"Футболка BAPE x CDG (Черный, L)",Футболки/BAPE,1000.0,0.0,True,,https://miniature-prod.moysklad.ru/miniature/87fab22b-93c2-11f0-0a80-04c3000069c0/documentminiature/5ea6d648-412d-4fa8-be6b-8f14a38d5e3e
e1ff4a8b-965a-11f0-0a80-058c001d4a68,00851,"Футболка BAPE x CDG (Черный, M)",Футболки/BAPE,1000.0,0.0,True,,https://miniature-prod.moysklad.ru/miniature/87fab22b-93c2-11f0-0a80-04c3000069c0/documentminiature/5ea6d648-412d-4fa8-be6b-8f14a38d5e3e
e2018f54-965a-11f0-0a80-058c001d4a6f,00852,"Футболка BAPE x CDG (Черный, S)",Футболки/BAPE,1000.0,0.0,True,,https://miniature-prod.moysklad.ru/miniature/87fab22b-93c2-11f0-0a80-04c3000069c0/documentminiature/5ea6d648-412d-4fa8-be6b-8f14a38d5e3e
e2040edf-965a-11f0-0a80-058c001d4a76,00853,"Футболка BAPE x CDG (Черный, XL)",Футболки/BAPE,1000.0,0.0,True,,https://miniature-prod.moysklad.ru/miniature/87fab22b-93c2-11f0-0a80-04c3000069c0/documentminiature/5ea6d648-412d-4fa8-be6b-8f14a38d5e3e
e2061b61-965a-11f0-0a80-058c001d4a7d,00854,"Футболка BAPE x CDG (Черный, XS)",Футболки/BAPE,1000.0,0.0,True,,https://miniature-prod.moysklad.ru/miniature/87fab22b-93c2-11f0-0a80-04c3000069c0/documentminiature/5ea6d648-412d-4fa8-be6b-8f14a38d5e3e
e2084be3-965a-11f0-0a80-058c001d4a84,00855,"Футболка BAPE x CDG (Черный, XXS)",Футболки/BAPE,1000.0,0.0,True,,https://miniature-prod.moysklad.ru/miniature/87fab22b-93c2-11f0-0a80-04c3000069c0/documentminiature/5ea6d648-412d-4fa8-be6b-8f14a38d5e3e
e84878d4-965b-11f0-0a80-1435001d92bd,00107,Футболка Baju Bape Krunk X Bathing Ape Bape,Футболки/BAPE,1000.0,0.0,True,,https://miniature-prod.moysklad.ru/miniature/87fab22b-93c2-11f0-0a80-04c3000069c0/documentminiature/e3c02d10-cc9e-4c15-bf67-d959a56d606a
f1094edc-965b-11f0-0a80-16d9001daa74,00936,"Футболка Baju Bape Krunk X Bathing Ape Bape (Белый, 2XL)",Футболки/BAPE,1000.0,0.0,True,,https://miniature-prod.moysklad.ru/miniature/87fab22b-93c2-11f0-0a80-04c3000069c0/documentminiature/e3c02d10-cc9e-4c15-bf67-d959a56d606a
f10cc302-965b-11f0-0a80-16d9001daa7b,00937,"Футболка Baju Bape Krunk X Bathing Ape Bape (Белый, L)",Футболки/BAPE,1000.0,0.0,True,,https://miniature-prod.moysklad.ru/miniature/87fab22b-93c2-11f0-0a80-04c3000069c0/documentminiature/e3c02d10-cc9e-4c15-bf67-d959a56d606a
f10f2d81-965b-11f0-0a80-16d9001daa82,00938,"Футболка Baju Bape Krunk X Bathing Ape Bape (Белый, M)",Футболки/BAPE,1000.0,0.0,True,,https://miniature-prod.moysklad.ru/miniature/87fab22b-93c2-11f0-0a80-04c3000069c0/documentminiature/e3c02d10-cc9e-4c15-bf67-d959a56d606a
f11170a7-965b-11f0-0a80-16d9001daa89,00939,"Футболка Baju Bape Krunk X Bathing Ape Bape (Белый, S)",Футболки/BAPE,1000.0,0.0,True,,https://miniature-prod.moysklad.ru/miniature/87fab22b-93c2-11f0-0a80-04c3000069c0/documentminiature/e3c02d10-cc9e-4c15-bf67-d959a56d606a
f1138ecc-965b-11f0-0a80-16d9001daa90,00940,"Футболка Baju Bape Krunk X Bathing Ape Bape (Белый, XL)",Футболки/BAPE,1000.0,0.0,True,,https://miniature-prod.moysklad.ru/miniature/87fab22b-93c2-11f0-0a80-04c3000069c0/documentminiature/e3c02d10-cc9e-4c15-bf67-d959a56d606a
f115b557-965b-11f0-0a80-16d9001daa97,00941,"Футболка Baju Bape Krunk X Bathing Ape Bape (Белый, XS)",Футболки/BAPE,1000.0,0.0,True,,https://miniature-prod.moysklad.ru/miniature/87fab22b-93c2-11f0-0a80-04c3000069c0/documentminiature/e3c02d10-cc9e-4c15-bf67-d959a56d606a
f117aa48-965b-11f0-0a80-16d9001daac5,00942,"Футболка Baju Bape Krunk X Bathing Ape Bape (Белый, XXS)",Футболки/BAPE,1000.0,0.0,True,,https://miniature-prod.moysklad.ru/miniature/87fab22b-93c2-11f0-0a80-04c3000069c0/documentminiature/e3c02d10-cc9e-4c15-bf67-d959a56d606a
be50156f-77d8-11f1-0a80-1dbb001befa2,00678,Футболка Bape,Футболки/BAPE,1000.0,0.0,True,,https://miniature-prod.moysklad.ru/miniature/87fab22b-93c2-11f0-0a80-04c3000069c0/documentminiature/99dd2483-c93b-4964-ad95-e177718caaa2
c869545c-77d8-11f1-0a80-1e22001ca2d7,05655,"Футболка Bape (2XL, Черный)",Футболки/BAPE,1000.0,0.0,True,,https://miniature-prod.moysklad.ru/miniature/87fab22b-93c2-11f0-0a80-04c3000069c0/documentminiature/99dd2483-c93b-4964-ad95-e177718caaa2
c86d50f0-77d8-11f1-0a80-1e22001ca2e0,05656,"Футболка Bape (L, Черный)",Футболки/BAPE,1000.0,0.0,True,,https://miniature-prod.moysklad.ru/miniature/87fab22b-93c2-11f0-0a80-04c3000069c0/documentminiature/99dd2483-c93b-4964-ad95-e177718caaa2
c870f7e4-77d8-11f1-0a80-1e22001ca2e9,05657,"Футболка Bape (M, Черный)",Футболки/BAPE,1000.0,0.0,True,,https://miniature-prod.moysklad.ru/miniature/87fab22b-93c2-11f0-0a80-04c3000069c0/documentminiature/99dd2483-c93b-4964-ad95-e177718caaa2
c87440f2-77d8-11f1-0a80-1e22001ca2f2,05658,"Футболка Bape (S, Черный)",Футболки/BAPE,1000.0,0.0,True,,https://miniature-prod.moysklad.ru/miniature/87fab22b-93c2-11f0-0a80-04c3000069c0/documentminiature/99dd2483-c93b-4964-ad95-e177718caaa2
c877b7b4-77d8-11f1-0a80-1e22001ca2fb,05659,"Футболка Bape (XL, Черный)",Футболки/BAPE,1000.0,0.0,True,,https://miniature-prod.moysklad.ru/miniature/87fab22b-93c2-11f0-0a80-04c3000069c0/documentminiature/99dd2483-c93b-4964-ad95-e177718caaa2
6d20c83d-67f6-11f1-0a80-17cb0031e42b,00659,Футболка Bape AAPER,Футболки/BAPE,1100.0,0.0,True,,https://miniature-prod.moysklad.ru/miniature/87fab22b-93c2-11f0-0a80-04c3000069c0/documentminiature/c1d77824-f57a-414b-8ee1-8a9617c47c0b
772a13db-67f6-11f1-0a80-1efc002f9d6b,05495,"Футболка Bape AAPER (Белый, 2XL)",Футболки/BAPE,1100.0,0.0,True,,https://miniature-prod.moysklad.ru/miniature/87fab22b-93c2-11f0-0a80-04c3000069c0/documentminiature/c1d77824-f57a-414b-8ee1-8a9617c47c0b
772e25dd-67f6-11f1-0a80-1efc002f9d74,05496,"Футболка Bape AAPER (Белый, L)",Футболки/BAPE,1100.0,0.0,True,,https://miniature-prod.moysklad.ru/miniature/87fab22b-93c2-11f0-0a80-04c3000069c0/documentminiature/c1d77824-f57a-414b-8ee1-8a9617c47c0b
773102e0-67f6-11f1-0a80-1efc002f9d7d,05497,"Футболка Bape AAPER (Белый, M)",Футболки/BAPE,1100.0,0.0,True,,https://miniature-prod.moysklad.ru/miniature/87fab22b-93c2-11f0-0a80-04c3000069c0/documentminiature/c1d77824-f57a-414b-8ee1-8a9617c47c0b
7733d26e-67f6-11f1-0a80-1efc002f9d86,05498,"Футболка Bape AAPER (Белый, S)",Футболки/BAPE,1100.0,0.0,True,,https://miniature-prod.moysklad.ru/miniature/87fab22b-93c2-11f0-0a80-04c3000069c0/documentminiature/c1d77824-f57a-414b-8ee1-8a9617c47c0b
7737564f-67f6-11f1-0a80-1efc002f9d8f,05499,"Футболка Bape AAPER (Белый, XL)",Футболки/BAPE,1100.0,0.0,True,,https://miniature-prod.moysklad.ru/miniature/87fab22b-93c2-11f0-0a80-04c3000069c0/documentminiature/c1d77824-f57a-414b-8ee1-8a9617c47c0b
6b3ac328-61af-11f1-0a80-17b8001be4ea,00641,Футболка Bape Bikini Bottom,Футболки/BAPE,1150.0,0.0,True,,
7766ba7a-61af-11f1-0a80-1ddf001c47ce,05405,"Футболка Bape Bikini Bottom (Синий Варенка, 2XL)",Футболки/BAPE,1150.0,0.0,True,,
7769ee75-61af-11f1-0a80-1ddf001c47d7,05406,"Футболка Bape Bikini Bottom (Синий Варенка, L)",Футболки/BAPE,1150.0,0.0,True,,
776d497e-61af-11f1-0a80-1ddf001c47e0,05407,"Футболка Bape Bikini Bottom (Синий Варенка, M)",Футболки/BAPE,1150.0,0.0,True,,
776ff91a-61af-11f1-0a80-1ddf001c47e9,05408,"Футболка Bape Bikini Bottom (Синий Варенка, S)",Футболки/BAPE,1150.0,0.0,True,,
77729f9d-61af-11f1-0a80-1ddf001c47f2,05409,"Футболка Bape Bikini Bottom (Синий Варенка, XL)",Футболки/BAPE,1150.0,0.0,True,,
5c522d15-67f0-11f1-0a80-045b002f32b5,00657,Футболка Bape Gorilla aHead,Футболки/BAPE,1100.0,0.0,True,,https://miniature-prod.moysklad.ru/miniature/87fab22b-93c2-11f0-0a80-04c3000069c0/documentminiature/9f049df3-28a5-43f8-b2f8-58c7cee22fd7
65dc3f4b-67f0-11f1-0a80-045b002f3358,05485,"Футболка Bape Gorilla aHead (Белый, 2XL)",Футболки/BAPE,1100.0,0.0,True,,https://miniature-prod.moysklad.ru/miniature/87fab22b-93c2-11f0-0a80-04c3000069c0/documentminiature/9f049df3-28a5-43f8-b2f8-58c7cee22fd7
65e0465d-67f0-11f1-0a80-045b002f3361,05486,"Футболка Bape Gorilla aHead (Белый, L)",Футболки/BAPE,1100.0,0.0,True,,https://miniature-prod.moysklad.ru/miniature/87fab22b-93c2-11f0-0a80-04c3000069c0/documentminiature/9f049df3-28a5-43f8-b2f8-58c7cee22fd7
65e4920c-67f0-11f1-0a80-045b002f336a,05487,"Футболка Bape Gorilla aHead (Белый, M)",Футболки/BAPE,1100.0,0.0,True,,https://miniature-prod.moysklad.ru/miniature/87fab22b-93c2-11f0-0a80-04c3000069c0/documentminiature/9f049df3-28a5-43f8-b2f8-58c7cee22fd7
65e7804d-67f0-11f1-0a80-045b002f3373,05488,"Футболка Bape Gorilla aHead (Белый, S)",Футболки/BAPE,1100.0,0.0,True,,https://miniature-prod.moysklad.ru/miniature/87fab22b-93c2-11f0-0a80-04c3000069c0/documentminiature/9f049df3-28a5-43f8-b2f8-58c7cee22fd7
65ea61b3-67f0-11f1-0a80-045b002f337c,05489,"Футболка Bape Gorilla aHead (Белый, XL)",Футболки/BAPE,1100.0,0.0,True,,https://miniature-prod.moysklad.ru/miniature/87fab22b-93c2-11f0-0a80-04c3000069c0/documentminiature/9f049df3-28a5-43f8-b2f8-58c7cee22fd7
0ba0af5d-61ab-11f1-0a80-0d62001c3a2d,00637,Футболка Bape Maison Margiela,Футболки/BAPE,1000.0,0.0,True,,https://miniature-prod.moysklad.ru/miniature/87fab22b-93c2-11f0-0a80-04c3000069c0/documentminiature/9c322285-de5e-46af-9804-a09130ff0875
198f781a-61ab-11f1-0a80-1ef3001c75b6,05384,"Футболка Bape Maison Margiela (Черный, 2XL)",Футболки/BAPE,1000.0,0.0,True,,https://miniature-prod.moysklad.ru/miniature/87fab22b-93c2-11f0-0a80-04c3000069c0/documentminiature/9c322285-de5e-46af-9804-a09130ff0875
19961a82-61ab-11f1-0a80-1ef3001c75bf,05385,"Футболка Bape Maison Margiela (Черный, L)",Футболки/BAPE,1000.0,0.0,True,,https://miniature-prod.moysklad.ru/miniature/87fab22b-93c2-11f0-0a80-04c3000069c0/documentminiature/9c322285-de5e-46af-9804-a09130ff0875
19990480-61ab-11f1-0a80-1ef3001c75c8,05386,"Футболка Bape Maison Margiela (Черный, M)",Футболки/BAPE,1000.0,0.0,True,,https://miniature-prod.moysklad.ru/miniature/87fab22b-93c2-11f0-0a80-04c3000069c0/documentminiature/9c322285-de5e-46af-9804-a09130ff0875
199c0804-61ab-11f1-0a80-1ef3001c75d1,05387,"Футболка Bape Maison Margiela (Черный, S)",Футболки/BAPE,1000.0,0.0,True,,https://miniature-prod.moysklad.ru/miniature/87fab22b-93c2-11f0-0a80-04c3000069c0/documentminiature/9c322285-de5e-46af-9804-a09130ff0875
199f7b09-61ab-11f1-0a80-1ef3001c75da,05388,"Футболка Bape Maison Margiela (Черный, XL)",Футболки/BAPE,1000.0,0.0,True,,https://miniature-prod.moysklad.ru/miniature/87fab22b-93c2-11f0-0a80-04c3000069c0/documentminiature/9c322285-de5e-46af-9804-a09130ff0875
347f9788-61ae-11f1-0a80-0d62001c77ea,00640,Футболка Bape Milo Варенка,Футболки/BAPE,1150.0,0.0,True,,https://miniature-prod.moysklad.ru/miniature/87fab22b-93c2-11f0-0a80-04c3000069c0/documentminiature/db65e123-ea72-4c2c-ba57-bc0e8b24074d
4262b158-61ae-11f1-0a80-1ef3001cab49,05400,"Футболка Bape Milo Варенка (Бежевый варенка, 2XL)",Футболки/BAPE,1150.0,0.0,True,,https://miniature-prod.moysklad.ru/miniature/87fab22b-93c2-11f0-0a80-04c3000069c0/documentminiature/db65e123-ea72-4c2c-ba57-bc0e8b24074d
4265f6b7-61ae-11f1-0a80-1ef3001cab52,05401,"Футболка Bape Milo Варенка (Бежевый варенка, L)",Футболки/BAPE,1150.0,0.0,True,,https://miniature-prod.moysklad.ru/miniature/87fab22b-93c2-11f0-0a80-04c3000069c0/documentminiature/db65e123-ea72-4c2c-ba57-bc0e8b24074d
42689921-61ae-11f1-0a80-1ef3001cab5b,05402,"Футболка Bape Milo Варенка (Бежевый варенка, M)",Футболки/BAPE,1150.0,0.0,True,,https://miniature-prod.moysklad.ru/miniature/87fab22b-93c2-11f0-0a80-04c3000069c0/documentminiature/db65e123-ea72-4c2c-ba57-bc0e8b24074d
426b2dab-61ae-11f1-0a80-1ef3001cab64,05403,"Футболка Bape Milo Варенка (Бежевый варенка, S)",Футболки/BAPE,1150.0,0.0,True,,https://miniature-prod.moysklad.ru/miniature/87fab22b-93c2-11f0-0a80-04c3000069c0/documentminiature/db65e123-ea72-4c2c-ba57-bc0e8b24074d
426e177d-61ae-11f1-0a80-1ef3001cab70,05404,"Футболка Bape Milo Варенка (Бежевый варенка, XL)",Футболки/BAPE,1150.0,0.0,True,,https://miniature-prod.moysklad.ru/miniature/87fab22b-93c2-11f0-0a80-04c3000069c0/documentminiature/db65e123-ea72-4c2c-ba57-bc0e8b24074d
dd54359d-4fee-11f1-0a80-07580001b15c,00330,Футболка Bape Neon green,Футболки/BAPE,1000.0,0.0,True,,https://miniature-prod.moysklad.ru/miniature/87fab22b-93c2-11f0-0a80-04c3000069c0/documentminiature/23e1cafe-46ef-49dc-8de3-a16b333a33af
e5743fbf-4fee-11f1-0a80-04ca0001d267,02567,"Футболка Bape Neon green (Белый, 2XL)",Футболки/BAPE,1000.0,0.0,True,,https://miniature-prod.moysklad.ru/miniature/87fab22b-93c2-11f0-0a80-04c3000069c0/documentminiature/23e1cafe-46ef-49dc-8de3-a16b333a33af
e578c24d-4fee-11f1-0a80-04ca0001d270,02568,"Футболка Bape Neon green (Белый, L)",Футболки/BAPE,1000.0,1.0,True,,https://miniature-prod.moysklad.ru/miniature/87fab22b-93c2-11f0-0a80-04c3000069c0/documentminiature/23e1cafe-46ef-49dc-8de3-a16b333a33af
e57d7155-4fee-11f1-0a80-04ca0001d279,02569,"Футболка Bape Neon green (Белый, M)",Футболки/BAPE,1000.0,0.0,True,,https://miniature-prod.moysklad.ru/miniature/87fab22b-93c2-11f0-0a80-04c3000069c0/documentminiature/23e1cafe-46ef-49dc-8de3-a16b333a33af
e58214e1-4fee-11f1-0a80-04ca0001d282,02570,"Футболка Bape Neon green (Белый, S)",Футболки/BAPE,1000.0,0.0,True,,https://miniature-prod.moysklad.ru/miniature/87fab22b-93c2-11f0-0a80-04c3000069c0/documentminiature/23e1cafe-46ef-49dc-8de3-a16b333a33af
e58618f9-4fee-11f1-0a80-04ca0001d28b,02571,"Футболка Bape Neon green (Белый, XL)",Футболки/BAPE,1000.0,0.0,True,,https://miniature-prod.moysklad.ru/miniature/87fab22b-93c2-11f0-0a80-04c3000069c0/documentminiature/23e1cafe-46ef-49dc-8de3-a16b333a33af
1c8ceb52-4c69-11f1-0a80-06340032b1ef,00318,Футболка Bape Spanch bob,Футболки/BAPE,1000.0,0.0,True,,https://miniature-prod.moysklad.ru/miniature/87fab22b-93c2-11f0-0a80-04c3000069c0/documentminiature/367929c2-2f11-4ec3-963f-bdc1e8d3fa56
41c6d2a1-4c69-11f1-0a80-10530032c45d,02462,"Футболка Bape Spanch bob (Белый, 2XL)",Футболки/BAPE,1000.0,0.0,True,,https://miniature-prod.moysklad.ru/miniature/87fab22b-93c2-11f0-0a80-04c3000069c0/documentminiature/367929c2-2f11-4ec3-963f-bdc1e8d3fa56
41cabe35-4c69-11f1-0a80-10530032c466,02463,"Футболка Bape Spanch bob (Белый, L)",Футболки/BAPE,1000.0,0.0,True,,https://miniature-prod.moysklad.ru/miniature/87fab22b-93c2-11f0-0a80-04c3000069c0/documentminiature/367929c2-2f11-4ec3-963f-bdc1e8d3fa56
41cdcf9e-4c69-11f1-0a80-10530032c46f,02464,"Футболка Bape Spanch bob (Белый, M)",Футболки/BAPE,1000.0,0.0,True,,https://miniature-prod.moysklad.ru/miniature/87fab22b-93c2-11f0-0a80-04c3000069c0/documentminiature/367929c2-2f11-4ec3-963f-bdc1e8d3fa56
41d177c7-4c69-11f1-0a80-10530032c478,02465,"Футболка Bape Spanch bob (Белый, S)",Футболки/BAPE,1000.0,0.0,True,,https://miniature-prod.moysklad.ru/miniature/87fab22b-93c2-11f0-0a80-04c3000069c0/documentminiature/367929c2-2f11-4ec3-963f-bdc1e8d3fa56
41d4a9e5-4c69-11f1-0a80-10530032c481,02466,"Футболка Bape Spanch bob (Белый, XL)",Футболки/BAPE,1000.0,0.0,True,,https://miniature-prod.moysklad.ru/miniature/87fab22b-93c2-11f0-0a80-04c3000069c0/documentminiature/367929c2-2f11-4ec3-963f-bdc1e8d3fa56
2b663518-5ac1-11f1-0a80-030300003bce,00585,Футболка Bape Sponge Bob,Футболки/BAPE,1250.0,0.0,True,,https://miniature-prod.moysklad.ru/miniature/87fab22b-93c2-11f0-0a80-04c3000069c0/documentminiature/34be4591-e82d-4442-b8da-8c64b5e47942
40a6aa7b-5ac1-11f1-0a80-109100002e40,04697,"Футболка Bape Sponge Bob (Синий, 2XL)",Футболки/BAPE,1250.0,0.0,True,,https://miniature-prod.moysklad.ru/miniature/87fab22b-93c2-11f0-0a80-04c3000069c0/documentminiature/34be4591-e82d-4442-b8da-8c64b5e47942
40aa6f14-5ac1-11f1-0a80-109100002e49,04698,"Футболка Bape Sponge Bob (Синий, L)",Футболки/BAPE,1250.0,0.0,True,,https://miniature-prod.moysklad.ru/miniature/87fab22b-93c2-11f0-0a80-04c3000069c0/documentminiature/34be4591-e82d-4442-b8da-8c64b5e47942
40ae04f2-5ac1-11f1-0a80-109100002e52,04699,"Футболка Bape Sponge Bob (Синий, M)",Футболки/BAPE,1250.0,0.0,True,,https://miniature-prod.moysklad.ru/miniature/87fab22b-93c2-11f0-0a80-04c3000069c0/documentminiature/34be4591-e82d-4442-b8da-8c64b5e47942
40b15c1c-5ac1-11f1-0a80-109100002e5b,04700,"Футболка Bape Sponge Bob (Синий, S)",Футболки/BAPE,1250.0,0.0,True,,https://miniature-prod.moysklad.ru/miniature/87fab22b-93c2-11f0-0a80-04c3000069c0/documentminiature/34be4591-e82d-4442-b8da-8c64b5e47942
40b4ed55-5ac1-11f1-0a80-109100002e64,04701,"Футболка Bape Sponge Bob (Синий, XL)",Футболки/BAPE,1250.0,0.0,True,,https://miniature-prod.moysklad.ru/miniature/87fab22b-93c2-11f0-0a80-04c3000069c0/documentminiature/34be4591-e82d-4442-b8da-8c64b5e47942
4aa44144-b026-11f0-0a80-0ef2002870c4,00216,Футболка Bape a Big Head,Футболки/BAPE,1000.0,0.0,True,,https://miniature-prod.moysklad.ru/miniature/87fab22b-93c2-11f0-0a80-04c3000069c0/documentminiature/ebae271a-9ad1-4999-b5f4-f4df7ac62f93
546d8d10-b026-11f0-0a80-1bab0027df77,01926,"Футболка Bape a Big Head (2XL, Черный)",Футболки/BAPE,1000.0,0.0,True,,https://miniature-prod.moysklad.ru/miniature/87fab22b-93c2-11f0-0a80-04c3000069c0/documentminiature/ebae271a-9ad1-4999-b5f4-f4df7ac62f93
547061ee-b026-11f0-0a80-1bab0027df7e,01927,"Футболка Bape a Big Head (L, Черный)",Футболки/BAPE,1000.0,0.0,True,,https://miniature-prod.moysklad.ru/miniature/87fab22b-93c2-11f0-0a80-04c3000069c0/documentminiature/ebae271a-9ad1-4999-b5f4-f4df7ac62f93
54730bc3-b026-11f0-0a80-1bab0027df85,01928,"Футболка Bape a Big Head (M, Черный)",Футболки/BAPE,1000.0,0.0,True,,https://miniature-prod.moysklad.ru/miniature/87fab22b-93c2-11f0-0a80-04c3000069c0/documentminiature/ebae271a-9ad1-4999-b5f4-f4df7ac62f93
5475bcb8-b026-11f0-0a80-1bab0027df8c,01929,"Футболка Bape a Big Head (S, Черный)",Футболки/BAPE,1000.0,0.0,True,,https://miniature-prod.moysklad.ru/miniature/87fab22b-93c2-11f0-0a80-04c3000069c0/documentminiature/ebae271a-9ad1-4999-b5f4-f4df7ac62f93
5478903b-b026-11f0-0a80-1bab0027df93,01930,"Футболка Bape a Big Head (XL, Черный)",Футболки/BAPE,1000.0,0.0,True,,https://miniature-prod.moysklad.ru/miniature/87fab22b-93c2-11f0-0a80-04c3000069c0/documentminiature/ebae271a-9ad1-4999-b5f4-f4df7ac62f93
547b1f0c-b026-11f0-0a80-1bab0027df9a,01931,"Футболка Bape a Big Head (XS, Черный)",Футболки/BAPE,1000.0,0.0,True,,https://miniature-prod.moysklad.ru/miniature/87fab22b-93c2-11f0-0a80-04c3000069c0/documentminiature/ebae271a-9ad1-4999-b5f4-f4df7ac62f93
d09c60e2-6b0c-11f1-0a80-036600237de7,00664,Футболка Bape x Hello Kitty,Футболки/BAPE,1100.0,0.0,True,,https://miniature-prod.moysklad.ru/miniature/87fab22b-93c2-11f0-0a80-04c3000069c0/documentminiature/1a45d418-1cae-4033-ad0c-919d00d0bd89
db636e26-6b0c-11f1-0a80-14c50023ca57,05520,"Футболка Bape x Hello Kitty (2XL, Розовый)",Футболки/BAPE,1100.0,0.0,True,,https://miniature-prod.moysklad.ru/miniature/87fab22b-93c2-11f0-0a80-04c3000069c0/documentminiature/1a45d418-1cae-4033-ad0c-919d00d0bd89
db673ceb-6b0c-11f1-0a80-14c50023ca60,05521,"Футболка Bape x Hello Kitty (L, Розовый)",Футболки/BAPE,1100.0,0.0,True,,https://miniature-prod.moysklad.ru/miniature/87fab22b-93c2-11f0-0a80-04c3000069c0/documentminiature/1a45d418-1cae-4033-ad0c-919d00d0bd89
db6ad606-6b0c-11f1-0a80-14c50023ca69,05522,"Футболка Bape x Hello Kitty (M, Розовый)",Футболки/BAPE,1100.0,0.0,True,,https://miniature-prod.moysklad.ru/miniature/87fab22b-93c2-11f0-0a80-04c3000069c0/documentminiature/1a45d418-1cae-4033-ad0c-919d00d0bd89
db7489bc-6b0c-11f1-0a80-14c50023ca72,05523,"Футболка Bape x Hello Kitty (S, Розовый)",Футболки/BAPE,1100.0,0.0,True,,https://miniature-prod.moysklad.ru/miniature/87fab22b-93c2-11f0-0a80-04c3000069c0/documentminiature/1a45d418-1cae-4033-ad0c-919d00d0bd89
db778f83-6b0c-11f1-0a80-14c50023ca7b,05524,"Футболка Bape x Hello Kitty (XL, Розовый)",Футболки/BAPE,1100.0,0.0,True,,https://miniature-prod.moysklad.ru/miniature/87fab22b-93c2-11f0-0a80-04c3000069c0/documentminiature/1a45d418-1cae-4033-ad0c-919d00d0bd89
bbc3e318-5ac1-11f1-0a80-1aef00004d6f,00586,Футболка варенка BAPE Baby Milo,Футболки/BAPE,1250.0,0.0,True,,https://miniature-prod.moysklad.ru/miniature/87fab22b-93c2-11f0-0a80-04c3000069c0/documentminiature/c403b85d-3317-4ecd-bfc7-915cc7fe93be
d91e9729-5ac1-11f1-0a80-1306000030ac,04702,"Футболка варенка BAPE Baby Milo (Бежевый, 2XL)",Футболки/BAPE,1250.0,0.0,True,,https://miniature-prod.moysklad.ru/miniature/87fab22b-93c2-11f0-0a80-04c3000069c0/documentminiature/c403b85d-3317-4ecd-bfc7-915cc7fe93be
d9237fdc-5ac1-11f1-0a80-1306000030b5,04703,"Футболка варенка BAPE Baby Milo (Бежевый, L)",Футболки/BAPE,1250.0,0.0,True,,https://miniature-prod.moysklad.ru/miniature/87fab22b-93c2-11f0-0a80-04c3000069c0/documentminiature/c403b85d-3317-4ecd-bfc7-915cc7fe93be
d9281a28-5ac1-11f1-0a80-1306000030be,04704,"Футболка варенка BAPE Baby Milo (Бежевый, M)",Футболки/BAPE,1250.0,0.0,True,,https://miniature-prod.moysklad.ru/miniature/87fab22b-93c2-11f0-0a80-04c3000069c0/documentminiature/c403b85d-3317-4ecd-bfc7-915cc7fe93be
d92c8099-5ac1-11f1-0a80-1306000030c7,04705,"Футболка варенка BAPE Baby Milo (Бежевый, S)",Футболки/BAPE,1250.0,0.0,True,,https://miniature-prod.moysklad.ru/miniature/87fab22b-93c2-11f0-0a80-04c3000069c0/documentminiature/c403b85d-3317-4ecd-bfc7-915cc7fe93be
d930750c-5ac1-11f1-0a80-1306000030d0,04706,"Футболка варенка BAPE Baby Milo (Бежевый, XL)",Футболки/BAPE,1250.0,0.0,True,,https://miniature-prod.moysklad.ru/miniature/87fab22b-93c2-11f0-0a80-04c3000069c0/documentminiature/c403b85d-3317-4ecd-bfc7-915cc7fe93be
af9b90d0-9661-11f0-0a80-17d5001dd145,00162,Футболки Bape Big baby Milo,Футболки/BAPE,1000.0,0.0,True,,https://miniature-prod.moysklad.ru/miniature/87fab22b-93c2-11f0-0a80-04c3000069c0/documentminiature/07833f51-067a-4c22-806c-5c2374e52ec0
c17d15b3-9661-11f0-0a80-1435001daa95,01526,"Футболки Bape Big baby Milo (Черный, 2XL)",Футболки/BAPE,1000.0,0.0,True,,https://miniature-prod.moysklad.ru/miniature/87fab22b-93c2-11f0-0a80-04c3000069c0/documentminiature/07833f51-067a-4c22-806c-5c2374e52ec0
c18069e7-9661-11f0-0a80-1435001daa9c,01527,"Футболки Bape Big baby Milo (Черный, L)",Футболки/BAPE,1000.0,0.0,True,,https://miniature-prod.moysklad.ru/miniature/87fab22b-93c2-11f0-0a80-04c3000069c0/documentminiature/07833f51-067a-4c22-806c-5c2374e52ec0
c1831dc5-9661-11f0-0a80-1435001daaa3,01528,"Футболки Bape Big baby Milo (Черный, M)",Футболки/BAPE,1000.0,0.0,True,,https://miniature-prod.moysklad.ru/miniature/87fab22b-93c2-11f0-0a80-04c3000069c0/documentminiature/07833f51-067a-4c22-806c-5c2374e52ec0
c185f5ac-9661-11f0-0a80-1435001daaaa,01529,"Футболки Bape Big baby Milo (Черный, S)",Футболки/BAPE,1000.0,0.0,True,,https://miniature-prod.moysklad.ru/miniature/87fab22b-93c2-11f0-0a80-04c3000069c0/documentminiature/07833f51-067a-4c22-806c-5c2374e52ec0
c1886201-9661-11f0-0a80-1435001daab1,01530,"Футболки Bape Big baby Milo (Черный, XL)",Футболки/BAPE,1000.0,0.0,True,,https://miniature-prod.moysklad.ru/miniature/87fab22b-93c2-11f0-0a80-04c3000069c0/documentminiature/07833f51-067a-4c22-806c-5c2374e52ec0
c18a6b06-9661-11f0-0a80-1435001daab8,01531,"Футболки Bape Big baby Milo (Черный, XS)",Футболки/BAPE,1000.0,0.0,True,,https://miniature-prod.moysklad.ru/miniature/87fab22b-93c2-11f0-0a80-04c3000069c0/documentminiature/07833f51-067a-4c22-806c-5c2374e52ec0
c18c51a5-9661-11f0-0a80-1435001daabf,01532,"Футболки Bape Big baby Milo (Черный, XXS)",Футболки/BAPE,1000.0,0.0,True,,https://miniature-prod.moysklad.ru/miniature/87fab22b-93c2-11f0-0a80-04c3000069c0/documentminiature/07833f51-067a-4c22-806c-5c2374e52ec0
6fb51006-9661-11f0-0a80-058c001d5f35,00160,Футболки Bape Carnival,Футболки/BAPE,1000.0,0.0,True,,https://miniature-prod.moysklad.ru/miniature/87fab22b-93c2-11f0-0a80-04c3000069c0/documentminiature/ecf15fe7-8d5b-4c8a-82e1-7db15d830e1d
797d5289-9661-11f0-0a80-0df4001d85f8,01505,"Футболки Bape Carnival (Белый, 2XL)",Футболки/BAPE,1000.0,0.0,True,,https://miniature-prod.moysklad.ru/miniature/87fab22b-93c2-11f0-0a80-04c3000069c0/documentminiature/ecf15fe7-8d5b-4c8a-82e1-7db15d830e1d
797fcae9-9661-11f0-0a80-0df4001d85ff,01506,"Футболки Bape Carnival (Белый, L)",Футболки/BAPE,1000.0,0.0,True,,https://miniature-prod.moysklad.ru/miniature/87fab22b-93c2-11f0-0a80-04c3000069c0/documentminiature/ecf15fe7-8d5b-4c8a-82e1-7db15d830e1d
7981b59b-9661-11f0-0a80-0df4001d8606,01507,"Футболки Bape Carnival (Белый, M)",Футболки/BAPE,1000.0,0.0,True,,https://miniature-prod.moysklad.ru/miniature/87fab22b-93c2-11f0-0a80-04c3000069c0/documentminiature/ecf15fe7-8d5b-4c8a-82e1-7db15d830e1d
7983c53d-9661-11f0-0a80-0df4001d860d,01508,"Футболки Bape Carnival (Белый, S)",Футболки/BAPE,1000.0,0.0,True,,https://miniature-prod.moysklad.ru/miniature/87fab22b-93c2-11f0-0a80-04c3000069c0/documentminiature/ecf15fe7-8d5b-4c8a-82e1-7db15d830e1d
7985aee2-9661-11f0-0a80-0df4001d8614,01509,"Футболки Bape Carnival (Белый, XL)",Футболки/BAPE,1000.0,0.0,True,,https://miniature-prod.moysklad.ru/miniature/87fab22b-93c2-11f0-0a80-04c3000069c0/documentminiature/ecf15fe7-8d5b-4c8a-82e1-7db15d830e1d
7987b35f-9661-11f0-0a80-0df4001d861b,01510,"Футболки Bape Carnival (Белый, XS)",Футболки/BAPE,1000.0,0.0,True,,https://miniature-prod.moysklad.ru/miniature/87fab22b-93c2-11f0-0a80-04c3000069c0/documentminiature/ecf15fe7-8d5b-4c8a-82e1-7db15d830e1d
7989c0e7-9661-11f0-0a80-0df4001d8624,01511,"Футболки Bape Carnival (Белый, XXS)",Футболки/BAPE,1000.0,0.0,True,,https://miniature-prod.moysklad.ru/miniature/87fab22b-93c2-11f0-0a80-04c3000069c0/documentminiature/ecf15fe7-8d5b-4c8a-82e1-7db15d830e1d
8cc3125c-9661-11f0-0a80-17d5001dd119,00161,Футболки Bape Ван Гог,Футболки/BAPE,1000.0,0.0,True,,https://miniature-prod.moysklad.ru/miniature/87fab22b-93c2-11f0-0a80-04c3000069c0/documentminiature/c177cb76-7b83-4f44-92da-0f13e673e65c
9647984f-9661-11f0-0a80-0066001d643a,01512,"Футболки Bape Ван Гог (Белый, 2XL)",Футболки/BAPE,1000.0,0.0,True,,https://miniature-prod.moysklad.ru/miniature/87fab22b-93c2-11f0-0a80-04c3000069c0/documentminiature/c177cb76-7b83-4f44-92da-0f13e673e65c
964ab124-9661-11f0-0a80-0066001d6441,01513,"Футболки Bape Ван Гог (Белый, L)",Футболки/BAPE,1000.0,0.0,True,,https://miniature-prod.moysklad.ru/miniature/87fab22b-93c2-11f0-0a80-04c3000069c0/documentminiature/c177cb76-7b83-4f44-92da-0f13e673e65c
964d5f89-9661-11f0-0a80-0066001d6448,01514,"Футболки Bape Ван Гог (Белый, M)",Футболки/BAPE,1000.0,0.0,True,,https://miniature-prod.moysklad.ru/miniature/87fab22b-93c2-11f0-0a80-04c3000069c0/documentminiature/c177cb76-7b83-4f44-92da-0f13e673e65c
96500fe8-9661-11f0-0a80-0066001d644f,01515,"Футболки Bape Ван Гог (Белый, S)",Футболки/BAPE,1000.0,0.0,True,,https://miniature-prod.moysklad.ru/miniature/87fab22b-93c2-11f0-0a80-04c3000069c0/documentminiature/c177cb76-7b83-4f44-92da-0f13e673e65c
96529a6c-9661-11f0-0a80-0066001d6456,01516,"Футболки Bape Ван Гог (Белый, XL)",Футболки/BAPE,1000.0,0.0,True,,https://miniature-prod.moysklad.ru/miniature/87fab22b-93c2-11f0-0a80-04c3000069c0/documentminiature/c177cb76-7b83-4f44-92da-0f13e673e65c
96556fc1-9661-11f0-0a80-0066001d645d,01517,"Футболки Bape Ван Гог (Белый, XS)",Футболки/BAPE,1000.0,0.0,True,,https://miniature-prod.moysklad.ru/miniature/87fab22b-93c2-11f0-0a80-04c3000069c0/documentminiature/c177cb76-7b83-4f44-92da-0f13e673e65c
965833ad-9661-11f0-0a80-0066001d6464,01518,"Футболки Bape Ван Гог (Белый, XXS)",Футболки/BAPE,1000.0,0.0,True,,https://miniature-prod.moysklad.ru/miniature/87fab22b-93c2-11f0-0a80-04c3000069c0/documentminiature/c177cb76-7b83-4f44-92da-0f13e673e65c
965ae80e-9661-11f0-0a80-0066001d646b,01519,"Футболки Bape Ван Гог (Черный, 2XL)",Футболки/BAPE,1000.0,0.0,True,,https://miniature-prod.moysklad.ru/miniature/87fab22b-93c2-11f0-0a80-04c3000069c0/documentminiature/c177cb76-7b83-4f44-92da-0f13e673e65c
965dbd7c-9661-11f0-0a80-0066001d6472,01520,"Футболки Bape Ван Гог (Черный, L)",Футболки/BAPE,1000.0,0.0,True,,https://miniature-prod.moysklad.ru/miniature/87fab22b-93c2-11f0-0a80-04c3000069c0/documentminiature/c177cb76-7b83-4f44-92da-0f13e673e65c
9660913e-9661-11f0-0a80-0066001d6479,01521,"Футболки Bape Ван Гог (Черный, M)",Футболки/BAPE,1000.0,0.0,True,,https://miniature-prod.moysklad.ru/miniature/87fab22b-93c2-11f0-0a80-04c3000069c0/documentminiature/c177cb76-7b83-4f44-92da-0f13e673e65c
9663b312-9661-11f0-0a80-0066001d6480,01522,"Футболки Bape Ван Гог (Черный, S)",Футболки/BAPE,1000.0,0.0,True,,https://miniature-prod.moysklad.ru/miniature/87fab22b-93c2-11f0-0a80-04c3000069c0/documentminiature/c177cb76-7b83-4f44-92da-0f13e673e65c
9666df45-9661-11f0-0a80-0066001d6487,01523,"Футболки Bape Ван Гог (Черный, XL)",Футболки/BAPE,1000.0,0.0,True,,https://miniature-prod.moysklad.ru/miniature/87fab22b-93c2-11f0-0a80-04c3000069c0/documentminiature/c177cb76-7b83-4f44-92da-0f13e673e65c
9669cf35-9661-11f0-0a80-0066001d648e,01524,"Футболки Bape Ван Гог (Черный, XS)",Футболки/BAPE,1000.0,0.0,True,,https://miniature-prod.moysklad.ru/miniature/87fab22b-93c2-11f0-0a80-04c3000069c0/documentminiature/c177cb76-7b83-4f44-92da-0f13e673e65c
966cee64-9661-11f0-0a80-0066001d6495,01525,"Футболки Bape Ван Гог (Черный, XXS)",Футболки/BAPE,1000.0,0.0,True,,https://miniature-prod.moysklad.ru/miniature/87fab22b-93c2-11f0-0a80-04c3000069c0/documentminiature/c177cb76-7b83-4f44-92da-0f13e673e65c
4b02c643-9662-11f0-0a80-0066001d667d,00166,Футболки Bape Мэрлин Монро,Футболки/BAPE,1000.0,0.0,True,,https://miniature-prod.moysklad.ru/miniature/87fab22b-93c2-11f0-0a80-04c3000069c0/documentminiature/1a09e724-2478-420b-beda-7f0f43d1f86c
58444ba7-9662-11f0-0a80-0cc6001d718e,01568,"Футболки Bape Мэрлин Монро (Белый, 2XL)",Футболки/BAPE,1000.0,0.0,True,,https://miniature-prod.moysklad.ru/miniature/87fab22b-93c2-11f0-0a80-04c3000069c0/documentminiature/1a09e724-2478-420b-beda-7f0f43d1f86c
5847882e-9662-11f0-0a80-0cc6001d7195,01569,"Футболки Bape Мэрлин Монро (Белый, L)",Футболки/BAPE,1000.0,0.0,True,,https://miniature-prod.moysklad.ru/miniature/87fab22b-93c2-11f0-0a80-04c3000069c0/documentminiature/1a09e724-2478-420b-beda-7f0f43d1f86c
584b85fc-9662-11f0-0a80-0cc6001d719c,01570,"Футболки Bape Мэрлин Монро (Белый, M)",Футболки/BAPE,1000.0,0.0,True,,https://miniature-prod.moysklad.ru/miniature/87fab22b-93c2-11f0-0a80-04c3000069c0/documentminiature/1a09e724-2478-420b-beda-7f0f43d1f86c
584e5c3e-9662-11f0-0a80-0cc6001d71a3,01571,"Футболки Bape Мэрлин Монро (Белый, S)",Футболки/BAPE,1000.0,0.0,True,,https://miniature-prod.moysklad.ru/miniature/87fab22b-93c2-11f0-0a80-04c3000069c0/documentminiature/1a09e724-2478-420b-beda-7f0f43d1f86c
58519002-9662-11f0-0a80-0cc6001d71aa,01572,"Футболки Bape Мэрлин Монро (Белый, XL)",Футболки/BAPE,1000.0,0.0,True,,https://miniature-prod.moysklad.ru/miniature/87fab22b-93c2-11f0-0a80-04c3000069c0/documentminiature/1a09e724-2478-420b-beda-7f0f43d1f86c
585420fd-9662-11f0-0a80-0cc6001d71b1,01573,"Футболки Bape Мэрлин Монро (Белый, XS)",Футболки/BAPE,1000.0,0.0,True,,https://miniature-prod.moysklad.ru/miniature/87fab22b-93c2-11f0-0a80-04c3000069c0/documentminiature/1a09e724-2478-420b-beda-7f0f43d1f86c
5856868c-9662-11f0-0a80-0cc6001d71b8,01574,"Футболки Bape Мэрлин Монро (Белый, XXS)",Футболки/BAPE,1000.0,0.0,True,,https://miniature-prod.moysklad.ru/miniature/87fab22b-93c2-11f0-0a80-04c3000069c0/documentminiature/1a09e724-2478-420b-beda-7f0f43d1f86c
65f1621d-3a5f-11f1-0a80-0edf000fb97d,00298,Футболка Balenciaga Germany Kisses,Футболки/Balenciaga,1000.0,0.0,True,,https://miniature-prod.moysklad.ru/miniature/87fab22b-93c2-11f0-0a80-04c3000069c0/documentminiature/41e460d6-3f89-42a7-a2ef-64fbee43cf4a
7a00979c-3a5f-11f1-0a80-1078000fdd44,02361,"Футболка Balenciaga Germany Kisses (2XL, Белый)",Футболки/Balenciaga,1000.0,0.0,True,,https://miniature-prod.moysklad.ru/miniature/87fab22b-93c2-11f0-0a80-04c3000069c0/documentminiature/41e460d6-3f89-42a7-a2ef-64fbee43cf4a
7a0683eb-3a5f-11f1-0a80-1078000fdd4d,02362,"Футболка Balenciaga Germany Kisses (L, Белый)",Футболки/Balenciaga,1000.0,0.0,True,,https://miniature-prod.moysklad.ru/miniature/87fab22b-93c2-11f0-0a80-04c3000069c0/documentminiature/41e460d6-3f89-42a7-a2ef-64fbee43cf4a
7a0bbbff-3a5f-11f1-0a80-1078000fdd56,02363,"Футболка Balenciaga Germany Kisses (M, Белый)",Футболки/Balenciaga,1000.0,0.0,True,,https://miniature-prod.moysklad.ru/miniature/87fab22b-93c2-11f0-0a80-04c3000069c0/documentminiature/41e460d6-3f89-42a7-a2ef-64fbee43cf4a
7a11012d-3a5f-11f1-0a80-1078000fdd5f,02364,"Футболка Balenciaga Germany Kisses (S, Белый)",Футболки/Balenciaga,1000.0,0.0,True,,https://miniature-prod.moysklad.ru/miniature/87fab22b-93c2-11f0-0a80-04c3000069c0/documentminiature/41e460d6-3f89-42a7-a2ef-64fbee43cf4a
7a1622d6-3a5f-11f1-0a80-1078000fdd68,02365,"Футболка Balenciaga Germany Kisses (XL, Белый)",Футболки/Balenciaga,1000.0,0.0,True,,https://miniature-prod.moysklad.ru/miniature/87fab22b-93c2-11f0-0a80-04c3000069c0/documentminiature/41e460d6-3f89-42a7-a2ef-64fbee43cf4a
40442c95-3a5f-11f1-0a80-0f81000fef13,00297,Футболка Balenciaga Simpsons,Футболки/Balenciaga,1000.0,0.0,True,,https://miniature-prod.moysklad.ru/miniature/87fab22b-93c2-11f0-0a80-04c3000069c0/documentminiature/3cad336a-4f07-4881-9809-abe209e3a429
4a1f7a9b-3a5f-11f1-0a80-039b000fc158,02356,"Футболка Balenciaga Simpsons (2XL, Белый)",Футболки/Balenciaga,1000.0,0.0,True,,https://miniature-prod.moysklad.ru/miniature/87fab22b-93c2-11f0-0a80-04c3000069c0/documentminiature/3cad336a-4f07-4881-9809-abe209e3a429
4a24c30a-3a5f-11f1-0a80-039b000fc161,02357,"Футболка Balenciaga Simpsons (L, Белый)",Футболки/Balenciaga,1000.0,0.0,True,,https://miniature-prod.moysklad.ru/miniature/87fab22b-93c2-11f0-0a80-04c3000069c0/documentminiature/3cad336a-4f07-4881-9809-abe209e3a429
4a2996d8-3a5f-11f1-0a80-039b000fc16a,02358,"Футболка Balenciaga Simpsons (M, Белый)",Футболки/Balenciaga,1000.0,0.0,True,,https://miniature-prod.moysklad.ru/miniature/87fab22b-93c2-11f0-0a80-04c3000069c0/documentminiature/3cad336a-4f07-4881-9809-abe209e3a429
4a33a73f-3a5f-11f1-0a80-039b000fc173,02359,"Футболка Balenciaga Simpsons (S, Белый)",Футболки/Balenciaga,1000.0,0.0,True,,https://miniature-prod.moysklad.ru/miniature/87fab22b-93c2-11f0-0a80-04c3000069c0/documentminiature/3cad336a-4f07-4881-9809-abe209e3a429
4a37e1d4-3a5f-11f1-0a80-039b000fc18c,02360,"Футболка Balenciaga Simpsons (XL, Белый)",Футболки/Balenciaga,1000.0,0.0,True,,https://miniature-prod.moysklad.ru/miniature/87fab22b-93c2-11f0-0a80-04c3000069c0/documentminiature/3cad336a-4f07-4881-9809-abe209e3a429
d902bedf-965e-11f0-0a80-0efd001db037,00139,Футболки Balenciaga Alien,Футболки/Balenciaga,1000.0,0.0,True,,https://miniature-prod.moysklad.ru/miniature/87fab22b-93c2-11f0-0a80-04c3000069c0/documentminiature/2668f64e-b32f-4512-9cf6-15e0db5fe3fe
e2e6db62-965e-11f0-0a80-1435001d98b6,01281,"Футболки Balenciaga Alien (Белый, 2XL)",Футболки/Balenciaga,1000.0,0.0,True,,https://miniature-prod.moysklad.ru/miniature/87fab22b-93c2-11f0-0a80-04c3000069c0/documentminiature/2668f64e-b32f-4512-9cf6-15e0db5fe3fe
e2eaaed4-965e-11f0-0a80-1435001d98bd,01282,"Футболки Balenciaga Alien (Белый, L)",Футболки/Balenciaga,1000.0,0.0,True,,https://miniature-prod.moysklad.ru/miniature/87fab22b-93c2-11f0-0a80-04c3000069c0/documentminiature/2668f64e-b32f-4512-9cf6-15e0db5fe3fe
e2ee2a4b-965e-11f0-0a80-1435001d98c4,01283,"Футболки Balenciaga Alien (Белый, M)",Футболки/Balenciaga,1000.0,0.0,True,,https://miniature-prod.moysklad.ru/miniature/87fab22b-93c2-11f0-0a80-04c3000069c0/documentminiature/2668f64e-b32f-4512-9cf6-15e0db5fe3fe
e2f19d89-965e-11f0-0a80-1435001d98cb,01284,"Футболки Balenciaga Alien (Белый, S)",Футболки/Balenciaga,1000.0,0.0,True,,https://miniature-prod.moysklad.ru/miniature/87fab22b-93c2-11f0-0a80-04c3000069c0/documentminiature/2668f64e-b32f-4512-9cf6-15e0db5fe3fe
e2f4e67e-965e-11f0-0a80-1435001d98d2,01285,"Футболки Balenciaga Alien (Белый, XL)",Футболки/Balenciaga,1000.0,0.0,True,,https://miniature-prod.moysklad.ru/miniature/87fab22b-93c2-11f0-0a80-04c3000069c0/documentminiature/2668f64e-b32f-4512-9cf6-15e0db5fe3fe
e2f7c117-965e-11f0-0a80-1435001d98d9,01286,"Футболки Balenciaga Alien (Белый, XS)",Футболки/Balenciaga,1000.0,0.0,True,,https://miniature-prod.moysklad.ru/miniature/87fab22b-93c2-11f0-0a80-04c3000069c0/documentminiature/2668f64e-b32f-4512-9cf6-15e0db5fe3fe
e2faa7e8-965e-11f0-0a80-1435001d98e0,01287,"Футболки Balenciaga Alien (Белый, XXS)",Футболки/Balenciaga,1000.0,0.0,True,,https://miniature-prod.moysklad.ru/miniature/87fab22b-93c2-11f0-0a80-04c3000069c0/documentminiature/2668f64e-b32f-4512-9cf6-15e0db5fe3fe
e2fdac19-965e-11f0-0a80-1435001d98e7,01288,"Футболки Balenciaga Alien (Черный, 2XL)",Футболки/Balenciaga,1000.0,0.0,True,,https://miniature-prod.moysklad.ru/miniature/87fab22b-93c2-11f0-0a80-04c3000069c0/documentminiature/2668f64e-b32f-4512-9cf6-15e0db5fe3fe
e3009b7c-965e-11f0-0a80-1435001d98ee,01289,"Футболки Balenciaga Alien (Черный, L)",Футболки/Balenciaga,1000.0,0.0,True,,https://miniature-prod.moysklad.ru/miniature/87fab22b-93c2-11f0-0a80-04c3000069c0/documentminiature/2668f64e-b32f-4512-9cf6-15e0db5fe3fe
e303d135-965e-11f0-0a80-1435001d98f5,01290,"Футболки Balenciaga Alien (Черный, M)",Футболки/Balenciaga,1000.0,0.0,True,,https://miniature-prod.moysklad.ru/miniature/87fab22b-93c2-11f0-0a80-04c3000069c0/documentminiature/2668f64e-b32f-4512-9cf6-15e0db5fe3fe
e306da9c-965e-11f0-0a80-1435001d98fc,01291,"Футболки Balenciaga Alien (Черный, S)",Футболки/Balenciaga,1000.0,0.0,True,,https://miniature-prod.moysklad.ru/miniature/87fab22b-93c2-11f0-0a80-04c3000069c0/documentminiature/2668f64e-b32f-4512-9cf6-15e0db5fe3fe
e3094ad1-965e-11f0-0a80-1435001d9903,01292,"Футболки Balenciaga Alien (Черный, XL)",Футболки/Balenciaga,1000.0,0.0,True,,https://miniature-prod.moysklad.ru/miniature/87fab22b-93c2-11f0-0a80-04c3000069c0/documentminiature/2668f64e-b32f-4512-9cf6-15e0db5fe3fe
e30ba5d6-965e-11f0-0a80-1435001d990a,01293,"Футболки Balenciaga Alien (Черный, XS)",Футболки/Balenciaga,1000.0,0.0,True,,https://miniature-prod.moysklad.ru/miniature/87fab22b-93c2-11f0-0a80-04c3000069c0/documentminiature/2668f64e-b32f-4512-9cf6-15e0db5fe3fe
e30f1774-965e-11f0-0a80-1435001d9911,01294,"Футболки Balenciaga Alien (Черный, XXS)",Футболки/Balenciaga,1000.0,0.0,True,,https://miniature-prod.moysklad.ru/miniature/87fab22b-93c2-11f0-0a80-04c3000069c0/documentminiature/2668f64e-b32f-4512-9cf6-15e0db5fe3fe
b91090c0-965e-11f0-0a80-090b001c3291,00137,Футболки Balenciaga Athletes,Футболки/Balenciaga,1000.0,0.0,True,,https://miniature-prod.moysklad.ru/miniature/87fab22b-93c2-11f0-0a80-04c3000069c0/documentminiature/c877232d-847a-492a-8d75-ff7a7c0e3edc
c43bf73f-965e-11f0-0a80-0cc6001d5eac,01260,"Футболки Balenciaga Athletes (Белый, 2XL)",Футболки/Balenciaga,1000.0,0.0,True,,https://miniature-prod.moysklad.ru/miniature/87fab22b-93c2-11f0-0a80-04c3000069c0/documentminiature/c877232d-847a-492a-8d75-ff7a7c0e3edc
c43e737b-965e-11f0-0a80-0cc6001d5eb3,01261,"Футболки Balenciaga Athletes (Белый, L)",Футболки/Balenciaga,1000.0,0.0,True,,https://miniature-prod.moysklad.ru/miniature/87fab22b-93c2-11f0-0a80-04c3000069c0/documentminiature/c877232d-847a-492a-8d75-ff7a7c0e3edc
c440eb43-965e-11f0-0a80-0cc6001d5eba,01262,"Футболки Balenciaga Athletes (Белый, M)",Футболки/Balenciaga,1000.0,0.0,True,,https://miniature-prod.moysklad.ru/miniature/87fab22b-93c2-11f0-0a80-04c3000069c0/documentminiature/c877232d-847a-492a-8d75-ff7a7c0e3edc
c4434b77-965e-11f0-0a80-0cc6001d5ec1,01263,"Футболки Balenciaga Athletes (Белый, S)",Футболки/Balenciaga,1000.0,0.0,True,,https://miniature-prod.moysklad.ru/miniature/87fab22b-93c2-11f0-0a80-04c3000069c0/documentminiature/c877232d-847a-492a-8d75-ff7a7c0e3edc
c445b9e7-965e-11f0-0a80-0cc6001d5ec8,01264,"Футболки Balenciaga Athletes (Белый, XL)",Футболки/Balenciaga,1000.0,0.0,True,,https://miniature-prod.moysklad.ru/miniature/87fab22b-93c2-11f0-0a80-04c3000069c0/documentminiature/c877232d-847a-492a-8d75-ff7a7c0e3edc
c4483a8c-965e-11f0-0a80-0cc6001d5ecf,01265,"Футболки Balenciaga Athletes (Белый, XS)",Футболки/Balenciaga,1000.0,0.0,True,,https://miniature-prod.moysklad.ru/miniature/87fab22b-93c2-11f0-0a80-04c3000069c0/documentminiature/c877232d-847a-492a-8d75-ff7a7c0e3edc
c44aa50f-965e-11f0-0a80-0cc6001d5ed6,01266,"Футболки Balenciaga Athletes (Белый, XXS)",Футболки/Balenciaga,1000.0,0.0,True,,https://miniature-prod.moysklad.ru/miniature/87fab22b-93c2-11f0-0a80-04c3000069c0/documentminiature/c877232d-847a-492a-8d75-ff7a7c0e3edc
c44cf078-965e-11f0-0a80-0cc6001d5edd,01267,"Футболки Balenciaga Athletes (Черный, 2XL)",Футболки/Balenciaga,1000.0,0.0,True,,https://miniature-prod.moysklad.ru/miniature/87fab22b-93c2-11f0-0a80-04c3000069c0/documentminiature/c877232d-847a-492a-8d75-ff7a7c0e3edc
c44f2f7a-965e-11f0-0a80-0cc6001d5ee4,01268,"Футболки Balenciaga Athletes (Черный, L)",Футболки/Balenciaga,1000.0,0.0,True,,https://miniature-prod.moysklad.ru/miniature/87fab22b-93c2-11f0-0a80-04c3000069c0/documentminiature/c877232d-847a-492a-8d75-ff7a7c0e3edc
c4515dbe-965e-11f0-0a80-0cc6001d5eeb,01269,"Футболки Balenciaga Athletes (Черный, M)",Футболки/Balenciaga,1000.0,0.0,True,,https://miniature-prod.moysklad.ru/miniature/87fab22b-93c2-11f0-0a80-04c3000069c0/documentminiature/c877232d-847a-492a-8d75-ff7a7c0e3edc
c453981c-965e-11f0-0a80-0cc6001d5ef2,01270,"Футболки Balenciaga Athletes (Черный, S)",Футболки/Balenciaga,1000.0,0.0,True,,https://miniature-prod.moysklad.ru/miniature/87fab22b-93c2-11f0-0a80-04c3000069c0/documentminiature/c877232d-847a-492a-8d75-ff7a7c0e3edc
c4562f3d-965e-11f0-0a80-0cc6001d5ef9,01271,"Футболки Balenciaga Athletes (Черный, XL)",Футболки/Balenciaga,1000.0,0.0,True,,https://miniature-prod.moysklad.ru/miniature/87fab22b-93c2-11f0-0a80-04c3000069c0/documentminiature/c877232d-847a-492a-8d75-ff7a7c0e3edc
c4590a42-965e-11f0-0a80-0cc6001d5f00,01272,"Футболки Balenciaga Athletes (Черный, XS)",Футболки/Balenciaga,1000.0,0.0,True,,https://miniature-prod.moysklad.ru/miniature/87fab22b-93c2-11f0-0a80-04c3000069c0/documentminiature/c877232d-847a-492a-8d75-ff7a7c0e3edc
c45bbd18-965e-11f0-0a80-0cc6001d5f07,01273,"Футболки Balenciaga Athletes (Черный, XXS)",Футболки/Balenciaga,1000.0,0.0,True,,https://miniature-prod.moysklad.ru/miniature/87fab22b-93c2-11f0-0a80-04c3000069c0/documentminiature/c877232d-847a-492a-8d75-ff7a7c0e3edc
9687bd41-965e-11f0-0a80-0efd001daffe,00135,Футболки Balenciaga M,Футболки/Balenciaga,1000.0,0.0,True,,https://miniature-prod.moysklad.ru/miniature/87fab22b-93c2-11f0-0a80-04c3000069c0/documentminiature/c042f6c9-8ea8-412f-88df-9702f04e5252
a314c8c0-965e-11f0-0a80-0cc6001d5e20,01246,"Футболки Balenciaga M (Черный, 2XL)",Футболки/Balenciaga,1000.0,0.0,True,,https://miniature-prod.moysklad.ru/miniature/87fab22b-93c2-11f0-0a80-04c3000069c0/documentminiature/c042f6c9-8ea8-412f-88df-9702f04e5252
a317904e-965e-11f0-0a80-0cc6001d5e27,01247,"Футболки Balenciaga M (Черный, L)",Футболки/Balenciaga,1000.0,0.0,True,,https://miniature-prod.moysklad.ru/miniature/87fab22b-93c2-11f0-0a80-04c3000069c0/documentminiature/c042f6c9-8ea8-412f-88df-9702f04e5252
a31a5eeb-965e-11f0-0a80-0cc6001d5e2e,01248,"Футболки Balenciaga M (Черный, M)",Футболки/Balenciaga,1000.0,0.0,True,,https://miniature-prod.moysklad.ru/miniature/87fab22b-93c2-11f0-0a80-04c3000069c0/documentminiature/c042f6c9-8ea8-412f-88df-9702f04e5252
a31d0048-965e-11f0-0a80-0cc6001d5e35,01249,"Футболки Balenciaga M (Черный, S)",Футболки/Balenciaga,1000.0,0.0,True,,https://miniature-prod.moysklad.ru/miniature/87fab22b-93c2-11f0-0a80-04c3000069c0/documentminiature/c042f6c9-8ea8-412f-88df-9702f04e5252
a32050ea-965e-11f0-0a80-0cc6001d5e3c,01250,"Футболки Balenciaga M (Черный, XL)",Футболки/Balenciaga,1000.0,0.0,True,,https://miniature-prod.moysklad.ru/miniature/87fab22b-93c2-11f0-0a80-04c3000069c0/documentminiature/c042f6c9-8ea8-412f-88df-9702f04e5252
a322f2ec-965e-11f0-0a80-0cc6001d5e43,01251,"Футболки Balenciaga M (Черный, XS)",Футболки/Balenciaga,1000.0,0.0,True,,https://miniature-prod.moysklad.ru/miniature/87fab22b-93c2-11f0-0a80-04c3000069c0/documentminiature/c042f6c9-8ea8-412f-88df-9702f04e5252
a3250540-965e-11f0-0a80-0cc6001d5e4a,01252,"Футболки Balenciaga M (Черный, XXS)",Футболки/Balenciaga,1000.0,0.0,True,,https://miniature-prod.moysklad.ru/miniature/87fab22b-93c2-11f0-0a80-04c3000069c0/documentminiature/c042f6c9-8ea8-412f-88df-9702f04e5252
8d5f4c95-67ef-11f1-0a80-17cb00316c74,00654,Футболка Calvin Klein,Футболки/Calvin Klein,1000.0,0.0,True,,https://miniature-prod.moysklad.ru/miniature/87fab22b-93c2-11f0-0a80-04c3000069c0/documentminiature/4d48cbcd-5c40-4b93-a9c0-a9f43faa7251
e5fcdab2-6c9e-11f1-0a80-0e6e0019799f,00669,Футболка Calvin Klein,Футболки/Calvin Klein,1200.0,0.0,True,,https://miniature-prod.moysklad.ru/miniature/87fab22b-93c2-11f0-0a80-04c3000069c0/documentminiature/bcf0440c-cc51-4c58-b2ff-0e23a6199e5f
9cf59fde-67ef-11f1-0a80-15fd002fd6f5,05470,"Футболка Calvin Klein (Белый, 2XL)",Футболки/Calvin Klein,1000.0,0.0,True,,https://miniature-prod.moysklad.ru/miniature/87fab22b-93c2-11f0-0a80-04c3000069c0/documentminiature/4d48cbcd-5c40-4b93-a9c0-a9f43faa7251
f0652b03-6c9e-11f1-0a80-03690018efdf,05590,"Футболка Calvin Klein (Белый, 2XL)",Футболки/Calvin Klein,1200.0,0.0,True,,https://miniature-prod.moysklad.ru/miniature/87fab22b-93c2-11f0-0a80-04c3000069c0/documentminiature/bcf0440c-cc51-4c58-b2ff-0e23a6199e5f
9cf9b4d4-67ef-11f1-0a80-15fd002fd6fe,05471,"Футболка Calvin Klein (Белый, L)",Футболки/Calvin Klein,1000.0,0.0,True,,https://miniature-prod.moysklad.ru/miniature/87fab22b-93c2-11f0-0a80-04c3000069c0/documentminiature/4d48cbcd-5c40-4b93-a9c0-a9f43faa7251
f068f50b-6c9e-11f1-0a80-03690018efea,05591,"Футболка Calvin Klein (Белый, L)",Футболки/Calvin Klein,1200.0,0.0,True,,https://miniature-prod.moysklad.ru/miniature/87fab22b-93c2-11f0-0a80-04c3000069c0/documentminiature/bcf0440c-cc51-4c58-b2ff-0e23a6199e5f
9cfd559b-67ef-11f1-0a80-15fd002fd707,05472,"Футболка Calvin Klein (Белый, M)",Футболки/Calvin Klein,1000.0,0.0,True,,https://miniature-prod.moysklad.ru/miniature/87fab22b-93c2-11f0-0a80-04c3000069c0/documentminiature/4d48cbcd-5c40-4b93-a9c0-a9f43faa7251
f06c906f-6c9e-11f1-0a80-03690018eff3,05592,"Футболка Calvin Klein (Белый, M)",Футболки/Calvin Klein,1200.0,1.0,True,,https://miniature-prod.moysklad.ru/miniature/87fab22b-93c2-11f0-0a80-04c3000069c0/documentminiature/bcf0440c-cc51-4c58-b2ff-0e23a6199e5f
9d017521-67ef-11f1-0a80-15fd002fd710,05473,"Футболка Calvin Klein (Белый, S)",Футболки/Calvin Klein,1000.0,0.0,True,,https://miniature-prod.moysklad.ru/miniature/87fab22b-93c2-11f0-0a80-04c3000069c0/documentminiature/4d48cbcd-5c40-4b93-a9c0-a9f43faa7251
f0703242-6c9e-11f1-0a80-03690018effc,05593,"Футболка Calvin Klein (Белый, S)",Футболки/Calvin Klein,1200.0,0.0,True,,https://miniature-prod.moysklad.ru/miniature/87fab22b-93c2-11f0-0a80-04c3000069c0/documentminiature/bcf0440c-cc51-4c58-b2ff-0e23a6199e5f
9d04c7b3-67ef-11f1-0a80-15fd002fd719,05474,"Футболка Calvin Klein (Белый, XL)",Футболки/Calvin Klein,1000.0,0.0,True,,https://miniature-prod.moysklad.ru/miniature/87fab22b-93c2-11f0-0a80-04c3000069c0/documentminiature/4d48cbcd-5c40-4b93-a9c0-a9f43faa7251
f07391a3-6c9e-11f1-0a80-03690018f005,05594,"Футболка Calvin Klein (Белый, XL)",Футболки/Calvin Klein,1200.0,0.0,True,,https://miniature-prod.moysklad.ru/miniature/87fab22b-93c2-11f0-0a80-04c3000069c0/documentminiature/bcf0440c-cc51-4c58-b2ff-0e23a6199e5f
f077425f-6c9e-11f1-0a80-03690018f010,05595,"Футболка Calvin Klein (Черный, 2XL)",Футболки/Calvin Klein,1200.0,0.0,True,,https://miniature-prod.moysklad.ru/miniature/87fab22b-93c2-11f0-0a80-04c3000069c0/documentminiature/bcf0440c-cc51-4c58-b2ff-0e23a6199e5f
f07aa662-6c9e-11f1-0a80-03690018f019,05596,"Футболка Calvin Klein (Черный, L)",Футболки/Calvin Klein,1200.0,0.0,True,,https://miniature-prod.moysklad.ru/miniature/87fab22b-93c2-11f0-0a80-04c3000069c0/documentminiature/bcf0440c-cc51-4c58-b2ff-0e23a6199e5f
f07e7e48-6c9e-11f1-0a80-03690018f024,05597,"Футболка Calvin Klein (Черный, M)",Футболки/Calvin Klein,1200.0,0.0,True,,https://miniature-prod.moysklad.ru/miniature/87fab22b-93c2-11f0-0a80-04c3000069c0/documentminiature/bcf0440c-cc51-4c58-b2ff-0e23a6199e5f
f081dde0-6c9e-11f1-0a80-03690018f02d,05598,"Футболка Calvin Klein (Черный, S)",Футболки/Calvin Klein,1200.0,0.0,True,,https://miniature-prod.moysklad.ru/miniature/87fab22b-93c2-11f0-0a80-04c3000069c0/documentminiature/bcf0440c-cc51-4c58-b2ff-0e23a6199e5f
f0854896-6c9e-11f1-0a80-03690018f036,05599,"Футболка Calvin Klein (Черный, XL)",Футболки/Calvin Klein,1200.0,0.0,True,,https://miniature-prod.moysklad.ru/miniature/87fab22b-93c2-11f0-0a80-04c3000069c0/documentminiature/bcf0440c-cc51-4c58-b2ff-0e23a6199e5f
6172715f-965e-11f0-0a80-090b001c30bd,00133,Футболки Comme des Fuckdown,Футболки/Comme des Fuckdown,1000.0,0.0,True,,https://miniature-prod.moysklad.ru/miniature/87fab22b-93c2-11f0-0a80-04c3000069c0/documentminiature/c81d339b-c1da-4258-a3cd-3539e35a6cd2
6ef9831f-965e-11f0-0a80-19dd001d92e6,01218,"Футболки Comme des Fuckdown (Белый, 2XL)",Футболки/Comme des Fuckdown,1000.0,0.0,True,,https://miniature-prod.moysklad.ru/miniature/87fab22b-93c2-11f0-0a80-04c3000069c0/documentminiature/c81d339b-c1da-4258-a3cd-3539e35a6cd2
6efc32e0-965e-11f0-0a80-19dd001d92ed,01219,"Футболки Comme des Fuckdown (Белый, L)",Футболки/Comme des Fuckdown,1000.0,0.0,True,,https://miniature-prod.moysklad.ru/miniature/87fab22b-93c2-11f0-0a80-04c3000069c0/documentminiature/c81d339b-c1da-4258-a3cd-3539e35a6cd2
6efe5f5a-965e-11f0-0a80-19dd001d92f4,01220,"Футболки Comme des Fuckdown (Белый, M)",Футболки/Comme des Fuckdown,1000.0,0.0,True,,https://miniature-prod.moysklad.ru/miniature/87fab22b-93c2-11f0-0a80-04c3000069c0/documentminiature/c81d339b-c1da-4258-a3cd-3539e35a6cd2
6f001a7d-965e-11f0-0a80-19dd001d92fb,01221,"Футболки Comme des Fuckdown (Белый, S)",Футболки/Comme des Fuckdown,1000.0,0.0,True,,https://miniature-prod.moysklad.ru/miniature/87fab22b-93c2-11f0-0a80-04c3000069c0/documentminiature/c81d339b-c1da-4258-a3cd-3539e35a6cd2
6f0226d7-965e-11f0-0a80-19dd001d9302,01222,"Футболки Comme des Fuckdown (Белый, XL)",Футболки/Comme des Fuckdown,1000.0,0.0,True,,https://miniature-prod.moysklad.ru/miniature/87fab22b-93c2-11f0-0a80-04c3000069c0/documentminiature/c81d339b-c1da-4258-a3cd-3539e35a6cd2
6f0425a0-965e-11f0-0a80-19dd001d9309,01223,"Футболки Comme des Fuckdown (Белый, XS)",Футболки/Comme des Fuckdown,1000.0,0.0,True,,https://miniature-prod.moysklad.ru/miniature/87fab22b-93c2-11f0-0a80-04c3000069c0/documentminiature/c81d339b-c1da-4258-a3cd-3539e35a6cd2
6f06247a-965e-11f0-0a80-19dd001d9310,01224,"Футболки Comme des Fuckdown (Белый, XXS)",Футболки/Comme des Fuckdown,1000.0,0.0,True,,https://miniature-prod.moysklad.ru/miniature/87fab22b-93c2-11f0-0a80-04c3000069c0/documentminiature/c81d339b-c1da-4258-a3cd-3539e35a6cd2
6f082111-965e-11f0-0a80-19dd001d9317,01225,"Футболки Comme des Fuckdown (Черный, 2XL)",Футболки/Comme des Fuckdown,1000.0,0.0,True,,https://miniature-prod.moysklad.ru/miniature/87fab22b-93c2-11f0-0a80-04c3000069c0/documentminiature/c81d339b-c1da-4258-a3cd-3539e35a6cd2
6f09fdf6-965e-11f0-0a80-19dd001d931e,01226,"Футболки Comme des Fuckdown (Черный, L)",Футболки/Comme des Fuckdown,1000.0,0.0,True,,https://miniature-prod.moysklad.ru/miniature/87fab22b-93c2-11f0-0a80-04c3000069c0/documentminiature/c81d339b-c1da-4258-a3cd-3539e35a6cd2
6f0c03e1-965e-11f0-0a80-19dd001d9325,01227,"Футболки Comme des Fuckdown (Черный, M)",Футболки/Comme des Fuckdown,1000.0,0.0,True,,https://miniature-prod.moysklad.ru/miniature/87fab22b-93c2-11f0-0a80-04c3000069c0/documentminiature/c81d339b-c1da-4258-a3cd-3539e35a6cd2
6f0e435e-965e-11f0-0a80-19dd001d932c,01228,"Футболки Comme des Fuckdown (Черный, S)",Футболки/Comme des Fuckdown,1000.0,0.0,True,,https://miniature-prod.moysklad.ru/miniature/87fab22b-93c2-11f0-0a80-04c3000069c0/documentminiature/c81d339b-c1da-4258-a3cd-3539e35a6cd2
6f1004a6-965e-11f0-0a80-19dd001d9333,01229,"Футболки Comme des Fuckdown (Черный, XL)",Футболки/Comme des Fuckdown,1000.0,0.0,True,,https://miniature-prod.moysklad.ru/miniature/87fab22b-93c2-11f0-0a80-04c3000069c0/documentminiature/c81d339b-c1da-4258-a3cd-3539e35a6cd2
6f11cc61-965e-11f0-0a80-19dd001d933a,01230,"Футболки Comme des Fuckdown (Черный, XS)",Футболки/Comme des Fuckdown,1000.0,0.0,True,,https://miniature-prod.moysklad.ru/miniature/87fab22b-93c2-11f0-0a80-04c3000069c0/documentminiature/c81d339b-c1da-4258-a3cd-3539e35a6cd2
6f13b07f-965e-11f0-0a80-19dd001d9341,01231,"Футболки Comme des Fuckdown (Черный, XXS)",Футболки/Comme des Fuckdown,1000.0,0.0,True,,https://miniature-prod.moysklad.ru/miniature/87fab22b-93c2-11f0-0a80-04c3000069c0/documentminiature/c81d339b-c1da-4258-a3cd-3539e35a6cd2
3604becf-965e-11f0-0a80-0066001d5dab,00131,Футболки Comme des Fuckdown mini logo,Футболки/Comme des Fuckdown,1000.0,0.0,True,,https://miniature-prod.moysklad.ru/miniature/87fab22b-93c2-11f0-0a80-04c3000069c0/documentminiature/afeec1bd-6e5b-40fc-9a7e-b5148480c2a8
43f9c34a-965e-11f0-0a80-0729001e0209,01183,"Футболки Comme des Fuckdown mini logo (Белый, 2XL)",Футболки/Comme des Fuckdown,1000.0,0.0,True,,https://miniature-prod.moysklad.ru/miniature/87fab22b-93c2-11f0-0a80-04c3000069c0/documentminiature/afeec1bd-6e5b-40fc-9a7e-b5148480c2a8
43fc81db-965e-11f0-0a80-0729001e0210,01184,"Футболки Comme des Fuckdown mini logo (Белый, L)",Футболки/Comme des Fuckdown,1000.0,0.0,True,,https://miniature-prod.moysklad.ru/miniature/87fab22b-93c2-11f0-0a80-04c3000069c0/documentminiature/afeec1bd-6e5b-40fc-9a7e-b5148480c2a8
43fe8ea7-965e-11f0-0a80-0729001e0217,01185,"Футболки Comme des Fuckdown mini logo (Белый, M)",Футболки/Comme des Fuckdown,1000.0,-1.0,True,,https://miniature-prod.moysklad.ru/miniature/87fab22b-93c2-11f0-0a80-04c3000069c0/documentminiature/afeec1bd-6e5b-40fc-9a7e-b5148480c2a8
44010a90-965e-11f0-0a80-0729001e021e,01186,"Футболки Comme des Fuckdown mini logo (Белый, S)",Футболки/Comme des Fuckdown,1000.0,0.0,True,,https://miniature-prod.moysklad.ru/miniature/87fab22b-93c2-11f0-0a80-04c3000069c0/documentminiature/afeec1bd-6e5b-40fc-9a7e-b5148480c2a8
440371c5-965e-11f0-0a80-0729001e0225,01187,"Футболки Comme des Fuckdown mini logo (Белый, XL)",Футболки/Comme des Fuckdown,1000.0,0.0,True,,https://miniature-prod.moysklad.ru/miniature/87fab22b-93c2-11f0-0a80-04c3000069c0/documentminiature/afeec1bd-6e5b-40fc-9a7e-b5148480c2a8
440612f4-965e-11f0-0a80-0729001e022c,01188,"Футболки Comme des Fuckdown mini logo (Белый, XS)",Футболки/Comme des Fuckdown,1000.0,0.0,True,,https://miniature-prod.moysklad.ru/miniature/87fab22b-93c2-11f0-0a80-04c3000069c0/documentminiature/afeec1bd-6e5b-40fc-9a7e-b5148480c2a8
44091efb-965e-11f0-0a80-0729001e0233,01189,"Футболки Comme des Fuckdown mini logo (Белый, XXS)",Футболки/Comme des Fuckdown,1000.0,0.0,True,,https://miniature-prod.moysklad.ru/miniature/87fab22b-93c2-11f0-0a80-04c3000069c0/documentminiature/afeec1bd-6e5b-40fc-9a7e-b5148480c2a8
440baf46-965e-11f0-0a80-0729001e023a,01190,"Футболки Comme des Fuckdown mini logo (Черный, 2XL)",Футболки/Comme des Fuckdown,1000.0,0.0,True,,https://miniature-prod.moysklad.ru/miniature/87fab22b-93c2-11f0-0a80-04c3000069c0/documentminiature/afeec1bd-6e5b-40fc-9a7e-b5148480c2a8
440e717c-965e-11f0-0a80-0729001e0241,01191,"Футболки Comme des Fuckdown mini logo (Черный, L)",Футболки/Comme des Fuckdown,1000.0,0.0,True,,https://miniature-prod.moysklad.ru/miniature/87fab22b-93c2-11f0-0a80-04c3000069c0/documentminiature/afeec1bd-6e5b-40fc-9a7e-b5148480c2a8
44117c06-965e-11f0-0a80-0729001e0248,01192,"Футболки Comme des Fuckdown mini logo (Черный, M)",Футболки/Comme des Fuckdown,1000.0,0.0,True,,https://miniature-prod.moysklad.ru/miniature/87fab22b-93c2-11f0-0a80-04c3000069c0/documentminiature/afeec1bd-6e5b-40fc-9a7e-b5148480c2a8
441479b2-965e-11f0-0a80-0729001e024f,01193,"Футболки Comme des Fuckdown mini logo (Черный, S)",Футболки/Comme des Fuckdown,1000.0,0.0,True,,https://miniature-prod.moysklad.ru/miniature/87fab22b-93c2-11f0-0a80-04c3000069c0/documentminiature/afeec1bd-6e5b-40fc-9a7e-b5148480c2a8
44174fa0-965e-11f0-0a80-0729001e0256,01194,"Футболки Comme des Fuckdown mini logo (Черный, XL)",Футболки/Comme des Fuckdown,1000.0,0.0,True,,https://miniature-prod.moysklad.ru/miniature/87fab22b-93c2-11f0-0a80-04c3000069c0/documentminiature/afeec1bd-6e5b-40fc-9a7e-b5148480c2a8
44198808-965e-11f0-0a80-0729001e025d,01195,"Футболки Comme des Fuckdown mini logo (Черный, XS)",Футболки/Comme des Fuckdown,1000.0,0.0,True,,https://miniature-prod.moysklad.ru/miniature/87fab22b-93c2-11f0-0a80-04c3000069c0/documentminiature/afeec1bd-6e5b-40fc-9a7e-b5148480c2a8
441cb7a3-965e-11f0-0a80-0729001e0264,01196,"Футболки Comme des Fuckdown mini logo (Черный, XXS)",Футболки/Comme des Fuckdown,1000.0,0.0,True,,https://miniature-prod.moysklad.ru/miniature/87fab22b-93c2-11f0-0a80-04c3000069c0/documentminiature/afeec1bd-6e5b-40fc-9a7e-b5148480c2a8
0f77bc3d-965e-11f0-0a80-1bbe001ca6a6,00130,Футболки Comme des Fuckdown street,Футболки/Comme des Fuckdown,1100.0,0.0,True,,https://miniature-prod.moysklad.ru/miniature/87fab22b-93c2-11f0-0a80-04c3000069c0/documentminiature/5bce933a-98c7-4604-b20c-90c83265f7d3
1ad4d19b-965e-11f0-0a80-0159001d5079,01169,"Футболки Comme des Fuckdown street (Белый, 2XL)",Футболки/Comme des Fuckdown,1100.0,0.0,True,,https://miniature-prod.moysklad.ru/miniature/87fab22b-93c2-11f0-0a80-04c3000069c0/documentminiature/5bce933a-98c7-4604-b20c-90c83265f7d3
1ad831f8-965e-11f0-0a80-0159001d5080,01170,"Футболки Comme des Fuckdown street (Белый, L)",Футболки/Comme des Fuckdown,1100.0,0.0,True,,https://miniature-prod.moysklad.ru/miniature/87fab22b-93c2-11f0-0a80-04c3000069c0/documentminiature/5bce933a-98c7-4604-b20c-90c83265f7d3
1adad578-965e-11f0-0a80-0159001d5087,01171,"Футболки Comme des Fuckdown street (Белый, M)",Футболки/Comme des Fuckdown,1100.0,0.0,True,,https://miniature-prod.moysklad.ru/miniature/87fab22b-93c2-11f0-0a80-04c3000069c0/documentminiature/5bce933a-98c7-4604-b20c-90c83265f7d3
1ade6fd9-965e-11f0-0a80-0159001d508e,01172,"Футболки Comme des Fuckdown street (Белый, S)",Футболки/Comme des Fuckdown,1100.0,0.0,True,,https://miniature-prod.moysklad.ru/miniature/87fab22b-93c2-11f0-0a80-04c3000069c0/documentminiature/5bce933a-98c7-4604-b20c-90c83265f7d3
1ae12a14-965e-11f0-0a80-0159001d5095,01173,"Футболки Comme des Fuckdown street (Белый, XL)",Футболки/Comme des Fuckdown,1100.0,0.0,True,,https://miniature-prod.moysklad.ru/miniature/87fab22b-93c2-11f0-0a80-04c3000069c0/documentminiature/5bce933a-98c7-4604-b20c-90c83265f7d3
1ae3ed4e-965e-11f0-0a80-0159001d509c,01174,"Футболки Comme des Fuckdown street (Белый, XS)",Футболки/Comme des Fuckdown,1100.0,0.0,True,,https://miniature-prod.moysklad.ru/miniature/87fab22b-93c2-11f0-0a80-04c3000069c0/documentminiature/5bce933a-98c7-4604-b20c-90c83265f7d3
1ae70eab-965e-11f0-0a80-0159001d50a3,01175,"Футболки Comme des Fuckdown street (Белый, XXS)",Футболки/Comme des Fuckdown,1100.0,0.0,True,,https://miniature-prod.moysklad.ru/miniature/87fab22b-93c2-11f0-0a80-04c3000069c0/documentminiature/5bce933a-98c7-4604-b20c-90c83265f7d3
1ae9f955-965e-11f0-0a80-0159001d50aa,01176,"Футболки Comme des Fuckdown street (Черный, 2XL)",Футболки/Comme des Fuckdown,1100.0,0.0,True,,https://miniature-prod.moysklad.ru/miniature/87fab22b-93c2-11f0-0a80-04c3000069c0/documentminiature/5bce933a-98c7-4604-b20c-90c83265f7d3
1aeca45e-965e-11f0-0a80-0159001d50b1,01177,"Футболки Comme des Fuckdown street (Черный, L)",Футболки/Comme des Fuckdown,1100.0,1.0,True,,https://miniature-prod.moysklad.ru/miniature/87fab22b-93c2-11f0-0a80-04c3000069c0/documentminiature/5bce933a-98c7-4604-b20c-90c83265f7d3
1aef3b01-965e-11f0-0a80-0159001d50b8,01178,"Футболки Comme des Fuckdown street (Черный, M)",Футболки/Comme des Fuckdown,1100.0,0.0,True,,https://miniature-prod.moysklad.ru/miniature/87fab22b-93c2-11f0-0a80-04c3000069c0/documentminiature/5bce933a-98c7-4604-b20c-90c83265f7d3
1af23a9b-965e-11f0-0a80-0159001d50bf,01179,"Футболки Comme des Fuckdown street (Черный, S)",Футболки/Comme des Fuckdown,1100.0,0.0,True,,https://miniature-prod.moysklad.ru/miniature/87fab22b-93c2-11f0-0a80-04c3000069c0/documentminiature/5bce933a-98c7-4604-b20c-90c83265f7d3
1af52dff-965e-11f0-0a80-0159001d50c6,01180,"Футболки Comme des Fuckdown street (Черный, XL)",Футболки/Comme des Fuckdown,1100.0,0.0,True,,https://miniature-prod.moysklad.ru/miniature/87fab22b-93c2-11f0-0a80-04c3000069c0/documentminiature/5bce933a-98c7-4604-b20c-90c83265f7d3
1af817d5-965e-11f0-0a80-0159001d50cd,01181,"Футболки Comme des Fuckdown street (Черный, XS)",Футболки/Comme des Fuckdown,1100.0,0.0,True,,https://miniature-prod.moysklad.ru/miniature/87fab22b-93c2-11f0-0a80-04c3000069c0/documentminiature/5bce933a-98c7-4604-b20c-90c83265f7d3
1afaa967-965e-11f0-0a80-0159001d50d4,01182,"Футболки Comme des Fuckdown street (Черный, XXS)",Футболки/Comme des Fuckdown,1100.0,0.0,True,,https://miniature-prod.moysklad.ru/miniature/87fab22b-93c2-11f0-0a80-04c3000069c0/documentminiature/5bce933a-98c7-4604-b20c-90c83265f7d3
3cc3725a-9654-11f0-0a80-0cc6001d39c6,00044,Футболка Comme des Garcons,Футболки/Comme des Garcons,1000.0,0.0,True,,https://miniature-prod.moysklad.ru/miniature/87fab22b-93c2-11f0-0a80-04c3000069c0/documentminiature/8b4bed8d-0699-4849-9fe2-a40569420cfb
a50bf153-9654-11f0-0a80-1bbe001c7717,00047,Футболка Comme des Garcons,Футболки/Comme des Garcons,1000.0,0.0,True,,https://miniature-prod.moysklad.ru/miniature/87fab22b-93c2-11f0-0a80-04c3000069c0/documentminiature/1563a634-9769-4b5f-85e0-ed4dfb3cafbc
fd373343-9654-11f0-0a80-17d5001d954c,00049,Футболка Comme des Garcons,Футболки/Comme des Garcons,1000.0,0.0,True,,https://miniature-prod.moysklad.ru/miniature/87fab22b-93c2-11f0-0a80-04c3000069c0/documentminiature/174c771c-cb59-48eb-b556-99c692e4f40e
40797dc6-9655-11f0-0a80-1435001d70a4,00051,Футболка Comme des Garcons,Футболки/Comme des Garcons,1000.0,0.0,True,,https://miniature-prod.moysklad.ru/miniature/87fab22b-93c2-11f0-0a80-04c3000069c0/documentminiature/5dc97abf-24dc-4406-a4cd-ef8200bc0808
b32b7f9a-9655-11f0-0a80-0066001d388e,00053,Футболка Comme des Garcons,Футболки/Comme des Garcons,1000.0,0.0,True,,https://miniature-prod.moysklad.ru/miniature/87fab22b-93c2-11f0-0a80-04c3000069c0/documentminiature/c1784b12-d846-4570-8f6d-ce7de9c8e58a
e26c85e0-9655-11f0-0a80-19dd001d6d8d,00055,Футболка Comme des Garcons,Футболки/Comme des Garcons,1000.0,0.0,True,,https://miniature-prod.moysklad.ru/miniature/87fab22b-93c2-11f0-0a80-04c3000069c0/documentminiature/ea1497c1-a279-4c8d-92cb-dcb743026495
22eb156c-9656-11f0-0a80-0df4001d4ee9,00057,Футболка Comme des Garcons,Футболки/Comme des Garcons,1000.0,0.0,True,,https://miniature-prod.moysklad.ru/miniature/87fab22b-93c2-11f0-0a80-04c3000069c0/documentminiature/da2ceaf3-40a2-4341-9836-a09ad8586f50
40416fdd-9656-11f0-0a80-0efd001d8d2c,00059,Футболка Comme des Garcons,Футболки/Comme des Garcons,1000.0,0.0,True,,https://miniature-prod.moysklad.ru/miniature/87fab22b-93c2-11f0-0a80-04c3000069c0/documentminiature/02347a3e-5e0a-4b2e-8a12-d8d063bc1ce0
b82543d0-9656-11f0-0a80-187f001deae3,00061,Футболка Comme des Garcons,Футболки/Comme des Garcons,1100.0,0.0,True,,https://miniature-prod.moysklad.ru/miniature/87fab22b-93c2-11f0-0a80-04c3000069c0/documentminiature/21ed91f8-620c-490d-8ca8-3a9486d5138a
edd6421b-9656-11f0-0a80-0efd001d8ff9,00062,Футболка Comme des Garcons,Футболки/Comme des Garcons,1000.0,0.0,True,,https://miniature-prod.moysklad.ru/miniature/87fab22b-93c2-11f0-0a80-04c3000069c0/documentminiature/4ec864f5-a211-4781-8244-43fbbce89953
888d5081-4970-11f1-0a80-155700006572,00314,Футболка Comme des Garcons,Футболки/Comme des Garcons,1000.0,0.0,True,,https://miniature-prod.moysklad.ru/miniature/87fab22b-93c2-11f0-0a80-04c3000069c0/documentminiature/ba28dc12-3816-406c-88b9-d41584bfa1e9
62aaba36-9654-11f0-0a80-0066001d33a2,00435,"Футболка Comme des Garcons (Белый, 2XL)",Футболки/Comme des Garcons,1000.0,0.0,True,,https://miniature-prod.moysklad.ru/miniature/87fab22b-93c2-11f0-0a80-04c3000069c0/documentminiature/8b4bed8d-0699-4849-9fe2-a40569420cfb
aea70fdd-9654-11f0-0a80-1435001d6ce6,00447,"Футболка Comme des Garcons (Белый, 2XL)",Футболки/Comme des Garcons,1000.0,0.0,True,,https://miniature-prod.moysklad.ru/miniature/87fab22b-93c2-11f0-0a80-04c3000069c0/documentminiature/1563a634-9769-4b5f-85e0-ed4dfb3cafbc
530745be-9655-11f0-0a80-0066001d36c2,00476,"Футболка Comme des Garcons (Белый, 2XL)",Футболки/Comme des Garcons,1000.0,0.0,True,,https://miniature-prod.moysklad.ru/miniature/87fab22b-93c2-11f0-0a80-04c3000069c0/documentminiature/5dc97abf-24dc-4406-a4cd-ef8200bc0808
bf92d510-9655-11f0-0a80-090b001c1127,00495,"Футболка Comme des Garcons (Белый, 2XL)",Футболки/Comme des Garcons,1000.0,0.0,True,,https://miniature-prod.moysklad.ru/miniature/87fab22b-93c2-11f0-0a80-04c3000069c0/documentminiature/c1784b12-d846-4570-8f6d-ce7de9c8e58a
30c56afb-9656-11f0-0a80-16d9001d8d5a,00526,"Футболка Comme des Garcons (Белый, 2XL)",Футболки/Comme des Garcons,1000.0,0.0,True,,https://miniature-prod.moysklad.ru/miniature/87fab22b-93c2-11f0-0a80-04c3000069c0/documentminiature/da2ceaf3-40a2-4341-9836-a09ad8586f50
5a853908-9656-11f0-0a80-0cc6001d424f,00545,"Футболка Comme des Garcons (Белый, 2XL)",Футболки/Comme des Garcons,1000.0,0.0,True,,https://miniature-prod.moysklad.ru/miniature/87fab22b-93c2-11f0-0a80-04c3000069c0/documentminiature/02347a3e-5e0a-4b2e-8a12-d8d063bc1ce0
0585b6fe-9657-11f0-0a80-0844001cfcdf,00566,"Футболка Comme des Garcons (Белый, 2XL)",Футболки/Comme des Garcons,1000.0,0.0,True,,https://miniature-prod.moysklad.ru/miniature/87fab22b-93c2-11f0-0a80-04c3000069c0/documentminiature/4ec864f5-a211-4781-8244-43fbbce89953
62ad41f9-9654-11f0-0a80-0066001d33a9,00436,"Футболка Comme des Garcons (Белый, L)",Футболки/Comme des Garcons,1000.0,0.0,True,,https://miniature-prod.moysklad.ru/miniature/87fab22b-93c2-11f0-0a80-04c3000069c0/documentminiature/8b4bed8d-0699-4849-9fe2-a40569420cfb
aeaab644-9654-11f0-0a80-1435001d6ced,00448,"Футболка Comme des Garcons (Белый, L)",Футболки/Comme des Garcons,1000.0,0.0,True,,https://miniature-prod.moysklad.ru/miniature/87fab22b-93c2-11f0-0a80-04c3000069c0/documentminiature/1563a634-9769-4b5f-85e0-ed4dfb3cafbc
5309dd1a-9655-11f0-0a80-0066001d36c9,00477,"Футболка Comme des Garcons (Белый, L)",Футболки/Comme des Garcons,1000.0,0.0,True,,https://miniature-prod.moysklad.ru/miniature/87fab22b-93c2-11f0-0a80-04c3000069c0/documentminiature/5dc97abf-24dc-4406-a4cd-ef8200bc0808
bf9566f1-9655-11f0-0a80-090b001c112e,00496,"Футболка Comme des Garcons (Белый, L)",Футболки/Comme des Garcons,1000.0,0.0,True,,https://miniature-prod.moysklad.ru/miniature/87fab22b-93c2-11f0-0a80-04c3000069c0/documentminiature/c1784b12-d846-4570-8f6d-ce7de9c8e58a
30c83ddb-9656-11f0-0a80-16d9001d8d61,00527,"Футболка Comme des Garcons (Белый, L)",Футболки/Comme des Garcons,1000.0,0.0,True,,https://miniature-prod.moysklad.ru/miniature/87fab22b-93c2-11f0-0a80-04c3000069c0/documentminiature/da2ceaf3-40a2-4341-9836-a09ad8586f50
5a88995c-9656-11f0-0a80-0cc6001d4256,00546,"Футболка Comme des Garcons (Белый, L)",Футболки/Comme des Garcons,1000.0,0.0,True,,https://miniature-prod.moysklad.ru/miniature/87fab22b-93c2-11f0-0a80-04c3000069c0/documentminiature/02347a3e-5e0a-4b2e-8a12-d8d063bc1ce0
05893e1d-9657-11f0-0a80-0844001cfce6,00567,"Футболка Comme des Garcons (Белый, L)",Футболки/Comme des Garcons,1000.0,0.0,True,,https://miniature-prod.moysklad.ru/miniature/87fab22b-93c2-11f0-0a80-04c3000069c0/documentminiature/4ec864f5-a211-4781-8244-43fbbce89953
62af4551-9654-11f0-0a80-0066001d33b0,00437,"Футболка Comme des Garcons (Белый, M)",Футболки/Comme des Garcons,1000.0,0.0,True,,https://miniature-prod.moysklad.ru/miniature/87fab22b-93c2-11f0-0a80-04c3000069c0/documentminiature/8b4bed8d-0699-4849-9fe2-a40569420cfb
aeada231-9654-11f0-0a80-1435001d6cf4,00449,"Футболка Comme des Garcons (Белый, M)",Футболки/Comme des Garcons,1000.0,0.0,True,,https://miniature-prod.moysklad.ru/miniature/87fab22b-93c2-11f0-0a80-04c3000069c0/documentminiature/1563a634-9769-4b5f-85e0-ed4dfb3cafbc
530c2595-9655-11f0-0a80-0066001d36d0,00478,"Футболка Comme des Garcons (Белый, M)",Футболки/Comme des Garcons,1000.0,0.0,True,,https://miniature-prod.moysklad.ru/miniature/87fab22b-93c2-11f0-0a80-04c3000069c0/documentminiature/5dc97abf-24dc-4406-a4cd-ef8200bc0808
bf9877cf-9655-11f0-0a80-090b001c1135,00497,"Футболка Comme des Garcons (Белый, M)",Футболки/Comme des Garcons,1000.0,0.0,True,,https://miniature-prod.moysklad.ru/miniature/87fab22b-93c2-11f0-0a80-04c3000069c0/documentminiature/c1784b12-d846-4570-8f6d-ce7de9c8e58a
30caaeda-9656-11f0-0a80-16d9001d8d68,00528,"Футболка Comme des Garcons (Белый, M)",Футболки/Comme des Garcons,1000.0,0.0,True,,https://miniature-prod.moysklad.ru/miniature/87fab22b-93c2-11f0-0a80-04c3000069c0/documentminiature/da2ceaf3-40a2-4341-9836-a09ad8586f50
5a8b637d-9656-11f0-0a80-0cc6001d425d,00547,"Футболка Comme des Garcons (Белый, M)",Футболки/Comme des Garcons,1000.0,0.0,True,,https://miniature-prod.moysklad.ru/miniature/87fab22b-93c2-11f0-0a80-04c3000069c0/documentminiature/02347a3e-5e0a-4b2e-8a12-d8d063bc1ce0
058f4bbb-9657-11f0-0a80-0844001cfced,00568,"Футболка Comme des Garcons (Белый, M)",Футболки/Comme des Garcons,1000.0,0.0,True,,https://miniature-prod.moysklad.ru/miniature/87fab22b-93c2-11f0-0a80-04c3000069c0/documentminiature/4ec864f5-a211-4781-8244-43fbbce89953
62b139dd-9654-11f0-0a80-0066001d33b7,00438,"Футболка Comme des Garcons (Белый, S)",Футболки/Comme des Garcons,1000.0,0.0,True,,https://miniature-prod.moysklad.ru/miniature/87fab22b-93c2-11f0-0a80-04c3000069c0/documentminiature/8b4bed8d-0699-4849-9fe2-a40569420cfb
aeb09592-9654-11f0-0a80-1435001d6cfb,00450,"Футболка Comme des Garcons (Белый, S)",Футболки/Comme des Garcons,1000.0,0.0,True,,https://miniature-prod.moysklad.ru/miniature/87fab22b-93c2-11f0-0a80-04c3000069c0/documentminiature/1563a634-9769-4b5f-85e0-ed4dfb3cafbc
530ebbdd-9655-11f0-0a80-0066001d36d7,00479,"Футболка Comme des Garcons (Белый, S)",Футболки/Comme des Garcons,1000.0,0.0,True,,https://miniature-prod.moysklad.ru/miniature/87fab22b-93c2-11f0-0a80-04c3000069c0/documentminiature/5dc97abf-24dc-4406-a4cd-ef8200bc0808
bf9ab639-9655-11f0-0a80-090b001c113c,00498,"Футболка Comme des Garcons (Белый, S)",Футболки/Comme des Garcons,1000.0,0.0,True,,https://miniature-prod.moysklad.ru/miniature/87fab22b-93c2-11f0-0a80-04c3000069c0/documentminiature/c1784b12-d846-4570-8f6d-ce7de9c8e58a
30ccc9f2-9656-11f0-0a80-16d9001d8d6f,00529,"Футболка Comme des Garcons (Белый, S)",Футболки/Comme des Garcons,1000.0,0.0,True,,https://miniature-prod.moysklad.ru/miniature/87fab22b-93c2-11f0-0a80-04c3000069c0/documentminiature/da2ceaf3-40a2-4341-9836-a09ad8586f50
5a8efd5e-9656-11f0-0a80-0cc6001d4264,00548,"Футболка Comme des Garcons (Белый, S)",Футболки/Comme des Garcons,1000.0,0.0,True,,https://miniature-prod.moysklad.ru/miniature/87fab22b-93c2-11f0-0a80-04c3000069c0/documentminiature/02347a3e-5e0a-4b2e-8a12-d8d063bc1ce0
05923b4a-9657-11f0-0a80-0844001cfcf4,00569,"Футболка Comme des Garcons (Белый, S)",Футболки/Comme des Garcons,1000.0,0.0,True,,https://miniature-prod.moysklad.ru/miniature/87fab22b-93c2-11f0-0a80-04c3000069c0/documentminiature/4ec864f5-a211-4781-8244-43fbbce89953
62b31e20-9654-11f0-0a80-0066001d33be,00439,"Футболка Comme des Garcons (Белый, XL)",Футболки/Comme des Garcons,1000.0,0.0,True,,https://miniature-prod.moysklad.ru/miniature/87fab22b-93c2-11f0-0a80-04c3000069c0/documentminiature/8b4bed8d-0699-4849-9fe2-a40569420cfb
aeb42f22-9654-11f0-0a80-1435001d6d02,00451,"Футболка Comme des Garcons (Белый, XL)",Футболки/Comme des Garcons,1000.0,0.0,True,,https://miniature-prod.moysklad.ru/miniature/87fab22b-93c2-11f0-0a80-04c3000069c0/documentminiature/1563a634-9769-4b5f-85e0-ed4dfb3cafbc
5310d9dd-9655-11f0-0a80-0066001d36de,00480,"Футболка Comme des Garcons (Белый, XL)",Футболки/Comme des Garcons,1000.0,0.0,True,,https://miniature-prod.moysklad.ru/miniature/87fab22b-93c2-11f0-0a80-04c3000069c0/documentminiature/5dc97abf-24dc-4406-a4cd-ef8200bc0808
bf9cf321-9655-11f0-0a80-090b001c1143,00499,"Футболка Comme des Garcons (Белый, XL)",Футболки/Comme des Garcons,1000.0,0.0,True,,https://miniature-prod.moysklad.ru/miniature/87fab22b-93c2-11f0-0a80-04c3000069c0/documentminiature/c1784b12-d846-4570-8f6d-ce7de9c8e58a
30d0b66e-9656-11f0-0a80-16d9001d8d76,00530,"Футболка Comme des Garcons (Белый, XL)",Футболки/Comme des Garcons,1000.0,0.0,True,,https://miniature-prod.moysklad.ru/miniature/87fab22b-93c2-11f0-0a80-04c3000069c0/documentminiature/da2ceaf3-40a2-4341-9836-a09ad8586f50
5a91cd14-9656-11f0-0a80-0cc6001d426b,00549,"Футболка Comme des Garcons (Белый, XL)",Футболки/Comme des Garcons,1000.0,0.0,True,,https://miniature-prod.moysklad.ru/miniature/87fab22b-93c2-11f0-0a80-04c3000069c0/documentminiature/02347a3e-5e0a-4b2e-8a12-d8d063bc1ce0
0594ea0c-9657-11f0-0a80-0844001cfcfb,00570,"Футболка Comme des Garcons (Белый, XL)",Футболки/Comme des Garcons,1000.0,0.0,True,,https://miniature-prod.moysklad.ru/miniature/87fab22b-93c2-11f0-0a80-04c3000069c0/documentminiature/4ec864f5-a211-4781-8244-43fbbce89953
62b4ef3b-9654-11f0-0a80-0066001d33c5,00440,"Футболка Comme des Garcons (Белый, XS)",Футболки/Comme des Garcons,1000.0,0.0,True,,https://miniature-prod.moysklad.ru/miniature/87fab22b-93c2-11f0-0a80-04c3000069c0/documentminiature/8b4bed8d-0699-4849-9fe2-a40569420cfb
aeb75c38-9654-11f0-0a80-1435001d6d09,00452,"Футболка Comme des Garcons (Белый, XS)",Футболки/Comme des Garcons,1000.0,0.0,True,,https://miniature-prod.moysklad.ru/miniature/87fab22b-93c2-11f0-0a80-04c3000069c0/documentminiature/1563a634-9769-4b5f-85e0-ed4dfb3cafbc
5312cd64-9655-11f0-0a80-0066001d36e5,00481,"Футболка Comme des Garcons (Белый, XS)",Футболки/Comme des Garcons,1000.0,0.0,True,,https://miniature-prod.moysklad.ru/miniature/87fab22b-93c2-11f0-0a80-04c3000069c0/documentminiature/5dc97abf-24dc-4406-a4cd-ef8200bc0808
bf9f25d4-9655-11f0-0a80-090b001c114a,00500,"Футболка Comme des Garcons (Белый, XS)",Футболки/Comme des Garcons,1000.0,0.0,True,,https://miniature-prod.moysklad.ru/miniature/87fab22b-93c2-11f0-0a80-04c3000069c0/documentminiature/c1784b12-d846-4570-8f6d-ce7de9c8e58a
30d35060-9656-11f0-0a80-16d9001d8d7d,00531,"Футболка Comme des Garcons (Белый, XS)",Футболки/Comme des Garcons,1000.0,0.0,True,,https://miniature-prod.moysklad.ru/miniature/87fab22b-93c2-11f0-0a80-04c3000069c0/documentminiature/da2ceaf3-40a2-4341-9836-a09ad8586f50
5a94944f-9656-11f0-0a80-0cc6001d4272,00550,"Футболка Comme des Garcons (Белый, XS)",Футболки/Comme des Garcons,1000.0,0.0,True,,https://miniature-prod.moysklad.ru/miniature/87fab22b-93c2-11f0-0a80-04c3000069c0/documentminiature/02347a3e-5e0a-4b2e-8a12-d8d063bc1ce0
0597c4e6-9657-11f0-0a80-0844001cfd02,00571,"Футболка Comme des Garcons (Белый, XS)",Футболки/Comme des Garcons,1000.0,0.0,True,,https://miniature-prod.moysklad.ru/miniature/87fab22b-93c2-11f0-0a80-04c3000069c0/documentminiature/4ec864f5-a211-4781-8244-43fbbce89953
62b6bb30-9654-11f0-0a80-0066001d33cc,00441,"Футболка Comme des Garcons (Белый, XXS)",Футболки/Comme des Garcons,1000.0,0.0,True,,https://miniature-prod.moysklad.ru/miniature/87fab22b-93c2-11f0-0a80-04c3000069c0/documentminiature/8b4bed8d-0699-4849-9fe2-a40569420cfb
aeba441e-9654-11f0-0a80-1435001d6d10,00453,"Футболка Comme des Garcons (Белый, XXS)",Футболки/Comme des Garcons,1000.0,0.0,True,,https://miniature-prod.moysklad.ru/miniature/87fab22b-93c2-11f0-0a80-04c3000069c0/documentminiature/1563a634-9769-4b5f-85e0-ed4dfb3cafbc
5314aece-9655-11f0-0a80-0066001d36ec,00482,"Футболка Comme des Garcons (Белый, XXS)",Футболки/Comme des Garcons,1000.0,0.0,True,,https://miniature-prod.moysklad.ru/miniature/87fab22b-93c2-11f0-0a80-04c3000069c0/documentminiature/5dc97abf-24dc-4406-a4cd-ef8200bc0808
bfa153f1-9655-11f0-0a80-090b001c1151,00501,"Футболка Comme des Garcons (Белый, XXS)",Футболки/Comme des Garcons,1000.0,0.0,True,,https://miniature-prod.moysklad.ru/miniature/87fab22b-93c2-11f0-0a80-04c3000069c0/documentminiature/c1784b12-d846-4570-8f6d-ce7de9c8e58a
30d582c8-9656-11f0-0a80-16d9001d8d84,00532,"Футболка Comme des Garcons (Белый, XXS)",Футболки/Comme des Garcons,1000.0,0.0,True,,https://miniature-prod.moysklad.ru/miniature/87fab22b-93c2-11f0-0a80-04c3000069c0/documentminiature/da2ceaf3-40a2-4341-9836-a09ad8586f50
5a97c038-9656-11f0-0a80-0cc6001d4279,00551,"Футболка Comme des Garcons (Белый, XXS)",Футболки/Comme des Garcons,1000.0,0.0,True,,https://miniature-prod.moysklad.ru/miniature/87fab22b-93c2-11f0-0a80-04c3000069c0/documentminiature/02347a3e-5e0a-4b2e-8a12-d8d063bc1ce0
059ab345-9657-11f0-0a80-0844001cfd09,00572,"Футболка Comme des Garcons (Белый, XXS)",Футболки/Comme des Garcons,1000.0,0.0,True,,https://miniature-prod.moysklad.ru/miniature/87fab22b-93c2-11f0-0a80-04c3000069c0/documentminiature/4ec864f5-a211-4781-8244-43fbbce89953
099afc4e-9655-11f0-0a80-090b001c0e0b,00464,"Футболка Comme des Garcons (Черный, 2XL)",Футболки/Comme des Garcons,1000.0,0.0,True,,https://miniature-prod.moysklad.ru/miniature/87fab22b-93c2-11f0-0a80-04c3000069c0/documentminiature/174c771c-cb59-48eb-b556-99c692e4f40e
5316859f-9655-11f0-0a80-0066001d36f3,00483,"Футболка Comme des Garcons (Черный, 2XL)",Футболки/Comme des Garcons,1000.0,0.0,True,,https://miniature-prod.moysklad.ru/miniature/87fab22b-93c2-11f0-0a80-04c3000069c0/documentminiature/5dc97abf-24dc-4406-a4cd-ef8200bc0808
bfa3b863-9655-11f0-0a80-090b001c1158,00502,"Футболка Comme des Garcons (Черный, 2XL)",Футболки/Comme des Garcons,1000.0,0.0,True,,https://miniature-prod.moysklad.ru/miniature/87fab22b-93c2-11f0-0a80-04c3000069c0/documentminiature/c1784b12-d846-4570-8f6d-ce7de9c8e58a
ebb69486-9655-11f0-0a80-187f001de68f,00514,"Футболка Comme des Garcons (Черный, 2XL)",Футболки/Comme des Garcons,1000.0,0.0,True,,https://miniature-prod.moysklad.ru/miniature/87fab22b-93c2-11f0-0a80-04c3000069c0/documentminiature/ea1497c1-a279-4c8d-92cb-dcb743026495
30d7cfd4-9656-11f0-0a80-16d9001d8d95,00533,"Футболка Comme des Garcons (Черный, 2XL)",Футболки/Comme des Garcons,1000.0,0.0,True,,https://miniature-prod.moysklad.ru/miniature/87fab22b-93c2-11f0-0a80-04c3000069c0/documentminiature/da2ceaf3-40a2-4341-9836-a09ad8586f50
c64fe975-9656-11f0-0a80-0729001de612,00559,"Футболка Comme des Garcons (Черный, 2XL)",Футболки/Comme des Garcons,1100.0,0.0,True,,https://miniature-prod.moysklad.ru/miniature/87fab22b-93c2-11f0-0a80-04c3000069c0/documentminiature/21ed91f8-620c-490d-8ca8-3a9486d5138a
059df0f1-9657-11f0-0a80-0844001cfd10,00573,"Футболка Comme des Garcons (Черный, 2XL)",Футболки/Comme des Garcons,1000.0,0.0,True,,https://miniature-prod.moysklad.ru/miniature/87fab22b-93c2-11f0-0a80-04c3000069c0/documentminiature/4ec864f5-a211-4781-8244-43fbbce89953
97af7c4a-4970-11f1-0a80-071300006385,02442,"Футболка Comme des Garcons (Черный, 2XL)",Футболки/Comme des Garcons,1000.0,0.0,True,,https://miniature-prod.moysklad.ru/miniature/87fab22b-93c2-11f0-0a80-04c3000069c0/documentminiature/ba28dc12-3816-406c-88b9-d41584bfa1e9
099d2c88-9655-11f0-0a80-090b001c0e12,00465,"Футболка Comme des Garcons (Черный, L)",Футболки/Comme des Garcons,1000.0,0.0,True,,https://miniature-prod.moysklad.ru/miniature/87fab22b-93c2-11f0-0a80-04c3000069c0/documentminiature/174c771c-cb59-48eb-b556-99c692e4f40e
531863ad-9655-11f0-0a80-0066001d36fa,00484,"Футболка Comme des Garcons (Черный, L)",Футболки/Comme des Garcons,1000.0,0.0,True,,https://miniature-prod.moysklad.ru/miniature/87fab22b-93c2-11f0-0a80-04c3000069c0/documentminiature/5dc97abf-24dc-4406-a4cd-ef8200bc0808
bfa603d9-9655-11f0-0a80-090b001c115f,00503,"Футболка Comme des Garcons (Черный, L)",Футболки/Comme des Garcons,1000.0,0.0,True,,https://miniature-prod.moysklad.ru/miniature/87fab22b-93c2-11f0-0a80-04c3000069c0/documentminiature/c1784b12-d846-4570-8f6d-ce7de9c8e58a
ebbade6d-9655-11f0-0a80-187f001de696,00515,"Футболка Comme des Garcons (Черный, L)",Футболки/Comme des Garcons,1000.0,0.0,True,,https://miniature-prod.moysklad.ru/miniature/87fab22b-93c2-11f0-0a80-04c3000069c0/documentminiature/ea1497c1-a279-4c8d-92cb-dcb743026495
30d9a4ee-9656-11f0-0a80-16d9001d8da3,00534,"Футболка Comme des Garcons (Черный, L)",Футболки/Comme des Garcons,1000.0,0.0,True,,https://miniature-prod.moysklad.ru/miniature/87fab22b-93c2-11f0-0a80-04c3000069c0/documentminiature/da2ceaf3-40a2-4341-9836-a09ad8586f50
c6539643-9656-11f0-0a80-0729001de619,00560,"Футболка Comme des Garcons (Черный, L)",Футболки/Comme des Garcons,1100.0,0.0,True,,https://miniature-prod.moysklad.ru/miniature/87fab22b-93c2-11f0-0a80-04c3000069c0/documentminiature/21ed91f8-620c-490d-8ca8-3a9486d5138a
05a18037-9657-11f0-0a80-0844001cfd17,00574,"Футболка Comme des Garcons (Черный, L)",Футболки/Comme des Garcons,1000.0,0.0,True,,https://miniature-prod.moysklad.ru/miniature/87fab22b-93c2-11f0-0a80-04c3000069c0/documentminiature/4ec864f5-a211-4781-8244-43fbbce89953
97b60a79-4970-11f1-0a80-07130000638e,02443,"Футболка Comme des Garcons (Черный, L)",Футболки/Comme des Garcons,1000.0,0.0,True,,https://miniature-prod.moysklad.ru/miniature/87fab22b-93c2-11f0-0a80-04c3000069c0/documentminiature/ba28dc12-3816-406c-88b9-d41584bfa1e9
099ef4af-9655-11f0-0a80-090b001c0e19,00466,"Футболка Comme des Garcons (Черный, M)",Футболки/Comme des Garcons,1000.0,0.0,True,,https://miniature-prod.moysklad.ru/miniature/87fab22b-93c2-11f0-0a80-04c3000069c0/documentminiature/174c771c-cb59-48eb-b556-99c692e4f40e
531a456e-9655-11f0-0a80-0066001d3701,00485,"Футболка Comme des Garcons (Черный, M)",Футболки/Comme des Garcons,1000.0,0.0,True,,https://miniature-prod.moysklad.ru/miniature/87fab22b-93c2-11f0-0a80-04c3000069c0/documentminiature/5dc97abf-24dc-4406-a4cd-ef8200bc0808
bfa8534e-9655-11f0-0a80-090b001c1166,00504,"Футболка Comme des Garcons (Черный, M)",Футболки/Comme des Garcons,1000.0,0.0,True,,https://miniature-prod.moysklad.ru/miniature/87fab22b-93c2-11f0-0a80-04c3000069c0/documentminiature/c1784b12-d846-4570-8f6d-ce7de9c8e58a
ebbe1bfc-9655-11f0-0a80-187f001de69d,00516,"Футболка Comme des Garcons (Черный, M)",Футболки/Comme des Garcons,1000.0,0.0,True,,https://miniature-prod.moysklad.ru/miniature/87fab22b-93c2-11f0-0a80-04c3000069c0/documentminiature/ea1497c1-a279-4c8d-92cb-dcb743026495
30db8ce4-9656-11f0-0a80-16d9001d8dad,00535,"Футболка Comme des Garcons (Черный, M)",Футболки/Comme des Garcons,1000.0,0.0,True,,https://miniature-prod.moysklad.ru/miniature/87fab22b-93c2-11f0-0a80-04c3000069c0/documentminiature/da2ceaf3-40a2-4341-9836-a09ad8586f50
c6578a62-9656-11f0-0a80-0729001de620,00561,"Футболка Comme des Garcons (Черный, M)",Футболки/Comme des Garcons,1100.0,0.0,True,,https://miniature-prod.moysklad.ru/miniature/87fab22b-93c2-11f0-0a80-04c3000069c0/documentminiature/21ed91f8-620c-490d-8ca8-3a9486d5138a
05a4c75e-9657-11f0-0a80-0844001cfd1e,00575,"Футболка Comme des Garcons (Черный, M)",Футболки/Comme des Garcons,1000.0,0.0,True,,https://miniature-prod.moysklad.ru/miniature/87fab22b-93c2-11f0-0a80-04c3000069c0/documentminiature/4ec864f5-a211-4781-8244-43fbbce89953
97baab5c-4970-11f1-0a80-071300006397,02444,"Футболка Comme des Garcons (Черный, M)",Футболки/Comme des Garcons,1000.0,0.0,True,,https://miniature-prod.moysklad.ru/miniature/87fab22b-93c2-11f0-0a80-04c3000069c0/documentminiature/ba28dc12-3816-406c-88b9-d41584bfa1e9
09a0ae2c-9655-11f0-0a80-090b001c0e20,00467,"Футболка Comme des Garcons (Черный, S)",Футболки/Comme des Garcons,1000.0,0.0,True,,https://miniature-prod.moysklad.ru/miniature/87fab22b-93c2-11f0-0a80-04c3000069c0/documentminiature/174c771c-cb59-48eb-b556-99c692e4f40e
531c7e56-9655-11f0-0a80-0066001d3708,00486,"Футболка Comme des Garcons (Черный, S)",Футболки/Comme des Garcons,1000.0,0.0,True,,https://miniature-prod.moysklad.ru/miniature/87fab22b-93c2-11f0-0a80-04c3000069c0/documentminiature/5dc97abf-24dc-4406-a4cd-ef8200bc0808
bfaaa22a-9655-11f0-0a80-090b001c116d,00505,"Футболка Comme des Garcons (Черный, S)",Футболки/Comme des Garcons,1000.0,0.0,True,,https://miniature-prod.moysklad.ru/miniature/87fab22b-93c2-11f0-0a80-04c3000069c0/documentminiature/c1784b12-d846-4570-8f6d-ce7de9c8e58a
ebc13348-9655-11f0-0a80-187f001de6a4,00517,"Футболка Comme des Garcons (Черный, S)",Футболки/Comme des Garcons,1000.0,0.0,True,,https://miniature-prod.moysklad.ru/miniature/87fab22b-93c2-11f0-0a80-04c3000069c0/documentminiature/ea1497c1-a279-4c8d-92cb-dcb743026495
30ddb7e2-9656-11f0-0a80-16d9001d8db4,00536,"Футболка Comme des Garcons (Черный, S)",Футболки/Comme des Garcons,1000.0,0.0,True,,https://miniature-prod.moysklad.ru/miniature/87fab22b-93c2-11f0-0a80-04c3000069c0/documentminiature/da2ceaf3-40a2-4341-9836-a09ad8586f50
c65b6320-9656-11f0-0a80-0729001de627,00562,"Футболка Comme des Garcons (Черный, S)",Футболки/Comme des Garcons,1100.0,0.0,True,,https://miniature-prod.moysklad.ru/miniature/87fab22b-93c2-11f0-0a80-04c3000069c0/documentminiature/21ed91f8-620c-490d-8ca8-3a9486d5138a
05a76799-9657-11f0-0a80-0844001cfd25,00576,"Футболка Comme des Garcons (Черный, S)",Футболки/Comme des Garcons,1000.0,0.0,True,,https://miniature-prod.moysklad.ru/miniature/87fab22b-93c2-11f0-0a80-04c3000069c0/documentminiature/4ec864f5-a211-4781-8244-43fbbce89953
97c088f0-4970-11f1-0a80-0713000063a0,02445,"Футболка Comme des Garcons (Черный, S)",Футболки/Comme des Garcons,1000.0,0.0,True,,https://miniature-prod.moysklad.ru/miniature/87fab22b-93c2-11f0-0a80-04c3000069c0/documentminiature/ba28dc12-3816-406c-88b9-d41584bfa1e9
09a25983-9655-11f0-0a80-090b001c0e27,00468,"Футболка Comme des Garcons (Черный, XL)",Футболки/Comme des Garcons,1000.0,0.0,True,,https://miniature-prod.moysklad.ru/miniature/87fab22b-93c2-11f0-0a80-04c3000069c0/documentminiature/174c771c-cb59-48eb-b556-99c692e4f40e
531ec7b8-9655-11f0-0a80-0066001d370f,00487,"Футболка Comme des Garcons (Черный, XL)",Футболки/Comme des Garcons,1000.0,0.0,True,,https://miniature-prod.moysklad.ru/miniature/87fab22b-93c2-11f0-0a80-04c3000069c0/documentminiature/5dc97abf-24dc-4406-a4cd-ef8200bc0808
bfad1a5f-9655-11f0-0a80-090b001c1174,00506,"Футболка Comme des Garcons (Черный, XL)",Футболки/Comme des Garcons,1000.0,0.0,True,,https://miniature-prod.moysklad.ru/miniature/87fab22b-93c2-11f0-0a80-04c3000069c0/documentminiature/c1784b12-d846-4570-8f6d-ce7de9c8e58a
ebc4d5f7-9655-11f0-0a80-187f001de6ab,00518,"Футболка Comme des Garcons (Черный, XL)",Футболки/Comme des Garcons,1000.0,0.0,True,,https://miniature-prod.moysklad.ru/miniature/87fab22b-93c2-11f0-0a80-04c3000069c0/documentminiature/ea1497c1-a279-4c8d-92cb-dcb743026495
30dfe712-9656-11f0-0a80-16d9001d8dbb,00537,"Футболка Comme des Garcons (Черный, XL)",Футболки/Comme des Garcons,1000.0,0.0,True,,https://miniature-prod.moysklad.ru/miniature/87fab22b-93c2-11f0-0a80-04c3000069c0/documentminiature/da2ceaf3-40a2-4341-9836-a09ad8586f50
c65e3f04-9656-11f0-0a80-0729001de62e,00563,"Футболка Comme des Garcons (Черный, XL)",Футболки/Comme des Garcons,1100.0,0.0,True,,https://miniature-prod.moysklad.ru/miniature/87fab22b-93c2-11f0-0a80-04c3000069c0/documentminiature/21ed91f8-620c-490d-8ca8-3a9486d5138a
05aa4365-9657-11f0-0a80-0844001cfd2c,00577,"Футболка Comme des Garcons (Черный, XL)",Футболки/Comme des Garcons,1000.0,0.0,True,,https://miniature-prod.moysklad.ru/miniature/87fab22b-93c2-11f0-0a80-04c3000069c0/documentminiature/4ec864f5-a211-4781-8244-43fbbce89953
97c440b4-4970-11f1-0a80-0713000063a9,02446,"Футболка Comme des Garcons (Черный, XL)",Футболки/Comme des Garcons,1000.0,0.0,True,,https://miniature-prod.moysklad.ru/miniature/87fab22b-93c2-11f0-0a80-04c3000069c0/documentminiature/ba28dc12-3816-406c-88b9-d41584bfa1e9
09a3f3bd-9655-11f0-0a80-090b001c0e2e,00469,"Футболка Comme des Garcons (Черный, XS)",Футболки/Comme des Garcons,1000.0,0.0,True,,https://miniature-prod.moysklad.ru/miniature/87fab22b-93c2-11f0-0a80-04c3000069c0/documentminiature/174c771c-cb59-48eb-b556-99c692e4f40e
5320cff7-9655-11f0-0a80-0066001d3716,00488,"Футболка Comme des Garcons (Черный, XS)",Футболки/Comme des Garcons,1000.0,0.0,True,,https://miniature-prod.moysklad.ru/miniature/87fab22b-93c2-11f0-0a80-04c3000069c0/documentminiature/5dc97abf-24dc-4406-a4cd-ef8200bc0808
bfaf9b83-9655-11f0-0a80-090b001c117b,00507,"Футболка Comme des Garcons (Черный, XS)",Футболки/Comme des Garcons,1000.0,0.0,True,,https://miniature-prod.moysklad.ru/miniature/87fab22b-93c2-11f0-0a80-04c3000069c0/documentminiature/c1784b12-d846-4570-8f6d-ce7de9c8e58a
ebc8f536-9655-11f0-0a80-187f001de6b2,00519,"Футболка Comme des Garcons (Черный, XS)",Футболки/Comme des Garcons,1000.0,0.0,True,,https://miniature-prod.moysklad.ru/miniature/87fab22b-93c2-11f0-0a80-04c3000069c0/documentminiature/ea1497c1-a279-4c8d-92cb-dcb743026495
30e2314c-9656-11f0-0a80-16d9001d8dc2,00538,"Футболка Comme des Garcons (Черный, XS)",Футболки/Comme des Garcons,1000.0,0.0,True,,https://miniature-prod.moysklad.ru/miniature/87fab22b-93c2-11f0-0a80-04c3000069c0/documentminiature/da2ceaf3-40a2-4341-9836-a09ad8586f50
c660efb0-9656-11f0-0a80-0729001de635,00564,"Футболка Comme des Garcons (Черный, XS)",Футболки/Comme des Garcons,1100.0,0.0,True,,https://miniature-prod.moysklad.ru/miniature/87fab22b-93c2-11f0-0a80-04c3000069c0/documentminiature/21ed91f8-620c-490d-8ca8-3a9486d5138a
05addb74-9657-11f0-0a80-0844001cfd33,00578,"Футболка Comme des Garcons (Черный, XS)",Футболки/Comme des Garcons,1000.0,0.0,True,,https://miniature-prod.moysklad.ru/miniature/87fab22b-93c2-11f0-0a80-04c3000069c0/documentminiature/4ec864f5-a211-4781-8244-43fbbce89953
09a59fd7-9655-11f0-0a80-090b001c0e35,00470,"Футболка Comme des Garcons (Черный, XXS)",Футболки/Comme des Garcons,1000.0,0.0,True,,https://miniature-prod.moysklad.ru/miniature/87fab22b-93c2-11f0-0a80-04c3000069c0/documentminiature/174c771c-cb59-48eb-b556-99c692e4f40e
5322bbe6-9655-11f0-0a80-0066001d371d,00489,"Футболка Comme des Garcons (Черный, XXS)",Футболки/Comme des Garcons,1000.0,0.0,True,,https://miniature-prod.moysklad.ru/miniature/87fab22b-93c2-11f0-0a80-04c3000069c0/documentminiature/5dc97abf-24dc-4406-a4cd-ef8200bc0808
bfb1fbfb-9655-11f0-0a80-090b001c1182,00508,"Футболка Comme des Garcons (Черный, XXS)",Футболки/Comme des Garcons,1000.0,0.0,True,,https://miniature-prod.moysklad.ru/miniature/87fab22b-93c2-11f0-0a80-04c3000069c0/documentminiature/c1784b12-d846-4570-8f6d-ce7de9c8e58a
ebcc4ca7-9655-11f0-0a80-187f001de6b9,00520,"Футболка Comme des Garcons (Черный, XXS)",Футболки/Comme des Garcons,1000.0,0.0,True,,https://miniature-prod.moysklad.ru/miniature/87fab22b-93c2-11f0-0a80-04c3000069c0/documentminiature/ea1497c1-a279-4c8d-92cb-dcb743026495
30e467e5-9656-11f0-0a80-16d9001d8dc9,00539,"Футболка Comme des Garcons (Черный, XXS)",Футболки/Comme des Garcons,1000.0,0.0,True,,https://miniature-prod.moysklad.ru/miniature/87fab22b-93c2-11f0-0a80-04c3000069c0/documentminiature/da2ceaf3-40a2-4341-9836-a09ad8586f50
c6641d0a-9656-11f0-0a80-0729001de63c,00565,"Футболка Comme des Garcons (Черный, XXS)",Футболки/Comme des Garcons,1100.0,0.0,True,,https://miniature-prod.moysklad.ru/miniature/87fab22b-93c2-11f0-0a80-04c3000069c0/documentminiature/21ed91f8-620c-490d-8ca8-3a9486d5138a
05b24930-9657-11f0-0a80-0844001cfd3a,00579,"Футболка Comme des Garcons (Черный, XXS)",Футболки/Comme des Garcons,1000.0,0.0,True,,https://miniature-prod.moysklad.ru/miniature/87fab22b-93c2-11f0-0a80-04c3000069c0/documentminiature/4ec864f5-a211-4781-8244-43fbbce89953
784b81c1-9656-11f0-0a80-0efd001d8e46,00060,Футболка Comme des Garcons cry,Футболки/Comme des Garcons,1000.0,0.0,True,,https://miniature-prod.moysklad.ru/miniature/87fab22b-93c2-11f0-0a80-04c3000069c0/documentminiature/9d067a7a-0a9a-4ed3-a7ca-27f1f39aaeeb
81d7140b-9656-11f0-0a80-1435001d7705,00552,"Футболка Comme des Garcons cry (Белый, 2XL)",Футболки/Comme des Garcons,1000.0,0.0,True,,https://miniature-prod.moysklad.ru/miniature/87fab22b-93c2-11f0-0a80-04c3000069c0/documentminiature/9d067a7a-0a9a-4ed3-a7ca-27f1f39aaeeb
81da0a41-9656-11f0-0a80-1435001d770c,00553,"Футболка Comme des Garcons cry (Белый, L)",Футболки/Comme des Garcons,1000.0,0.0,True,,https://miniature-prod.moysklad.ru/miniature/87fab22b-93c2-11f0-0a80-04c3000069c0/documentminiature/9d067a7a-0a9a-4ed3-a7ca-27f1f39aaeeb
81dc60c5-9656-11f0-0a80-1435001d7713,00554,"Футболка Comme des Garcons cry (Белый, M)",Футболки/Comme des Garcons,1000.0,0.0,True,,https://miniature-prod.moysklad.ru/miniature/87fab22b-93c2-11f0-0a80-04c3000069c0/documentminiature/9d067a7a-0a9a-4ed3-a7ca-27f1f39aaeeb
81de94a2-9656-11f0-0a80-1435001d771a,00555,"Футболка Comme des Garcons cry (Белый, S)",Футболки/Comme des Garcons,1000.0,0.0,True,,https://miniature-prod.moysklad.ru/miniature/87fab22b-93c2-11f0-0a80-04c3000069c0/documentminiature/9d067a7a-0a9a-4ed3-a7ca-27f1f39aaeeb
81e0c79e-9656-11f0-0a80-1435001d7721,00556,"Футболка Comme des Garcons cry (Белый, XL)",Футболки/Comme des Garcons,1000.0,0.0,True,,https://miniature-prod.moysklad.ru/miniature/87fab22b-93c2-11f0-0a80-04c3000069c0/documentminiature/9d067a7a-0a9a-4ed3-a7ca-27f1f39aaeeb
81e2d5ff-9656-11f0-0a80-1435001d7728,00557,"Футболка Comme des Garcons cry (Белый, XS)",Футболки/Comme des Garcons,1000.0,0.0,True,,https://miniature-prod.moysklad.ru/miniature/87fab22b-93c2-11f0-0a80-04c3000069c0/documentminiature/9d067a7a-0a9a-4ed3-a7ca-27f1f39aaeeb
81e4fd67-9656-11f0-0a80-1435001d772f,00558,"Футболка Comme des Garcons cry (Белый, XXS)",Футболки/Comme des Garcons,1000.0,0.0,True,,https://miniature-prod.moysklad.ru/miniature/87fab22b-93c2-11f0-0a80-04c3000069c0/documentminiature/9d067a7a-0a9a-4ed3-a7ca-27f1f39aaeeb
e47b9d88-496d-11f1-0a80-1a3e002a4688,00313,Футболка Comme des Garcons spring,Футболки/Comme des Garcons,1000.0,0.0,True,,https://miniature-prod.moysklad.ru/miniature/87fab22b-93c2-11f0-0a80-04c3000069c0/documentminiature/3ae288f4-af1d-4dc6-98a4-546f7b811535
efd6f182-496d-11f1-0a80-05d0002ad60c,02436,"Футболка Comme des Garcons spring (Белый, 2XL)",Футболки/Comme des Garcons,1000.0,0.0,True,,https://miniature-prod.moysklad.ru/miniature/87fab22b-93c2-11f0-0a80-04c3000069c0/documentminiature/3ae288f4-af1d-4dc6-98a4-546f7b811535
efdae3f7-496d-11f1-0a80-05d0002ad615,02437,"Футболка Comme des Garcons spring (Белый, L)",Футболки/Comme des Garcons,1000.0,0.0,True,,https://miniature-prod.moysklad.ru/miniature/87fab22b-93c2-11f0-0a80-04c3000069c0/documentminiature/3ae288f4-af1d-4dc6-98a4-546f7b811535
efddadd3-496d-11f1-0a80-05d0002ad61e,02438,"Футболка Comme des Garcons spring (Белый, M)",Футболки/Comme des Garcons,1000.0,0.0,True,,https://miniature-prod.moysklad.ru/miniature/87fab22b-93c2-11f0-0a80-04c3000069c0/documentminiature/3ae288f4-af1d-4dc6-98a4-546f7b811535
efe08d39-496d-11f1-0a80-05d0002ad627,02439,"Футболка Comme des Garcons spring (Белый, S)",Футболки/Comme des Garcons,1000.0,0.0,True,,https://miniature-prod.moysklad.ru/miniature/87fab22b-93c2-11f0-0a80-04c3000069c0/documentminiature/3ae288f4-af1d-4dc6-98a4-546f7b811535
efe33f3b-496d-11f1-0a80-05d0002ad630,02440,"Футболка Comme des Garcons spring (Белый, XL)",Футболки/Comme des Garcons,1000.0,0.0,True,,https://miniature-prod.moysklad.ru/miniature/87fab22b-93c2-11f0-0a80-04c3000069c0/documentminiature/3ae288f4-af1d-4dc6-98a4-546f7b811535
8fb21626-9663-11f0-0a80-0cc6001d76d0,00175,Футболки CDG надпись,Футболки/Comme des Garcons,1000.0,0.0,True,,https://miniature-prod.moysklad.ru/miniature/87fab22b-93c2-11f0-0a80-04c3000069c0/documentminiature/675039bc-4d0d-452a-a220-210e8913b14b
98ee074b-9663-11f0-0a80-0159001d5eff,01680,"Футболки CDG надпись (Черный, 2XL)",Футболки/Comme des Garcons,1000.0,0.0,True,,https://miniature-prod.moysklad.ru/miniature/87fab22b-93c2-11f0-0a80-04c3000069c0/documentminiature/675039bc-4d0d-452a-a220-210e8913b14b
98f09339-9663-11f0-0a80-0159001d5f06,01681,"Футболки CDG надпись (Черный, L)",Футболки/Comme des Garcons,1000.0,0.0,True,,https://miniature-prod.moysklad.ru/miniature/87fab22b-93c2-11f0-0a80-04c3000069c0/documentminiature/675039bc-4d0d-452a-a220-210e8913b14b
98f2d603-9663-11f0-0a80-0159001d5f0d,01682,"Футболки CDG надпись (Черный, M)",Футболки/Comme des Garcons,1000.0,-1.0,True,,https://miniature-prod.moysklad.ru/miniature/87fab22b-93c2-11f0-0a80-04c3000069c0/documentminiature/675039bc-4d0d-452a-a220-210e8913b14b
98f4f2c0-9663-11f0-0a80-0159001d5f14,01683,"Футболки CDG надпись (Черный, S)",Футболки/Comme des Garcons,1000.0,0.0,True,,https://miniature-prod.moysklad.ru/miniature/87fab22b-93c2-11f0-0a80-04c3000069c0/documentminiature/675039bc-4d0d-452a-a220-210e8913b14b
98f7199b-9663-11f0-0a80-0159001d5f1b,01684,"Футболки CDG надпись (Черный, XL)",Футболки/Comme des Garcons,1000.0,0.0,True,,https://miniature-prod.moysklad.ru/miniature/87fab22b-93c2-11f0-0a80-04c3000069c0/documentminiature/675039bc-4d0d-452a-a220-210e8913b14b
98f9cef8-9663-11f0-0a80-0159001d5f22,01685,"Футболки CDG надпись (Черный, XS)",Футболки/Comme des Garcons,1000.0,0.0,True,,https://miniature-prod.moysklad.ru/miniature/87fab22b-93c2-11f0-0a80-04c3000069c0/documentminiature/675039bc-4d0d-452a-a220-210e8913b14b
98fd3c9c-9663-11f0-0a80-0159001d5f29,01686,"Футболки CDG надпись (Черный, XXS)",Футболки/Comme des Garcons,1000.0,0.0,True,,https://miniature-prod.moysklad.ru/miniature/87fab22b-93c2-11f0-0a80-04c3000069c0/documentminiature/675039bc-4d0d-452a-a220-210e8913b14b
92b9cf86-9651-11f0-0a80-0729001dcc43,00027,Футболка Corteiz,Футболки/Corteiz,1100.0,0.0,True,,https://miniature-prod.moysklad.ru/miniature/87fab22b-93c2-11f0-0a80-04c3000069c0/documentminiature/f6ac311a-b038-4fbd-8cd0-a9f5c34c3a86
e923420b-9651-11f0-0a80-0df4001d3bd5,00029,Футболка Corteiz,Футболки/Corteiz,1100.0,0.0,True,,https://miniature-prod.moysklad.ru/miniature/87fab22b-93c2-11f0-0a80-04c3000069c0/documentminiature/30f129bd-2e2a-411a-b533-ee01d8ef50b4
437ddc67-9652-11f0-0a80-0844001ce3ca,00031,Футболка Corteiz,Футболки/Corteiz,1000.0,0.0,True,,https://miniature-prod.moysklad.ru/miniature/87fab22b-93c2-11f0-0a80-04c3000069c0/documentminiature/15a0cc1f-c16c-4b39-9f34-274c7b484513
7f7c9186-9652-11f0-0a80-0f42001d407d,00034,Футболка Corteiz,Футболки/Corteiz,1000.0,0.0,True,,https://miniature-prod.moysklad.ru/miniature/87fab22b-93c2-11f0-0a80-04c3000069c0/documentminiature/f2b0725f-7f04-4f88-9156-55921db0daee
cfa7a4a2-9652-11f0-0a80-0f42001d4413,00036,Футболка Corteiz,Футболки/Corteiz,1100.0,0.0,True,,https://miniature-prod.moysklad.ru/miniature/87fab22b-93c2-11f0-0a80-04c3000069c0/documentminiature/7571443c-61ea-4b83-be82-e25a13e754de
ad9f2575-9651-11f0-0a80-0efd001d7271,00264,"Футболка Corteiz (Белый, 2XL)",Футболки/Corteiz,1100.0,0.0,True,,https://miniature-prod.moysklad.ru/miniature/87fab22b-93c2-11f0-0a80-04c3000069c0/documentminiature/f6ac311a-b038-4fbd-8cd0-a9f5c34c3a86
fa048f97-9651-11f0-0a80-058c001d2522,00281,"Футболка Corteiz (Белый, 2XL)",Футболки/Corteiz,1100.0,0.0,True,,https://miniature-prod.moysklad.ru/miniature/87fab22b-93c2-11f0-0a80-04c3000069c0/documentminiature/30f129bd-2e2a-411a-b533-ee01d8ef50b4
50548eaf-9652-11f0-0a80-0df4001d3d21,00305,"Футболка Corteiz (Белый, 2XL)",Футболки/Corteiz,1000.0,0.0,True,,https://miniature-prod.moysklad.ru/miniature/87fab22b-93c2-11f0-0a80-04c3000069c0/documentminiature/15a0cc1f-c16c-4b39-9f34-274c7b484513
9364f89a-9652-11f0-0a80-0efd001d7630,00334,"Футболка Corteiz (Белый, 2XL)",Футболки/Corteiz,1000.0,0.0,True,,https://miniature-prod.moysklad.ru/miniature/87fab22b-93c2-11f0-0a80-04c3000069c0/documentminiature/f2b0725f-7f04-4f88-9156-55921db0daee
e1d14ec6-9652-11f0-0a80-0066001d2cf2,00358,"Футболка Corteiz (Белый, 2XL)",Футболки/Corteiz,1100.0,0.0,True,,https://miniature-prod.moysklad.ru/miniature/87fab22b-93c2-11f0-0a80-04c3000069c0/documentminiature/7571443c-61ea-4b83-be82-e25a13e754de
ada2a02a-9651-11f0-0a80-0efd001d7278,00265,"Футболка Corteiz (Белый, L)",Футболки/Corteiz,1100.0,0.0,True,,https://miniature-prod.moysklad.ru/miniature/87fab22b-93c2-11f0-0a80-04c3000069c0/documentminiature/f6ac311a-b038-4fbd-8cd0-a9f5c34c3a86
fa0760fb-9651-11f0-0a80-058c001d2529,00282,"Футболка Corteiz (Белый, L)",Футболки/Corteiz,1100.0,0.0,True,,https://miniature-prod.moysklad.ru/miniature/87fab22b-93c2-11f0-0a80-04c3000069c0/documentminiature/30f129bd-2e2a-411a-b533-ee01d8ef50b4
5057a480-9652-11f0-0a80-0df4001d3d28,00306,"Футболка Corteiz (Белый, L)",Футболки/Corteiz,1000.0,0.0,True,,https://miniature-prod.moysklad.ru/miniature/87fab22b-93c2-11f0-0a80-04c3000069c0/documentminiature/15a0cc1f-c16c-4b39-9f34-274c7b484513
93672e92-9652-11f0-0a80-0efd001d7637,00335,"Футболка Corteiz (Белый, L)",Футболки/Corteiz,1000.0,0.0,True,,https://miniature-prod.moysklad.ru/miniature/87fab22b-93c2-11f0-0a80-04c3000069c0/documentminiature/f2b0725f-7f04-4f88-9156-55921db0daee
e1d3d169-9652-11f0-0a80-0066001d2cf9,00359,"Футболка Corteiz (Белый, L)",Футболки/Corteiz,1100.0,0.0,True,,https://miniature-prod.moysklad.ru/miniature/87fab22b-93c2-11f0-0a80-04c3000069c0/documentminiature/7571443c-61ea-4b83-be82-e25a13e754de
ada54170-9651-11f0-0a80-0efd001d727f,00266,"Футболка Corteiz (Белый, M)",Футболки/Corteiz,1100.0,0.0,True,,https://miniature-prod.moysklad.ru/miniature/87fab22b-93c2-11f0-0a80-04c3000069c0/documentminiature/f6ac311a-b038-4fbd-8cd0-a9f5c34c3a86
fa09b4dc-9651-11f0-0a80-058c001d2530,00283,"Футболка Corteiz (Белый, M)",Футболки/Corteiz,1100.0,0.0,True,,https://miniature-prod.moysklad.ru/miniature/87fab22b-93c2-11f0-0a80-04c3000069c0/documentminiature/30f129bd-2e2a-411a-b533-ee01d8ef50b4
505a1cf6-9652-11f0-0a80-0df4001d3d2f,00307,"Футболка Corteiz (Белый, M)",Футболки/Corteiz,1000.0,0.0,True,,https://miniature-prod.moysklad.ru/miniature/87fab22b-93c2-11f0-0a80-04c3000069c0/documentminiature/15a0cc1f-c16c-4b39-9f34-274c7b484513
93690d63-9652-11f0-0a80-0efd001d763e,00336,"Футболка Corteiz (Белый, M)",Футболки/Corteiz,1000.0,0.0,True,,https://miniature-prod.moysklad.ru/miniature/87fab22b-93c2-11f0-0a80-04c3000069c0/documentminiature/f2b0725f-7f04-4f88-9156-55921db0daee
e1d61545-9652-11f0-0a80-0066001d2d00,00360,"Футболка Corteiz (Белый, M)",Футболки/Corteiz,1100.0,0.0,True,,https://miniature-prod.moysklad.ru/miniature/87fab22b-93c2-11f0-0a80-04c3000069c0/documentminiature/7571443c-61ea-4b83-be82-e25a13e754de
ada7bd2a-9651-11f0-0a80-0efd001d7286,00267,"Футболка Corteiz (Белый, S)",Футболки/Corteiz,1100.0,0.0,True,,https://miniature-prod.moysklad.ru/miniature/87fab22b-93c2-11f0-0a80-04c3000069c0/documentminiature/f6ac311a-b038-4fbd-8cd0-a9f5c34c3a86
fa0c1c24-9651-11f0-0a80-058c001d2537,00284,"Футболка Corteiz (Белый, S)",Футболки/Corteiz,1100.0,0.0,True,,https://miniature-prod.moysklad.ru/miniature/87fab22b-93c2-11f0-0a80-04c3000069c0/documentminiature/30f129bd-2e2a-411a-b533-ee01d8ef50b4
505c83bd-9652-11f0-0a80-0df4001d3d36,00308,"Футболка Corteiz (Белый, S)",Футболки/Corteiz,1000.0,0.0,True,,https://miniature-prod.moysklad.ru/miniature/87fab22b-93c2-11f0-0a80-04c3000069c0/documentminiature/15a0cc1f-c16c-4b39-9f34-274c7b484513
936af6b9-9652-11f0-0a80-0efd001d7645,00337,"Футболка Corteiz (Белый, S)",Футболки/Corteiz,1000.0,0.0,True,,https://miniature-prod.moysklad.ru/miniature/87fab22b-93c2-11f0-0a80-04c3000069c0/documentminiature/f2b0725f-7f04-4f88-9156-55921db0daee
e1d80a6c-9652-11f0-0a80-0066001d2d07,00361,"Футболка Corteiz (Белый, S)",Футболки/Corteiz,1100.0,0.0,True,,https://miniature-prod.moysklad.ru/miniature/87fab22b-93c2-11f0-0a80-04c3000069c0/documentminiature/7571443c-61ea-4b83-be82-e25a13e754de
adaa2fff-9651-11f0-0a80-0efd001d728d,00268,"Футболка Corteiz (Белый, XL)",Футболки/Corteiz,1100.0,0.0,True,,https://miniature-prod.moysklad.ru/miniature/87fab22b-93c2-11f0-0a80-04c3000069c0/documentminiature/f6ac311a-b038-4fbd-8cd0-a9f5c34c3a86
fa0ec0a9-9651-11f0-0a80-058c001d253e,00285,"Футболка Corteiz (Белый, XL)",Футболки/Corteiz,1100.0,0.0,True,,https://miniature-prod.moysklad.ru/miniature/87fab22b-93c2-11f0-0a80-04c3000069c0/documentminiature/30f129bd-2e2a-411a-b533-ee01d8ef50b4
505ec6b3-9652-11f0-0a80-0df4001d3d3d,00309,"Футболка Corteiz (Белый, XL)",Футболки/Corteiz,1000.0,0.0,True,,https://miniature-prod.moysklad.ru/miniature/87fab22b-93c2-11f0-0a80-04c3000069c0/documentminiature/15a0cc1f-c16c-4b39-9f34-274c7b484513
936ce60d-9652-11f0-0a80-0efd001d764c,00338,"Футболка Corteiz (Белый, XL)",Футболки/Corteiz,1000.0,0.0,True,,https://miniature-prod.moysklad.ru/miniature/87fab22b-93c2-11f0-0a80-04c3000069c0/documentminiature/f2b0725f-7f04-4f88-9156-55921db0daee
e1d9e002-9652-11f0-0a80-0066001d2d0e,00362,"Футболка Corteiz (Белый, XL)",Футболки/Corteiz,1100.0,0.0,True,,https://miniature-prod.moysklad.ru/miniature/87fab22b-93c2-11f0-0a80-04c3000069c0/documentminiature/7571443c-61ea-4b83-be82-e25a13e754de
adac8e9b-9651-11f0-0a80-0efd001d7294,00269,"Футболка Corteiz (Белый, XS)",Футболки/Corteiz,1100.0,0.0,True,,https://miniature-prod.moysklad.ru/miniature/87fab22b-93c2-11f0-0a80-04c3000069c0/documentminiature/f6ac311a-b038-4fbd-8cd0-a9f5c34c3a86
fa116f80-9651-11f0-0a80-058c001d2545,00286,"Футболка Corteiz (Белый, XS)",Футболки/Corteiz,1100.0,0.0,True,,https://miniature-prod.moysklad.ru/miniature/87fab22b-93c2-11f0-0a80-04c3000069c0/documentminiature/30f129bd-2e2a-411a-b533-ee01d8ef50b4
50614e09-9652-11f0-0a80-0df4001d3d44,00310,"Футболка Corteiz (Белый, XS)",Футболки/Corteiz,1000.0,0.0,True,,https://miniature-prod.moysklad.ru/miniature/87fab22b-93c2-11f0-0a80-04c3000069c0/documentminiature/15a0cc1f-c16c-4b39-9f34-274c7b484513
936ecef4-9652-11f0-0a80-0efd001d7653,00339,"Футболка Corteiz (Белый, XS)",Футболки/Corteiz,1000.0,0.0,True,,https://miniature-prod.moysklad.ru/miniature/87fab22b-93c2-11f0-0a80-04c3000069c0/documentminiature/f2b0725f-7f04-4f88-9156-55921db0daee
e1dba968-9652-11f0-0a80-0066001d2d15,00363,"Футболка Corteiz (Белый, XS)",Футболки/Corteiz,1100.0,0.0,True,,https://miniature-prod.moysklad.ru/miniature/87fab22b-93c2-11f0-0a80-04c3000069c0/documentminiature/7571443c-61ea-4b83-be82-e25a13e754de
adaeffc3-9651-11f0-0a80-0efd001d729b,00270,"Футболка Corteiz (Белый, XXS)",Футболки/Corteiz,1100.0,0.0,True,,https://miniature-prod.moysklad.ru/miniature/87fab22b-93c2-11f0-0a80-04c3000069c0/documentminiature/f6ac311a-b038-4fbd-8cd0-a9f5c34c3a86
fa140b64-9651-11f0-0a80-058c001d254c,00287,"Футболка Corteiz (Белый, XXS)",Футболки/Corteiz,1100.0,0.0,True,,https://miniature-prod.moysklad.ru/miniature/87fab22b-93c2-11f0-0a80-04c3000069c0/documentminiature/30f129bd-2e2a-411a-b533-ee01d8ef50b4
5063930c-9652-11f0-0a80-0df4001d3d4b,00311,"Футболка Corteiz (Белый, XXS)",Футболки/Corteiz,1000.0,0.0,True,,https://miniature-prod.moysklad.ru/miniature/87fab22b-93c2-11f0-0a80-04c3000069c0/documentminiature/15a0cc1f-c16c-4b39-9f34-274c7b484513
9370ed98-9652-11f0-0a80-0efd001d765a,00340,"Футболка Corteiz (Белый, XXS)",Футболки/Corteiz,1000.0,0.0,True,,https://miniature-prod.moysklad.ru/miniature/87fab22b-93c2-11f0-0a80-04c3000069c0/documentminiature/f2b0725f-7f04-4f88-9156-55921db0daee
e1dd9783-9652-11f0-0a80-0066001d2d1c,00364,"Футболка Corteiz (Белый, XXS)",Футболки/Corteiz,1100.0,0.0,True,,https://miniature-prod.moysklad.ru/miniature/87fab22b-93c2-11f0-0a80-04c3000069c0/documentminiature/7571443c-61ea-4b83-be82-e25a13e754de
fa168e26-9651-11f0-0a80-058c001d2553,00288,"Футболка Corteiz (Черный, 2XL)",Футболки/Corteiz,1100.0,0.0,True,,https://miniature-prod.moysklad.ru/miniature/87fab22b-93c2-11f0-0a80-04c3000069c0/documentminiature/30f129bd-2e2a-411a-b533-ee01d8ef50b4
5065c6ca-9652-11f0-0a80-0df4001d3d52,00312,"Футболка Corteiz (Черный, 2XL)",Футболки/Corteiz,1000.0,0.0,True,,https://miniature-prod.moysklad.ru/miniature/87fab22b-93c2-11f0-0a80-04c3000069c0/documentminiature/15a0cc1f-c16c-4b39-9f34-274c7b484513
93731b79-9652-11f0-0a80-0efd001d7661,00341,"Футболка Corteiz (Черный, 2XL)",Футболки/Corteiz,1000.0,0.0,True,,https://miniature-prod.moysklad.ru/miniature/87fab22b-93c2-11f0-0a80-04c3000069c0/documentminiature/f2b0725f-7f04-4f88-9156-55921db0daee
e1df8486-9652-11f0-0a80-0066001d2d23,00365,"Футболка Corteiz (Черный, 2XL)",Футболки/Corteiz,1100.0,0.0,True,,https://miniature-prod.moysklad.ru/miniature/87fab22b-93c2-11f0-0a80-04c3000069c0/documentminiature/7571443c-61ea-4b83-be82-e25a13e754de
fa18b072-9651-11f0-0a80-058c001d255a,00289,"Футболка Corteiz (Черный, L)",Футболки/Corteiz,1100.0,1.0,True,,https://miniature-prod.moysklad.ru/miniature/87fab22b-93c2-11f0-0a80-04c3000069c0/documentminiature/30f129bd-2e2a-411a-b533-ee01d8ef50b4
50680702-9652-11f0-0a80-0df4001d3d59,00313,"Футболка Corteiz (Черный, L)",Футболки/Corteiz,1000.0,0.0,True,,https://miniature-prod.moysklad.ru/miniature/87fab22b-93c2-11f0-0a80-04c3000069c0/documentminiature/15a0cc1f-c16c-4b39-9f34-274c7b484513
937539a7-9652-11f0-0a80-0efd001d7668,00342,"Футболка Corteiz (Черный, L)",Футболки/Corteiz,1000.0,0.0,True,,https://miniature-prod.moysklad.ru/miniature/87fab22b-93c2-11f0-0a80-04c3000069c0/documentminiature/f2b0725f-7f04-4f88-9156-55921db0daee
e1e18a39-9652-11f0-0a80-0066001d2d2a,00366,"Футболка Corteiz (Черный, L)",Футболки/Corteiz,1100.0,0.0,True,,https://miniature-prod.moysklad.ru/miniature/87fab22b-93c2-11f0-0a80-04c3000069c0/documentminiature/7571443c-61ea-4b83-be82-e25a13e754de
fa1aadc9-9651-11f0-0a80-058c001d2561,00290,"Футболка Corteiz (Черный, M)",Футболки/Corteiz,1100.0,-2.0,True,,https://miniature-prod.moysklad.ru/miniature/87fab22b-93c2-11f0-0a80-04c3000069c0/documentminiature/30f129bd-2e2a-411a-b533-ee01d8ef50b4
506a6172-9652-11f0-0a80-0df4001d3d60,00314,"Футболка Corteiz (Черный, M)",Футболки/Corteiz,1000.0,0.0,True,,https://miniature-prod.moysklad.ru/miniature/87fab22b-93c2-11f0-0a80-04c3000069c0/documentminiature/15a0cc1f-c16c-4b39-9f34-274c7b484513
93777036-9652-11f0-0a80-0efd001d766f,00343,"Футболка Corteiz (Черный, M)",Футболки/Corteiz,1000.0,0.0,True,,https://miniature-prod.moysklad.ru/miniature/87fab22b-93c2-11f0-0a80-04c3000069c0/documentminiature/f2b0725f-7f04-4f88-9156-55921db0daee
e1e39284-9652-11f0-0a80-0066001d2d31,00367,"Футболка Corteiz (Черный, M)",Футболки/Corteiz,1100.0,0.0,True,,https://miniature-prod.moysklad.ru/miniature/87fab22b-93c2-11f0-0a80-04c3000069c0/documentminiature/7571443c-61ea-4b83-be82-e25a13e754de
fa1ceb4d-9651-11f0-0a80-058c001d2568,00291,"Футболка Corteiz (Черный, S)",Футболки/Corteiz,1100.0,0.0,True,,https://miniature-prod.moysklad.ru/miniature/87fab22b-93c2-11f0-0a80-04c3000069c0/documentminiature/30f129bd-2e2a-411a-b533-ee01d8ef50b4
506cb784-9652-11f0-0a80-0df4001d3d67,00315,"Футболка Corteiz (Черный, S)",Футболки/Corteiz,1000.0,0.0,True,,https://miniature-prod.moysklad.ru/miniature/87fab22b-93c2-11f0-0a80-04c3000069c0/documentminiature/15a0cc1f-c16c-4b39-9f34-274c7b484513
9379710f-9652-11f0-0a80-0efd001d7676,00344,"Футболка Corteiz (Черный, S)",Футболки/Corteiz,1000.0,0.0,True,,https://miniature-prod.moysklad.ru/miniature/87fab22b-93c2-11f0-0a80-04c3000069c0/documentminiature/f2b0725f-7f04-4f88-9156-55921db0daee
e1e56830-9652-11f0-0a80-0066001d2d38,00368,"Футболка Corteiz (Черный, S)",Футболки/Corteiz,1100.0,0.0,True,,https://miniature-prod.moysklad.ru/miniature/87fab22b-93c2-11f0-0a80-04c3000069c0/documentminiature/7571443c-61ea-4b83-be82-e25a13e754de
fa1f7580-9651-11f0-0a80-058c001d256f,00292,"Футболка Corteiz (Черный, XL)",Футболки/Corteiz,1100.0,0.0,True,,https://miniature-prod.moysklad.ru/miniature/87fab22b-93c2-11f0-0a80-04c3000069c0/documentminiature/30f129bd-2e2a-411a-b533-ee01d8ef50b4
506ef877-9652-11f0-0a80-0df4001d3d6e,00316,"Футболка Corteiz (Черный, XL)",Футболки/Corteiz,1000.0,0.0,True,,https://miniature-prod.moysklad.ru/miniature/87fab22b-93c2-11f0-0a80-04c3000069c0/documentminiature/15a0cc1f-c16c-4b39-9f34-274c7b484513
937b7245-9652-11f0-0a80-0efd001d767d,00345,"Футболка Corteiz (Черный, XL)",Футболки/Corteiz,1000.0,0.0,True,,https://miniature-prod.moysklad.ru/miniature/87fab22b-93c2-11f0-0a80-04c3000069c0/documentminiature/f2b0725f-7f04-4f88-9156-55921db0daee
e1e75063-9652-11f0-0a80-0066001d2d3f,00369,"Футболка Corteiz (Черный, XL)",Футболки/Corteiz,1100.0,0.0,True,,https://miniature-prod.moysklad.ru/miniature/87fab22b-93c2-11f0-0a80-04c3000069c0/documentminiature/7571443c-61ea-4b83-be82-e25a13e754de
fa21c7e4-9651-11f0-0a80-058c001d2576,00293,"Футболка Corteiz (Черный, XS)",Футболки/Corteiz,1100.0,0.0,True,,https://miniature-prod.moysklad.ru/miniature/87fab22b-93c2-11f0-0a80-04c3000069c0/documentminiature/30f129bd-2e2a-411a-b533-ee01d8ef50b4
50718a21-9652-11f0-0a80-0df4001d3d75,00317,"Футболка Corteiz (Черный, XS)",Футболки/Corteiz,1000.0,0.0,True,,https://miniature-prod.moysklad.ru/miniature/87fab22b-93c2-11f0-0a80-04c3000069c0/documentminiature/15a0cc1f-c16c-4b39-9f34-274c7b484513
937d6d81-9652-11f0-0a80-0efd001d7684,00346,"Футболка Corteiz (Черный, XS)",Футболки/Corteiz,1000.0,0.0,True,,https://miniature-prod.moysklad.ru/miniature/87fab22b-93c2-11f0-0a80-04c3000069c0/documentminiature/f2b0725f-7f04-4f88-9156-55921db0daee
e1e96085-9652-11f0-0a80-0066001d2d46,00370,"Футболка Corteiz (Черный, XS)",Футболки/Corteiz,1100.0,0.0,True,,https://miniature-prod.moysklad.ru/miniature/87fab22b-93c2-11f0-0a80-04c3000069c0/documentminiature/7571443c-61ea-4b83-be82-e25a13e754de
fa245d06-9651-11f0-0a80-058c001d257d,00294,"Футболка Corteiz (Черный, XXS)",Футболки/Corteiz,1100.0,0.0,True,,https://miniature-prod.moysklad.ru/miniature/87fab22b-93c2-11f0-0a80-04c3000069c0/documentminiature/30f129bd-2e2a-411a-b533-ee01d8ef50b4
5074156c-9652-11f0-0a80-0df4001d3d7c,00318,"Футболка Corteiz (Черный, XXS)",Футболки/Corteiz,1000.0,0.0,True,,https://miniature-prod.moysklad.ru/miniature/87fab22b-93c2-11f0-0a80-04c3000069c0/documentminiature/15a0cc1f-c16c-4b39-9f34-274c7b484513
937f7d3d-9652-11f0-0a80-0efd001d768b,00347,"Футболка Corteiz (Черный, XXS)",Футболки/Corteiz,1000.0,0.0,True,,https://miniature-prod.moysklad.ru/miniature/87fab22b-93c2-11f0-0a80-04c3000069c0/documentminiature/f2b0725f-7f04-4f88-9156-55921db0daee
e1ef7620-9652-11f0-0a80-0066001d2d4d,00371,"Футболка Corteiz (Черный, XXS)",Футболки/Corteiz,1100.0,0.0,True,,https://miniature-prod.moysklad.ru/miniature/87fab22b-93c2-11f0-0a80-04c3000069c0/documentminiature/7571443c-61ea-4b83-be82-e25a13e754de
4e5c4b39-9653-11f0-0a80-0df4001d4181,00040,Футболка Corteiz Airplane,Футболки/Corteiz,1000.0,0.0,True,,https://miniature-prod.moysklad.ru/miniature/87fab22b-93c2-11f0-0a80-04c3000069c0/documentminiature/731db6d5-1d8a-4486-9675-6134fdf2638d
bdb821ad-9653-11f0-0a80-1435001d67f2,00042,Футболка Corteiz Airplane,Футболки/Corteiz,1000.0,0.0,True,,https://miniature-prod.moysklad.ru/miniature/87fab22b-93c2-11f0-0a80-04c3000069c0/documentminiature/ae11db6e-1d8c-488f-8f86-187fa55fa143
d147bfa5-9653-11f0-0a80-1435001d686a,00408,"Футболка Corteiz Airplane (Белый, 2XL)",Футболки/Corteiz,1000.0,0.0,True,,https://miniature-prod.moysklad.ru/miniature/87fab22b-93c2-11f0-0a80-04c3000069c0/documentminiature/ae11db6e-1d8c-488f-8f86-187fa55fa143
d14aa12a-9653-11f0-0a80-1435001d6871,00409,"Футболка Corteiz Airplane (Белый, L)",Футболки/Corteiz,1000.0,0.0,True,,https://miniature-prod.moysklad.ru/miniature/87fab22b-93c2-11f0-0a80-04c3000069c0/documentminiature/ae11db6e-1d8c-488f-8f86-187fa55fa143
d14d49c4-9653-11f0-0a80-1435001d6878,00410,"Футболка Corteiz Airplane (Белый, M)",Футболки/Corteiz,1000.0,0.0,True,,https://miniature-prod.moysklad.ru/miniature/87fab22b-93c2-11f0-0a80-04c3000069c0/documentminiature/ae11db6e-1d8c-488f-8f86-187fa55fa143
d15018aa-9653-11f0-0a80-1435001d687f,00411,"Футболка Corteiz Airplane (Белый, S)",Футболки/Corteiz,1000.0,0.0,True,,https://miniature-prod.moysklad.ru/miniature/87fab22b-93c2-11f0-0a80-04c3000069c0/documentminiature/ae11db6e-1d8c-488f-8f86-187fa55fa143
d1529ae0-9653-11f0-0a80-1435001d6886,00412,"Футболка Corteiz Airplane (Белый, XL)",Футболки/Corteiz,1000.0,0.0,True,,https://miniature-prod.moysklad.ru/miniature/87fab22b-93c2-11f0-0a80-04c3000069c0/documentminiature/ae11db6e-1d8c-488f-8f86-187fa55fa143
d1550bef-9653-11f0-0a80-1435001d688d,00413,"Футболка Corteiz Airplane (Белый, XS)",Футболки/Corteiz,1000.0,0.0,True,,https://miniature-prod.moysklad.ru/miniature/87fab22b-93c2-11f0-0a80-04c3000069c0/documentminiature/ae11db6e-1d8c-488f-8f86-187fa55fa143
d157ad0e-9653-11f0-0a80-1435001d6894,00414,"Футболка Corteiz Airplane (Белый, XXS)",Футболки/Corteiz,1000.0,0.0,True,,https://miniature-prod.moysklad.ru/miniature/87fab22b-93c2-11f0-0a80-04c3000069c0/documentminiature/ae11db6e-1d8c-488f-8f86-187fa55fa143
6126deb9-9653-11f0-0a80-1bbe001c73bc,00390,"Футболка Corteiz Airplane (Черный, 2XL)",Футболки/Corteiz,1000.0,0.0,True,,https://miniature-prod.moysklad.ru/miniature/87fab22b-93c2-11f0-0a80-04c3000069c0/documentminiature/731db6d5-1d8a-4486-9675-6134fdf2638d
612932b6-9653-11f0-0a80-1bbe001c73c3,00391,"Футболка Corteiz Airplane (Черный, L)",Футболки/Corteiz,1000.0,0.0,True,,https://miniature-prod.moysklad.ru/miniature/87fab22b-93c2-11f0-0a80-04c3000069c0/documentminiature/731db6d5-1d8a-4486-9675-6134fdf2638d
612b1e14-9653-11f0-0a80-1bbe001c73ca,00392,"Футболка Corteiz Airplane (Черный, M)",Футболки/Corteiz,1000.0,0.0,True,,https://miniature-prod.moysklad.ru/miniature/87fab22b-93c2-11f0-0a80-04c3000069c0/documentminiature/731db6d5-1d8a-4486-9675-6134fdf2638d
612d0360-9653-11f0-0a80-1bbe001c73d1,00393,"Футболка Corteiz Airplane (Черный, S)",Футболки/Corteiz,1000.0,0.0,True,,https://miniature-prod.moysklad.ru/miniature/87fab22b-93c2-11f0-0a80-04c3000069c0/documentminiature/731db6d5-1d8a-4486-9675-6134fdf2638d
612eece9-9653-11f0-0a80-1bbe001c73d8,00394,"Футболка Corteiz Airplane (Черный, XL)",Футболки/Corteiz,1000.0,0.0,True,,https://miniature-prod.moysklad.ru/miniature/87fab22b-93c2-11f0-0a80-04c3000069c0/documentminiature/731db6d5-1d8a-4486-9675-6134fdf2638d
613110f8-9653-11f0-0a80-1bbe001c73df,00395,"Футболка Corteiz Airplane (Черный, XS)",Футболки/Corteiz,1000.0,0.0,True,,https://miniature-prod.moysklad.ru/miniature/87fab22b-93c2-11f0-0a80-04c3000069c0/documentminiature/731db6d5-1d8a-4486-9675-6134fdf2638d
6133729d-9653-11f0-0a80-1bbe001c73e6,00396,"Футболка Corteiz Airplane (Черный, XXS)",Футболки/Corteiz,1000.0,0.0,True,,https://miniature-prod.moysklad.ru/miniature/87fab22b-93c2-11f0-0a80-04c3000069c0/documentminiature/731db6d5-1d8a-4486-9675-6134fdf2638d
1325f0aa-9653-11f0-0a80-0066001d2e5b,00038,Футболка Corteiz Lundun,Футболки/Corteiz,1100.0,0.0,True,,https://miniature-prod.moysklad.ru/miniature/87fab22b-93c2-11f0-0a80-04c3000069c0/documentminiature/88879695-eb9c-4b73-a324-952074590846
1e339c08-9653-11f0-0a80-0f42001d450d,00377,"Футболка Corteiz Lundun (Белый, 2XL)",Футболки/Corteiz,1100.0,0.0,True,,https://miniature-prod.moysklad.ru/miniature/87fab22b-93c2-11f0-0a80-04c3000069c0/documentminiature/88879695-eb9c-4b73-a324-952074590846
1e35d839-9653-11f0-0a80-0f42001d4514,00378,"Футболка Corteiz Lundun (Белый, L)",Футболки/Corteiz,1100.0,0.0,True,,https://miniature-prod.moysklad.ru/miniature/87fab22b-93c2-11f0-0a80-04c3000069c0/documentminiature/88879695-eb9c-4b73-a324-952074590846
1e37dc47-9653-11f0-0a80-0f42001d451b,00379,"Футболка Corteiz Lundun (Белый, M)",Футболки/Corteiz,1100.0,0.0,True,,https://miniature-prod.moysklad.ru/miniature/87fab22b-93c2-11f0-0a80-04c3000069c0/documentminiature/88879695-eb9c-4b73-a324-952074590846
1e39c82d-9653-11f0-0a80-0f42001d4522,00380,"Футболка Corteiz Lundun (Белый, S)",Футболки/Corteiz,1100.0,0.0,True,,https://miniature-prod.moysklad.ru/miniature/87fab22b-93c2-11f0-0a80-04c3000069c0/documentminiature/88879695-eb9c-4b73-a324-952074590846
1e3bc182-9653-11f0-0a80-0f42001d4529,00381,"Футболка Corteiz Lundun (Белый, XL)",Футболки/Corteiz,1100.0,0.0,True,,https://miniature-prod.moysklad.ru/miniature/87fab22b-93c2-11f0-0a80-04c3000069c0/documentminiature/88879695-eb9c-4b73-a324-952074590846
1e3e5ce0-9653-11f0-0a80-0f42001d4530,00382,"Футболка Corteiz Lundun (Белый, XS)",Футболки/Corteiz,1100.0,0.0,True,,https://miniature-prod.moysklad.ru/miniature/87fab22b-93c2-11f0-0a80-04c3000069c0/documentminiature/88879695-eb9c-4b73-a324-952074590846
1e40527e-9653-11f0-0a80-0f42001d4537,00383,"Футболка Corteiz Lundun (Белый, XXS)",Футболки/Corteiz,1100.0,0.0,True,,https://miniature-prod.moysklad.ru/miniature/87fab22b-93c2-11f0-0a80-04c3000069c0/documentminiature/88879695-eb9c-4b73-a324-952074590846
8a5bfe74-c601-11f0-0a80-14bf000c8112,00230,Футболка Corteiz Shield,Футболки/Corteiz,1000.0,0.0,True,,https://miniature-prod.moysklad.ru/miniature/87fab22b-93c2-11f0-0a80-04c3000069c0/documentminiature/3c9db4ca-463b-4c2b-943b-917c5251284b
9c8710bc-c601-11f0-0a80-09d8000d595c,01992,"Футболка Corteiz Shield (2XL, Черный)",Футболки/Corteiz,1000.0,0.0,True,,https://miniature-prod.moysklad.ru/miniature/87fab22b-93c2-11f0-0a80-04c3000069c0/documentminiature/3c9db4ca-463b-4c2b-943b-917c5251284b
9c89afa0-c601-11f0-0a80-09d8000d5963,01993,"Футболка Corteiz Shield (L, Черный)",Футболки/Corteiz,1000.0,0.0,True,,https://miniature-prod.moysklad.ru/miniature/87fab22b-93c2-11f0-0a80-04c3000069c0/documentminiature/3c9db4ca-463b-4c2b-943b-917c5251284b
9c8be39a-c601-11f0-0a80-09d8000d596a,01994,"Футболка Corteiz Shield (M, Черный)",Футболки/Corteiz,1000.0,0.0,True,,https://miniature-prod.moysklad.ru/miniature/87fab22b-93c2-11f0-0a80-04c3000069c0/documentminiature/3c9db4ca-463b-4c2b-943b-917c5251284b
9c8ee0d0-c601-11f0-0a80-09d8000d5971,01995,"Футболка Corteiz Shield (S, Черный)",Футболки/Corteiz,1000.0,0.0,True,,https://miniature-prod.moysklad.ru/miniature/87fab22b-93c2-11f0-0a80-04c3000069c0/documentminiature/3c9db4ca-463b-4c2b-943b-917c5251284b
9c916098-c601-11f0-0a80-09d8000d5978,01996,"Футболка Corteiz Shield (XL, Черный)",Футболки/Corteiz,1000.0,0.0,True,,https://miniature-prod.moysklad.ru/miniature/87fab22b-93c2-11f0-0a80-04c3000069c0/documentminiature/3c9db4ca-463b-4c2b-943b-917c5251284b
9c93e937-c601-11f0-0a80-09d8000d597f,01997,"Футболка Corteiz Shield (XS, Черный)",Футболки/Corteiz,1000.0,0.0,True,,https://miniature-prod.moysklad.ru/miniature/87fab22b-93c2-11f0-0a80-04c3000069c0/documentminiature/3c9db4ca-463b-4c2b-943b-917c5251284b
fe58e76d-9663-11f0-0a80-0cc6001d7920,00178,Футболки Corteiz green man,Футболки/Corteiz,1000.0,0.0,True,,https://miniature-prod.moysklad.ru/miniature/87fab22b-93c2-11f0-0a80-04c3000069c0/documentminiature/34c3cd1f-1ebb-4ec6-ab06-432759abb5fa
060b72b5-9664-11f0-0a80-0df4001d8cdc,01708,"Футболки Corteiz green man (Черный, 2XL)",Футболки/Corteiz,1000.0,0.0,True,,https://miniature-prod.moysklad.ru/miniature/87fab22b-93c2-11f0-0a80-04c3000069c0/documentminiature/34c3cd1f-1ebb-4ec6-ab06-432759abb5fa
060e4ff4-9664-11f0-0a80-0df4001d8ce3,01709,"Футболки Corteiz green man (Черный, L)",Футболки/Corteiz,1000.0,0.0,True,,https://miniature-prod.moysklad.ru/miniature/87fab22b-93c2-11f0-0a80-04c3000069c0/documentminiature/34c3cd1f-1ebb-4ec6-ab06-432759abb5fa
06106035-9664-11f0-0a80-0df4001d8cea,01710,"Футболки Corteiz green man (Черный, M)",Футболки/Corteiz,1000.0,0.0,True,,https://miniature-prod.moysklad.ru/miniature/87fab22b-93c2-11f0-0a80-04c3000069c0/documentminiature/34c3cd1f-1ebb-4ec6-ab06-432759abb5fa
06128b05-9664-11f0-0a80-0df4001d8cf1,01711,"Футболки Corteiz green man (Черный, S)",Футболки/Corteiz,1000.0,0.0,True,,https://miniature-prod.moysklad.ru/miniature/87fab22b-93c2-11f0-0a80-04c3000069c0/documentminiature/34c3cd1f-1ebb-4ec6-ab06-432759abb5fa
06153d3b-9664-11f0-0a80-0df4001d8cf8,01712,"Футболки Corteiz green man (Черный, XL)",Футболки/Corteiz,1000.0,0.0,True,,https://miniature-prod.moysklad.ru/miniature/87fab22b-93c2-11f0-0a80-04c3000069c0/documentminiature/34c3cd1f-1ebb-4ec6-ab06-432759abb5fa
0617466b-9664-11f0-0a80-0df4001d8cff,01713,"Футболки Corteiz green man (Черный, XS)",Футболки/Corteiz,1000.0,0.0,True,,https://miniature-prod.moysklad.ru/miniature/87fab22b-93c2-11f0-0a80-04c3000069c0/documentminiature/34c3cd1f-1ebb-4ec6-ab06-432759abb5fa
061944ae-9664-11f0-0a80-0df4001d8d06,01714,"Футболки Corteiz green man (Черный, XXS)",Футболки/Corteiz,1000.0,0.0,True,,https://miniature-prod.moysklad.ru/miniature/87fab22b-93c2-11f0-0a80-04c3000069c0/documentminiature/34c3cd1f-1ebb-4ec6-ab06-432759abb5fa
ad3cb8ef-9663-11f0-0a80-058c001d6648,00176,Футболки Corteiz паутина,Футболки/Corteiz,1000.0,0.0,True,,https://miniature-prod.moysklad.ru/miniature/87fab22b-93c2-11f0-0a80-04c3000069c0/documentminiature/606935e6-f982-480f-83dd-5b581cb0e053
b575dbfd-9663-11f0-0a80-0f42001d7f46,01687,"Футболки Corteiz паутина (Белый, 2XL)",Футболки/Corteiz,1000.0,0.0,True,,https://miniature-prod.moysklad.ru/miniature/87fab22b-93c2-11f0-0a80-04c3000069c0/documentminiature/606935e6-f982-480f-83dd-5b581cb0e053
b5780f9e-9663-11f0-0a80-0f42001d7f4d,01688,"Футболки Corteiz паутина (Белый, L)",Футболки/Corteiz,1000.0,0.0,True,,https://miniature-prod.moysklad.ru/miniature/87fab22b-93c2-11f0-0a80-04c3000069c0/documentminiature/606935e6-f982-480f-83dd-5b581cb0e053
b57a049a-9663-11f0-0a80-0f42001d7f54,01689,"Футболки Corteiz паутина (Белый, M)",Футболки/Corteiz,1000.0,0.0,True,,https://miniature-prod.moysklad.ru/miniature/87fab22b-93c2-11f0-0a80-04c3000069c0/documentminiature/606935e6-f982-480f-83dd-5b581cb0e053
b57c1548-9663-11f0-0a80-0f42001d7f5b,01690,"Футболки Corteiz паутина (Белый, S)",Футболки/Corteiz,1000.0,0.0,True,,https://miniature-prod.moysklad.ru/miniature/87fab22b-93c2-11f0-0a80-04c3000069c0/documentminiature/606935e6-f982-480f-83dd-5b581cb0e053
b57e0b4c-9663-11f0-0a80-0f42001d7f62,01691,"Футболки Corteiz паутина (Белый, XL)",Футболки/Corteiz,1000.0,0.0,True,,https://miniature-prod.moysklad.ru/miniature/87fab22b-93c2-11f0-0a80-04c3000069c0/documentminiature/606935e6-f982-480f-83dd-5b581cb0e053
b57ffbe6-9663-11f0-0a80-0f42001d7f69,01692,"Футболки Corteiz паутина (Белый, XS)",Футболки/Corteiz,1000.0,0.0,True,,https://miniature-prod.moysklad.ru/miniature/87fab22b-93c2-11f0-0a80-04c3000069c0/documentminiature/606935e6-f982-480f-83dd-5b581cb0e053
b581fcfe-9663-11f0-0a80-0f42001d7f70,01693,"Футболки Corteiz паутина (Белый, XXS)",Футболки/Corteiz,1000.0,0.0,True,,https://miniature-prod.moysklad.ru/miniature/87fab22b-93c2-11f0-0a80-04c3000069c0/documentminiature/606935e6-f982-480f-83dd-5b581cb0e053
1455f7b6-f7c2-11f0-0a80-1a9a0000dd96,00257,Футболка Denim Tears,Футболки/Denim Tears,1000.0,0.0,True,,https://miniature-prod.moysklad.ru/miniature/87fab22b-93c2-11f0-0a80-04c3000069c0/documentminiature/939c54a6-c8d8-4435-b0a2-ef85316610be
a12ea0f2-4972-11f1-0a80-16490000882b,00316,Футболка Denim Tears,Футболки/Denim Tears,1000.0,0.0,True,,https://miniature-prod.moysklad.ru/miniature/87fab22b-93c2-11f0-0a80-04c3000069c0/documentminiature/183325a7-b709-40eb-9781-36968077d7a1
4e9613e0-f7c2-11f0-0a80-1b2e0000ee0a,02150,"Футболка Denim Tears (Синий, 2XL)",Футболки/Denim Tears,1000.0,0.0,True,,https://miniature-prod.moysklad.ru/miniature/87fab22b-93c2-11f0-0a80-04c3000069c0/documentminiature/939c54a6-c8d8-4435-b0a2-ef85316610be
4e99205d-f7c2-11f0-0a80-1b2e0000ee11,02151,"Футболка Denim Tears (Синий, L)",Футболки/Denim Tears,1000.0,0.0,True,,https://miniature-prod.moysklad.ru/miniature/87fab22b-93c2-11f0-0a80-04c3000069c0/documentminiature/939c54a6-c8d8-4435-b0a2-ef85316610be
4e9babd3-f7c2-11f0-0a80-1b2e0000ee18,02152,"Футболка Denim Tears (Синий, M)",Футболки/Denim Tears,1000.0,0.0,True,,https://miniature-prod.moysklad.ru/miniature/87fab22b-93c2-11f0-0a80-04c3000069c0/documentminiature/939c54a6-c8d8-4435-b0a2-ef85316610be
4e9e2970-f7c2-11f0-0a80-1b2e0000ee1f,02153,"Футболка Denim Tears (Синий, S)",Футболки/Denim Tears,1000.0,0.0,True,,https://miniature-prod.moysklad.ru/miniature/87fab22b-93c2-11f0-0a80-04c3000069c0/documentminiature/939c54a6-c8d8-4435-b0a2-ef85316610be
4ea095ba-f7c2-11f0-0a80-1b2e0000ee26,02154,"Футболка Denim Tears (Синий, XL)",Футболки/Denim Tears,1000.0,0.0,True,,https://miniature-prod.moysklad.ru/miniature/87fab22b-93c2-11f0-0a80-04c3000069c0/documentminiature/939c54a6-c8d8-4435-b0a2-ef85316610be
b284a5ed-4972-11f1-0a80-071300007b7b,02452,"Футболка Denim Tears (Черный, 2XL)",Футболки/Denim Tears,1000.0,0.0,True,,https://miniature-prod.moysklad.ru/miniature/87fab22b-93c2-11f0-0a80-04c3000069c0/documentminiature/183325a7-b709-40eb-9781-36968077d7a1
b28ab160-4972-11f1-0a80-071300007b84,02453,"Футболка Denim Tears (Черный, L)",Футболки/Denim Tears,1000.0,0.0,True,,https://miniature-prod.moysklad.ru/miniature/87fab22b-93c2-11f0-0a80-04c3000069c0/documentminiature/183325a7-b709-40eb-9781-36968077d7a1
b28fc29a-4972-11f1-0a80-071300007b8d,02454,"Футболка Denim Tears (Черный, M)",Футболки/Denim Tears,1000.0,0.0,True,,https://miniature-prod.moysklad.ru/miniature/87fab22b-93c2-11f0-0a80-04c3000069c0/documentminiature/183325a7-b709-40eb-9781-36968077d7a1
b294e214-4972-11f1-0a80-071300007b96,02455,"Футболка Denim Tears (Черный, S)",Футболки/Denim Tears,1000.0,0.0,True,,https://miniature-prod.moysklad.ru/miniature/87fab22b-93c2-11f0-0a80-04c3000069c0/documentminiature/183325a7-b709-40eb-9781-36968077d7a1
b2986cfd-4972-11f1-0a80-071300007b9f,02456,"Футболка Denim Tears (Черный, XL)",Футболки/Denim Tears,1000.0,0.0,True,,https://miniature-prod.moysklad.ru/miniature/87fab22b-93c2-11f0-0a80-04c3000069c0/documentminiature/183325a7-b709-40eb-9781-36968077d7a1
31318abf-4ee1-11f1-0a80-07190015584f,00323,Футболка ERD,Футболки/ERD,1000.0,0.0,True,,https://miniature-prod.moysklad.ru/miniature/87fab22b-93c2-11f0-0a80-04c3000069c0/documentminiature/c5924d34-0434-4fde-bf26-d6152bba7d04
5cabaf99-4ee1-11f1-0a80-13410014f7ad,02510,"Футболка ERD (Белый, 2XL)",Футболки/ERD,1000.0,0.0,True,,https://miniature-prod.moysklad.ru/miniature/87fab22b-93c2-11f0-0a80-04c3000069c0/documentminiature/c5924d34-0434-4fde-bf26-d6152bba7d04
5cb09675-4ee1-11f1-0a80-13410014f7b6,02511,"Футболка ERD (Белый, L)",Футболки/ERD,1000.0,0.0,True,,https://miniature-prod.moysklad.ru/miniature/87fab22b-93c2-11f0-0a80-04c3000069c0/documentminiature/c5924d34-0434-4fde-bf26-d6152bba7d04
5cb38665-4ee1-11f1-0a80-13410014f7bf,02512,"Футболка ERD (Белый, M)",Футболки/ERD,1000.0,0.0,True,,https://miniature-prod.moysklad.ru/miniature/87fab22b-93c2-11f0-0a80-04c3000069c0/documentminiature/c5924d34-0434-4fde-bf26-d6152bba7d04
5cb6382a-4ee1-11f1-0a80-13410014f7c8,02513,"Футболка ERD (Белый, S)",Футболки/ERD,1000.0,0.0,True,,https://miniature-prod.moysklad.ru/miniature/87fab22b-93c2-11f0-0a80-04c3000069c0/documentminiature/c5924d34-0434-4fde-bf26-d6152bba7d04
5cb91035-4ee1-11f1-0a80-13410014f7d1,02514,"Футболка ERD (Белый, XL)",Футболки/ERD,1000.0,0.0,True,,https://miniature-prod.moysklad.ru/miniature/87fab22b-93c2-11f0-0a80-04c3000069c0/documentminiature/c5924d34-0434-4fde-bf26-d6152bba7d04
5cbc35a2-4ee1-11f1-0a80-13410014f7da,02515,"Футболка ERD (Черный, 2XL)",Футболки/ERD,1000.0,0.0,True,,https://miniature-prod.moysklad.ru/miniature/87fab22b-93c2-11f0-0a80-04c3000069c0/documentminiature/c5924d34-0434-4fde-bf26-d6152bba7d04
5cbf53c2-4ee1-11f1-0a80-13410014f7e3,02516,"Футболка ERD (Черный, L)",Футболки/ERD,1000.0,0.0,True,,https://miniature-prod.moysklad.ru/miniature/87fab22b-93c2-11f0-0a80-04c3000069c0/documentminiature/c5924d34-0434-4fde-bf26-d6152bba7d04
5cc3fe64-4ee1-11f1-0a80-13410014f7ec,02517,"Футболка ERD (Черный, M)",Футболки/ERD,1000.0,0.0,True,,https://miniature-prod.moysklad.ru/miniature/87fab22b-93c2-11f0-0a80-04c3000069c0/documentminiature/c5924d34-0434-4fde-bf26-d6152bba7d04
5cc70595-4ee1-11f1-0a80-13410014f7f5,02518,"Футболка ERD (Черный, S)",Футболки/ERD,1000.0,0.0,True,,https://miniature-prod.moysklad.ru/miniature/87fab22b-93c2-11f0-0a80-04c3000069c0/documentminiature/c5924d34-0434-4fde-bf26-d6152bba7d04
5cc9cfec-4ee1-11f1-0a80-13410014f7fe,02519,"Футболка ERD (Черный, XL)",Футболки/ERD,1000.0,0.0,True,,https://miniature-prod.moysklad.ru/miniature/87fab22b-93c2-11f0-0a80-04c3000069c0/documentminiature/c5924d34-0434-4fde-bf26-d6152bba7d04
840f9c22-a9d9-11f0-0a80-15eb00290eb1,00197,Футболка ERD Bukowski,Футболки/ERD,1000.0,0.0,True,,https://miniature-prod.moysklad.ru/miniature/87fab22b-93c2-11f0-0a80-04c3000069c0/documentminiature/0868a703-ba90-4b8c-bfd5-0e19b938b479
91c130e8-a9d9-11f0-0a80-17fd0028679f,01804,"Футболка ERD Bukowski (2XL, Черный)",Футболки/ERD,1000.0,0.0,True,,https://miniature-prod.moysklad.ru/miniature/87fab22b-93c2-11f0-0a80-04c3000069c0/documentminiature/0868a703-ba90-4b8c-bfd5-0e19b938b479
91c35b04-a9d9-11f0-0a80-17fd002867a6,01805,"Футболка ERD Bukowski (L, Черный)",Футболки/ERD,1000.0,0.0,True,,https://miniature-prod.moysklad.ru/miniature/87fab22b-93c2-11f0-0a80-04c3000069c0/documentminiature/0868a703-ba90-4b8c-bfd5-0e19b938b479
91c5431a-a9d9-11f0-0a80-17fd002867ad,01806,"Футболка ERD Bukowski (M, Черный)",Футболки/ERD,1000.0,0.0,True,,https://miniature-prod.moysklad.ru/miniature/87fab22b-93c2-11f0-0a80-04c3000069c0/documentminiature/0868a703-ba90-4b8c-bfd5-0e19b938b479
91c740cf-a9d9-11f0-0a80-17fd002867b4,01807,"Футболка ERD Bukowski (S, Черный)",Футболки/ERD,1000.0,0.0,True,,https://miniature-prod.moysklad.ru/miniature/87fab22b-93c2-11f0-0a80-04c3000069c0/documentminiature/0868a703-ba90-4b8c-bfd5-0e19b938b479
91c93553-a9d9-11f0-0a80-17fd002867bb,01808,"Футболка ERD Bukowski (XL, Черный)",Футболки/ERD,1000.0,0.0,True,,https://miniature-prod.moysklad.ru/miniature/87fab22b-93c2-11f0-0a80-04c3000069c0/documentminiature/0868a703-ba90-4b8c-bfd5-0e19b938b479
91cb2822-a9d9-11f0-0a80-17fd002867c2,01809,"Футболка ERD Bukowski (XS, Черный)",Футболки/ERD,1000.0,0.0,True,,https://miniature-prod.moysklad.ru/miniature/87fab22b-93c2-11f0-0a80-04c3000069c0/documentminiature/0868a703-ba90-4b8c-bfd5-0e19b938b479
b0617b7c-9662-11f0-0a80-187f001e2751,00169,Футболки ERD,Футболки/ERD,1000.0,0.0,True,,https://miniature-prod.moysklad.ru/miniature/87fab22b-93c2-11f0-0a80-04c3000069c0/documentminiature/27ad3f4f-612b-4f6d-8398-cdf2d969ae36
bb2cb7e1-9662-11f0-0a80-058c001d62fc,01603,"Футболки ERD (Белый, 2XL)",Футболки/ERD,1000.0,0.0,True,,https://miniature-prod.moysklad.ru/miniature/87fab22b-93c2-11f0-0a80-04c3000069c0/documentminiature/27ad3f4f-612b-4f6d-8398-cdf2d969ae36
bb2f5cf8-9662-11f0-0a80-058c001d6303,01604,"Футболки ERD (Белый, L)",Футболки/ERD,1000.0,0.0,True,,https://miniature-prod.moysklad.ru/miniature/87fab22b-93c2-11f0-0a80-04c3000069c0/documentminiature/27ad3f4f-612b-4f6d-8398-cdf2d969ae36
bb317d3d-9662-11f0-0a80-058c001d630a,01605,"Футболки ERD (Белый, M)",Футболки/ERD,1000.0,0.0,True,,https://miniature-prod.moysklad.ru/miniature/87fab22b-93c2-11f0-0a80-04c3000069c0/documentminiature/27ad3f4f-612b-4f6d-8398-cdf2d969ae36
bb33a50f-9662-11f0-0a80-058c001d6311,01606,"Футболки ERD (Белый, S)",Футболки/ERD,1000.0,0.0,True,,https://miniature-prod.moysklad.ru/miniature/87fab22b-93c2-11f0-0a80-04c3000069c0/documentminiature/27ad3f4f-612b-4f6d-8398-cdf2d969ae36
bb35b1ce-9662-11f0-0a80-058c001d6318,01607,"Футболки ERD (Белый, XL)",Футболки/ERD,1000.0,0.0,True,,https://miniature-prod.moysklad.ru/miniature/87fab22b-93c2-11f0-0a80-04c3000069c0/documentminiature/27ad3f4f-612b-4f6d-8398-cdf2d969ae36
bb37dcf2-9662-11f0-0a80-058c001d631f,01608,"Футболки ERD (Белый, XS)",Футболки/ERD,1000.0,0.0,True,,https://miniature-prod.moysklad.ru/miniature/87fab22b-93c2-11f0-0a80-04c3000069c0/documentminiature/27ad3f4f-612b-4f6d-8398-cdf2d969ae36
bb39f831-9662-11f0-0a80-058c001d6326,01609,"Футболки ERD (Белый, XXS)",Футболки/ERD,1000.0,0.0,True,,https://miniature-prod.moysklad.ru/miniature/87fab22b-93c2-11f0-0a80-04c3000069c0/documentminiature/27ad3f4f-612b-4f6d-8398-cdf2d969ae36
bb3be489-9662-11f0-0a80-058c001d632d,01610,"Футболки ERD (Черный, 2XL)",Футболки/ERD,1000.0,0.0,True,,https://miniature-prod.moysklad.ru/miniature/87fab22b-93c2-11f0-0a80-04c3000069c0/documentminiature/27ad3f4f-612b-4f6d-8398-cdf2d969ae36
bb3dd18f-9662-11f0-0a80-058c001d6336,01611,"Футболки ERD (Черный, L)",Футболки/ERD,1000.0,0.0,True,,https://miniature-prod.moysklad.ru/miniature/87fab22b-93c2-11f0-0a80-04c3000069c0/documentminiature/27ad3f4f-612b-4f6d-8398-cdf2d969ae36
bb3fb3b7-9662-11f0-0a80-058c001d633d,01612,"Футболки ERD (Черный, M)",Футболки/ERD,1000.0,0.0,True,,https://miniature-prod.moysklad.ru/miniature/87fab22b-93c2-11f0-0a80-04c3000069c0/documentminiature/27ad3f4f-612b-4f6d-8398-cdf2d969ae36
bb41b0ca-9662-11f0-0a80-058c001d6344,01613,"Футболки ERD (Черный, S)",Футболки/ERD,1000.0,0.0,True,,https://miniature-prod.moysklad.ru/miniature/87fab22b-93c2-11f0-0a80-04c3000069c0/documentminiature/27ad3f4f-612b-4f6d-8398-cdf2d969ae36
bb43c61b-9662-11f0-0a80-058c001d634b,01614,"Футболки ERD (Черный, XL)",Футболки/ERD,1000.0,0.0,True,,https://miniature-prod.moysklad.ru/miniature/87fab22b-93c2-11f0-0a80-04c3000069c0/documentminiature/27ad3f4f-612b-4f6d-8398-cdf2d969ae36
bb46919e-9662-11f0-0a80-058c001d6352,01615,"Футболки ERD (Черный, XS)",Футболки/ERD,1000.0,0.0,True,,https://miniature-prod.moysklad.ru/miniature/87fab22b-93c2-11f0-0a80-04c3000069c0/documentminiature/27ad3f4f-612b-4f6d-8398-cdf2d969ae36
bb488f12-9662-11f0-0a80-058c001d6359,01616,"Футболки ERD (Черный, XXS)",Футболки/ERD,1000.0,0.0,True,,https://miniature-prod.moysklad.ru/miniature/87fab22b-93c2-11f0-0a80-04c3000069c0/documentminiature/27ad3f4f-612b-4f6d-8398-cdf2d969ae36
994163a6-9662-11f0-0a80-187f001e273c,00168,Футболки ERD Wanted,Футболки/ERD,1000.0,0.0,True,,https://miniature-prod.moysklad.ru/miniature/87fab22b-93c2-11f0-0a80-04c3000069c0/documentminiature/2902af92-f33e-472c-803d-f08f3a4771d9
a293f1f6-9662-11f0-0a80-17d5001dd50c,01589,"Футболки ERD Wanted (Белый, 2XL)",Футболки/ERD,1000.0,0.0,True,,https://miniature-prod.moysklad.ru/miniature/87fab22b-93c2-11f0-0a80-04c3000069c0/documentminiature/2902af92-f33e-472c-803d-f08f3a4771d9
a296fd7b-9662-11f0-0a80-17d5001dd513,01590,"Футболки ERD Wanted (Белый, L)",Футболки/ERD,1000.0,0.0,True,,https://miniature-prod.moysklad.ru/miniature/87fab22b-93c2-11f0-0a80-04c3000069c0/documentminiature/2902af92-f33e-472c-803d-f08f3a4771d9
a299a3d4-9662-11f0-0a80-17d5001dd51a,01591,"Футболки ERD Wanted (Белый, M)",Футболки/ERD,1000.0,0.0,True,,https://miniature-prod.moysklad.ru/miniature/87fab22b-93c2-11f0-0a80-04c3000069c0/documentminiature/2902af92-f33e-472c-803d-f08f3a4771d9
a29c2f2b-9662-11f0-0a80-17d5001dd521,01592,"Футболки ERD Wanted (Белый, S)",Футболки/ERD,1000.0,0.0,True,,https://miniature-prod.moysklad.ru/miniature/87fab22b-93c2-11f0-0a80-04c3000069c0/documentminiature/2902af92-f33e-472c-803d-f08f3a4771d9
a29e9928-9662-11f0-0a80-17d5001dd528,01593,"Футболки ERD Wanted (Белый, XL)",Футболки/ERD,1000.0,0.0,True,,https://miniature-prod.moysklad.ru/miniature/87fab22b-93c2-11f0-0a80-04c3000069c0/documentminiature/2902af92-f33e-472c-803d-f08f3a4771d9
a2a10ee5-9662-11f0-0a80-17d5001dd52f,01594,"Футболки ERD Wanted (Белый, XS)",Футболки/ERD,1000.0,0.0,True,,https://miniature-prod.moysklad.ru/miniature/87fab22b-93c2-11f0-0a80-04c3000069c0/documentminiature/2902af92-f33e-472c-803d-f08f3a4771d9
a2a3992e-9662-11f0-0a80-17d5001dd536,01595,"Футболки ERD Wanted (Белый, XXS)",Футболки/ERD,1000.0,0.0,True,,https://miniature-prod.moysklad.ru/miniature/87fab22b-93c2-11f0-0a80-04c3000069c0/documentminiature/2902af92-f33e-472c-803d-f08f3a4771d9
a2a6000e-9662-11f0-0a80-17d5001dd53d,01596,"Футболки ERD Wanted (Черный, 2XL)",Футболки/ERD,1000.0,0.0,True,,https://miniature-prod.moysklad.ru/miniature/87fab22b-93c2-11f0-0a80-04c3000069c0/documentminiature/2902af92-f33e-472c-803d-f08f3a4771d9
a2a878ae-9662-11f0-0a80-17d5001dd544,01597,"Футболки ERD Wanted (Черный, L)",Футболки/ERD,1000.0,0.0,True,,https://miniature-prod.moysklad.ru/miniature/87fab22b-93c2-11f0-0a80-04c3000069c0/documentminiature/2902af92-f33e-472c-803d-f08f3a4771d9
a2aaf8c9-9662-11f0-0a80-17d5001dd54b,01598,"Футболки ERD Wanted (Черный, M)",Футболки/ERD,1000.0,0.0,True,,https://miniature-prod.moysklad.ru/miniature/87fab22b-93c2-11f0-0a80-04c3000069c0/documentminiature/2902af92-f33e-472c-803d-f08f3a4771d9
a2adaf07-9662-11f0-0a80-17d5001dd552,01599,"Футболки ERD Wanted (Черный, S)",Футболки/ERD,1000.0,0.0,True,,https://miniature-prod.moysklad.ru/miniature/87fab22b-93c2-11f0-0a80-04c3000069c0/documentminiature/2902af92-f33e-472c-803d-f08f3a4771d9
a2b0b20f-9662-11f0-0a80-17d5001dd559,01600,"Футболки ERD Wanted (Черный, XL)",Футболки/ERD,1000.0,0.0,True,,https://miniature-prod.moysklad.ru/miniature/87fab22b-93c2-11f0-0a80-04c3000069c0/documentminiature/2902af92-f33e-472c-803d-f08f3a4771d9
a2b36c6e-9662-11f0-0a80-17d5001dd560,01601,"Футболки ERD Wanted (Черный, XS)",Футболки/ERD,1000.0,0.0,True,,https://miniature-prod.moysklad.ru/miniature/87fab22b-93c2-11f0-0a80-04c3000069c0/documentminiature/2902af92-f33e-472c-803d-f08f3a4771d9
a2b62afe-9662-11f0-0a80-17d5001dd567,01602,"Футболки ERD Wanted (Черный, XXS)",Футболки/ERD,1000.0,0.0,True,,https://miniature-prod.moysklad.ru/miniature/87fab22b-93c2-11f0-0a80-04c3000069c0/documentminiature/2902af92-f33e-472c-803d-f08f3a4771d9
b2a869b9-965d-11f0-0a80-187f001e1a5d,00126,Футболки ERD Woman,Футболки/ERD,1000.0,0.0,True,,https://miniature-prod.moysklad.ru/miniature/87fab22b-93c2-11f0-0a80-04c3000069c0/documentminiature/9a6a4f9e-0904-45a0-a6d0-fa4cc726ff6c
bf1beef8-965d-11f0-0a80-19dd001d8fd1,01113,"Футболки ERD Woman (Белый, 2XL)",Футболки/ERD,1000.0,0.0,True,,https://miniature-prod.moysklad.ru/miniature/87fab22b-93c2-11f0-0a80-04c3000069c0/documentminiature/9a6a4f9e-0904-45a0-a6d0-fa4cc726ff6c
bf1fad0a-965d-11f0-0a80-19dd001d8fd8,01114,"Футболки ERD Woman (Белый, L)",Футболки/ERD,1000.0,0.0,True,,https://miniature-prod.moysklad.ru/miniature/87fab22b-93c2-11f0-0a80-04c3000069c0/documentminiature/9a6a4f9e-0904-45a0-a6d0-fa4cc726ff6c
bf22ef74-965d-11f0-0a80-19dd001d8fdf,01115,"Футболки ERD Woman (Белый, M)",Футболки/ERD,1000.0,-1.0,True,,https://miniature-prod.moysklad.ru/miniature/87fab22b-93c2-11f0-0a80-04c3000069c0/documentminiature/9a6a4f9e-0904-45a0-a6d0-fa4cc726ff6c
bf25dabc-965d-11f0-0a80-19dd001d8fe6,01116,"Футболки ERD Woman (Белый, S)",Футболки/ERD,1000.0,0.0,True,,https://miniature-prod.moysklad.ru/miniature/87fab22b-93c2-11f0-0a80-04c3000069c0/documentminiature/9a6a4f9e-0904-45a0-a6d0-fa4cc726ff6c
bf285ff4-965d-11f0-0a80-19dd001d8fed,01117,"Футболки ERD Woman (Белый, XL)",Футболки/ERD,1000.0,0.0,True,,https://miniature-prod.moysklad.ru/miniature/87fab22b-93c2-11f0-0a80-04c3000069c0/documentminiature/9a6a4f9e-0904-45a0-a6d0-fa4cc726ff6c
bf2b359b-965d-11f0-0a80-19dd001d8ff4,01118,"Футболки ERD Woman (Белый, XS)",Футболки/ERD,1000.0,0.0,True,,https://miniature-prod.moysklad.ru/miniature/87fab22b-93c2-11f0-0a80-04c3000069c0/documentminiature/9a6a4f9e-0904-45a0-a6d0-fa4cc726ff6c
bf2db2ad-965d-11f0-0a80-19dd001d8ffb,01119,"Футболки ERD Woman (Белый, XXS)",Футболки/ERD,1000.0,0.0,True,,https://miniature-prod.moysklad.ru/miniature/87fab22b-93c2-11f0-0a80-04c3000069c0/documentminiature/9a6a4f9e-0904-45a0-a6d0-fa4cc726ff6c
bf304944-965d-11f0-0a80-19dd001d9002,01120,"Футболки ERD Woman (Черный, 2XL)",Футболки/ERD,1000.0,0.0,True,,https://miniature-prod.moysklad.ru/miniature/87fab22b-93c2-11f0-0a80-04c3000069c0/documentminiature/9a6a4f9e-0904-45a0-a6d0-fa4cc726ff6c
bf3341cc-965d-11f0-0a80-19dd001d9009,01121,"Футболки ERD Woman (Черный, L)",Футболки/ERD,1000.0,0.0,True,,https://miniature-prod.moysklad.ru/miniature/87fab22b-93c2-11f0-0a80-04c3000069c0/documentminiature/9a6a4f9e-0904-45a0-a6d0-fa4cc726ff6c
bf35b6fa-965d-11f0-0a80-19dd001d9010,01122,"Футболки ERD Woman (Черный, M)",Футболки/ERD,1000.0,0.0,True,,https://miniature-prod.moysklad.ru/miniature/87fab22b-93c2-11f0-0a80-04c3000069c0/documentminiature/9a6a4f9e-0904-45a0-a6d0-fa4cc726ff6c
bf38c1fc-965d-11f0-0a80-19dd001d9017,01123,"Футболки ERD Woman (Черный, S)",Футболки/ERD,1000.0,0.0,True,,https://miniature-prod.moysklad.ru/miniature/87fab22b-93c2-11f0-0a80-04c3000069c0/documentminiature/9a6a4f9e-0904-45a0-a6d0-fa4cc726ff6c
bf3b6ee8-965d-11f0-0a80-19dd001d901e,01124,"Футболки ERD Woman (Черный, XL)",Футболки/ERD,1000.0,0.0,True,,https://miniature-prod.moysklad.ru/miniature/87fab22b-93c2-11f0-0a80-04c3000069c0/documentminiature/9a6a4f9e-0904-45a0-a6d0-fa4cc726ff6c
bf3df7c0-965d-11f0-0a80-19dd001d9025,01125,"Футболки ERD Woman (Черный, XS)",Футболки/ERD,1000.0,0.0,True,,https://miniature-prod.moysklad.ru/miniature/87fab22b-93c2-11f0-0a80-04c3000069c0/documentminiature/9a6a4f9e-0904-45a0-a6d0-fa4cc726ff6c
bf4166c8-965d-11f0-0a80-19dd001d902c,01126,"Футболки ERD Woman (Черный, XXS)",Футболки/ERD,1000.0,0.0,True,,https://miniature-prod.moysklad.ru/miniature/87fab22b-93c2-11f0-0a80-04c3000069c0/documentminiature/9a6a4f9e-0904-45a0-a6d0-fa4cc726ff6c
d23e9891-965d-11f0-0a80-16d9001daf02,00128,Футболки ERD ninja,Футболки/ERD,1000.0,0.0,True,,https://miniature-prod.moysklad.ru/miniature/87fab22b-93c2-11f0-0a80-04c3000069c0/documentminiature/3e2eee4d-ac36-47f5-88a9-60ecf97d3048
db3dbaba-965d-11f0-0a80-0729001e009d,01141,"Футболки ERD ninja (Белый, 2XL)",Футболки/ERD,1000.0,0.0,True,,https://miniature-prod.moysklad.ru/miniature/87fab22b-93c2-11f0-0a80-04c3000069c0/documentminiature/3e2eee4d-ac36-47f5-88a9-60ecf97d3048
db40e4a3-965d-11f0-0a80-0729001e00a4,01142,"Футболки ERD ninja (Белый, L)",Футболки/ERD,1000.0,0.0,True,,https://miniature-prod.moysklad.ru/miniature/87fab22b-93c2-11f0-0a80-04c3000069c0/documentminiature/3e2eee4d-ac36-47f5-88a9-60ecf97d3048
db43ec3c-965d-11f0-0a80-0729001e00ab,01143,"Футболки ERD ninja (Белый, M)",Футболки/ERD,1000.0,0.0,True,,https://miniature-prod.moysklad.ru/miniature/87fab22b-93c2-11f0-0a80-04c3000069c0/documentminiature/3e2eee4d-ac36-47f5-88a9-60ecf97d3048
db474daa-965d-11f0-0a80-0729001e00b2,01144,"Футболки ERD ninja (Белый, S)",Футболки/ERD,1000.0,0.0,True,,https://miniature-prod.moysklad.ru/miniature/87fab22b-93c2-11f0-0a80-04c3000069c0/documentminiature/3e2eee4d-ac36-47f5-88a9-60ecf97d3048
db49df80-965d-11f0-0a80-0729001e00b9,01145,"Футболки ERD ninja (Белый, XL)",Футболки/ERD,1000.0,0.0,True,,https://miniature-prod.moysklad.ru/miniature/87fab22b-93c2-11f0-0a80-04c3000069c0/documentminiature/3e2eee4d-ac36-47f5-88a9-60ecf97d3048
db4c4fde-965d-11f0-0a80-0729001e00c0,01146,"Футболки ERD ninja (Белый, XS)",Футболки/ERD,1000.0,0.0,True,,https://miniature-prod.moysklad.ru/miniature/87fab22b-93c2-11f0-0a80-04c3000069c0/documentminiature/3e2eee4d-ac36-47f5-88a9-60ecf97d3048
db4ee058-965d-11f0-0a80-0729001e00c7,01147,"Футболки ERD ninja (Белый, XXS)",Футболки/ERD,1000.0,0.0,True,,https://miniature-prod.moysklad.ru/miniature/87fab22b-93c2-11f0-0a80-04c3000069c0/documentminiature/3e2eee4d-ac36-47f5-88a9-60ecf97d3048
16a33692-4fdd-11f1-0a80-032c0001748d,02554,"Футболки ERD ninja (Черная с Белым, 2XL)",Футболки/ERD,1000.0,0.0,True,,https://miniature-prod.moysklad.ru/miniature/87fab22b-93c2-11f0-0a80-04c3000069c0/documentminiature/3e2eee4d-ac36-47f5-88a9-60ecf97d3048
08a9ca5a-4fdd-11f1-0a80-0ef500018325,02552,"Футболки ERD ninja (Черная с Белым, L)",Футболки/ERD,1000.0,0.0,True,,https://miniature-prod.moysklad.ru/miniature/87fab22b-93c2-11f0-0a80-04c3000069c0/documentminiature/3e2eee4d-ac36-47f5-88a9-60ecf97d3048
0f845ffa-4fdd-11f1-0a80-19e30001975e,02553,"Футболки ERD ninja (Черная с Белым, XL)",Футболки/ERD,1000.0,0.0,True,,https://miniature-prod.moysklad.ru/miniature/87fab22b-93c2-11f0-0a80-04c3000069c0/documentminiature/3e2eee4d-ac36-47f5-88a9-60ecf97d3048
0194c6d0-4fdd-11f1-0a80-0fd300019086,02551,"Футболки ERD ninja (Черный с Белым, M)",Футболки/ERD,1000.0,0.0,True,,https://miniature-prod.moysklad.ru/miniature/87fab22b-93c2-11f0-0a80-04c3000069c0/documentminiature/3e2eee4d-ac36-47f5-88a9-60ecf97d3048
fac6d571-4fdc-11f1-0a80-1b6e0001aaac,02550,"Футболки ERD ninja (Черный с Белым, S)",Футболки/ERD,1000.0,0.0,True,,https://miniature-prod.moysklad.ru/miniature/87fab22b-93c2-11f0-0a80-04c3000069c0/documentminiature/3e2eee4d-ac36-47f5-88a9-60ecf97d3048
db512522-965d-11f0-0a80-0729001e00ce,01148,"Футболки ERD ninja (Черный, 2XL)",Футболки/ERD,1000.0,0.0,True,,https://miniature-prod.moysklad.ru/miniature/87fab22b-93c2-11f0-0a80-04c3000069c0/documentminiature/3e2eee4d-ac36-47f5-88a9-60ecf97d3048
db535f53-965d-11f0-0a80-0729001e00d5,01149,"Футболки ERD ninja (Черный, L)",Футболки/ERD,1000.0,0.0,True,,https://miniature-prod.moysklad.ru/miniature/87fab22b-93c2-11f0-0a80-04c3000069c0/documentminiature/3e2eee4d-ac36-47f5-88a9-60ecf97d3048
db556c9f-965d-11f0-0a80-0729001e00dc,01150,"Футболки ERD ninja (Черный, M)",Футболки/ERD,1000.0,0.0,True,,https://miniature-prod.moysklad.ru/miniature/87fab22b-93c2-11f0-0a80-04c3000069c0/documentminiature/3e2eee4d-ac36-47f5-88a9-60ecf97d3048
db5776e7-965d-11f0-0a80-0729001e00e3,01151,"Футболки ERD ninja (Черный, S)",Футболки/ERD,1000.0,0.0,True,,https://miniature-prod.moysklad.ru/miniature/87fab22b-93c2-11f0-0a80-04c3000069c0/documentminiature/3e2eee4d-ac36-47f5-88a9-60ecf97d3048
db599d33-965d-11f0-0a80-0729001e00ea,01152,"Футболки ERD ninja (Черный, XL)",Футболки/ERD,1000.0,0.0,True,,https://miniature-prod.moysklad.ru/miniature/87fab22b-93c2-11f0-0a80-04c3000069c0/documentminiature/3e2eee4d-ac36-47f5-88a9-60ecf97d3048
db5bf0e9-965d-11f0-0a80-0729001e00f1,01153,"Футболки ERD ninja (Черный, XS)",Футболки/ERD,1000.0,0.0,True,,https://miniature-prod.moysklad.ru/miniature/87fab22b-93c2-11f0-0a80-04c3000069c0/documentminiature/3e2eee4d-ac36-47f5-88a9-60ecf97d3048
db5ecce5-965d-11f0-0a80-0729001e00f8,01154,"Футболки ERD ninja (Черный, XXS)",Футболки/ERD,1000.0,0.0,True,,https://miniature-prod.moysklad.ru/miniature/87fab22b-93c2-11f0-0a80-04c3000069c0/documentminiature/3e2eee4d-ac36-47f5-88a9-60ecf97d3048
6dd9d97a-9662-11f0-0a80-058c001d6188,00167,Футболки ERD Челюсти,Футболки/ERD,1000.0,0.0,True,,https://miniature-prod.moysklad.ru/miniature/87fab22b-93c2-11f0-0a80-04c3000069c0/documentminiature/954aff22-6338-4014-9922-e1ed15224c1a
866561b7-9662-11f0-0a80-0f42001d7ccb,01575,"Футболки ERD Челюсти (Белый, 2XL)",Футболки/ERD,1000.0,0.0,True,,https://miniature-prod.moysklad.ru/miniature/87fab22b-93c2-11f0-0a80-04c3000069c0/documentminiature/954aff22-6338-4014-9922-e1ed15224c1a
86687aea-9662-11f0-0a80-0f42001d7cd2,01576,"Футболки ERD Челюсти (Белый, L)",Футболки/ERD,1000.0,0.0,True,,https://miniature-prod.moysklad.ru/miniature/87fab22b-93c2-11f0-0a80-04c3000069c0/documentminiature/954aff22-6338-4014-9922-e1ed15224c1a
866b15da-9662-11f0-0a80-0f42001d7cd9,01577,"Футболки ERD Челюсти (Белый, M)",Футболки/ERD,1000.0,0.0,True,,https://miniature-prod.moysklad.ru/miniature/87fab22b-93c2-11f0-0a80-04c3000069c0/documentminiature/954aff22-6338-4014-9922-e1ed15224c1a
866d8b54-9662-11f0-0a80-0f42001d7ce0,01578,"Футболки ERD Челюсти (Белый, S)",Футболки/ERD,1000.0,0.0,True,,https://miniature-prod.moysklad.ru/miniature/87fab22b-93c2-11f0-0a80-04c3000069c0/documentminiature/954aff22-6338-4014-9922-e1ed15224c1a
8670058a-9662-11f0-0a80-0f42001d7ce7,01579,"Футболки ERD Челюсти (Белый, XL)",Футболки/ERD,1000.0,0.0,True,,https://miniature-prod.moysklad.ru/miniature/87fab22b-93c2-11f0-0a80-04c3000069c0/documentminiature/954aff22-6338-4014-9922-e1ed15224c1a
86726cfe-9662-11f0-0a80-0f42001d7cee,01580,"Футболки ERD Челюсти (Белый, XS)",Футболки/ERD,1000.0,0.0,True,,https://miniature-prod.moysklad.ru/miniature/87fab22b-93c2-11f0-0a80-04c3000069c0/documentminiature/954aff22-6338-4014-9922-e1ed15224c1a
8674f986-9662-11f0-0a80-0f42001d7cf5,01581,"Футболки ERD Челюсти (Белый, XXS)",Футболки/ERD,1000.0,0.0,True,,https://miniature-prod.moysklad.ru/miniature/87fab22b-93c2-11f0-0a80-04c3000069c0/documentminiature/954aff22-6338-4014-9922-e1ed15224c1a
86778c6d-9662-11f0-0a80-0f42001d7cfc,01582,"Футболки ERD Челюсти (Черный, 2XL)",Футболки/ERD,1000.0,0.0,True,,https://miniature-prod.moysklad.ru/miniature/87fab22b-93c2-11f0-0a80-04c3000069c0/documentminiature/954aff22-6338-4014-9922-e1ed15224c1a
8679fc28-9662-11f0-0a80-0f42001d7d03,01583,"Футболки ERD Челюсти (Черный, L)",Футболки/ERD,1000.0,0.0,True,,https://miniature-prod.moysklad.ru/miniature/87fab22b-93c2-11f0-0a80-04c3000069c0/documentminiature/954aff22-6338-4014-9922-e1ed15224c1a
867c878e-9662-11f0-0a80-0f42001d7d0a,01584,"Футболки ERD Челюсти (Черный, M)",Футболки/ERD,1000.0,0.0,True,,https://miniature-prod.moysklad.ru/miniature/87fab22b-93c2-11f0-0a80-04c3000069c0/documentminiature/954aff22-6338-4014-9922-e1ed15224c1a
867f1ee5-9662-11f0-0a80-0f42001d7d11,01585,"Футболки ERD Челюсти (Черный, S)",Футболки/ERD,1000.0,0.0,True,,https://miniature-prod.moysklad.ru/miniature/87fab22b-93c2-11f0-0a80-04c3000069c0/documentminiature/954aff22-6338-4014-9922-e1ed15224c1a
8681960e-9662-11f0-0a80-0f42001d7d18,01586,"Футболки ERD Челюсти (Черный, XL)",Футболки/ERD,1000.0,0.0,True,,https://miniature-prod.moysklad.ru/miniature/87fab22b-93c2-11f0-0a80-04c3000069c0/documentminiature/954aff22-6338-4014-9922-e1ed15224c1a
86841a6c-9662-11f0-0a80-0f42001d7d1f,01587,"Футболки ERD Челюсти (Черный, XS)",Футболки/ERD,1000.0,0.0,True,,https://miniature-prod.moysklad.ru/miniature/87fab22b-93c2-11f0-0a80-04c3000069c0/documentminiature/954aff22-6338-4014-9922-e1ed15224c1a
8686951f-9662-11f0-0a80-0f42001d7d26,01588,"Футболки ERD Челюсти (Черный, XXS)",Футболки/ERD,1000.0,0.0,True,,https://miniature-prod.moysklad.ru/miniature/87fab22b-93c2-11f0-0a80-04c3000069c0/documentminiature/954aff22-6338-4014-9922-e1ed15224c1a
5b59d78e-9663-11f0-0a80-0cc6001d73ce,00174,Футболки ERD надпись,Футболки/ERD,1000.0,0.0,True,,https://miniature-prod.moysklad.ru/miniature/87fab22b-93c2-11f0-0a80-04c3000069c0/documentminiature/9b148944-009c-4b52-9d5b-e7e312227420
6668feef-9663-11f0-0a80-0159001d5e4e,01666,"Футболки ERD надпись (Белый, 2XL)",Футболки/ERD,1000.0,0.0,True,,https://miniature-prod.moysklad.ru/miniature/87fab22b-93c2-11f0-0a80-04c3000069c0/documentminiature/9b148944-009c-4b52-9d5b-e7e312227420
666c60be-9663-11f0-0a80-0159001d5e55,01667,"Футболки ERD надпись (Белый, L)",Футболки/ERD,1000.0,0.0,True,,https://miniature-prod.moysklad.ru/miniature/87fab22b-93c2-11f0-0a80-04c3000069c0/documentminiature/9b148944-009c-4b52-9d5b-e7e312227420
666f173f-9663-11f0-0a80-0159001d5e5c,01668,"Футболки ERD надпись (Белый, M)",Футболки/ERD,1000.0,0.0,True,,https://miniature-prod.moysklad.ru/miniature/87fab22b-93c2-11f0-0a80-04c3000069c0/documentminiature/9b148944-009c-4b52-9d5b-e7e312227420
66719a87-9663-11f0-0a80-0159001d5e63,01669,"Футболки ERD надпись (Белый, S)",Футболки/ERD,1000.0,0.0,True,,https://miniature-prod.moysklad.ru/miniature/87fab22b-93c2-11f0-0a80-04c3000069c0/documentminiature/9b148944-009c-4b52-9d5b-e7e312227420
66746254-9663-11f0-0a80-0159001d5e6a,01670,"Футболки ERD надпись (Белый, XL)",Футболки/ERD,1000.0,0.0,True,,https://miniature-prod.moysklad.ru/miniature/87fab22b-93c2-11f0-0a80-04c3000069c0/documentminiature/9b148944-009c-4b52-9d5b-e7e312227420
667749cf-9663-11f0-0a80-0159001d5e71,01671,"Футболки ERD надпись (Белый, XS)",Футболки/ERD,1000.0,0.0,True,,https://miniature-prod.moysklad.ru/miniature/87fab22b-93c2-11f0-0a80-04c3000069c0/documentminiature/9b148944-009c-4b52-9d5b-e7e312227420
667a1c0d-9663-11f0-0a80-0159001d5e78,01672,"Футболки ERD надпись (Белый, XXS)",Футболки/ERD,1000.0,0.0,True,,https://miniature-prod.moysklad.ru/miniature/87fab22b-93c2-11f0-0a80-04c3000069c0/documentminiature/9b148944-009c-4b52-9d5b-e7e312227420
667cbbd8-9663-11f0-0a80-0159001d5e7f,01673,"Футболки ERD надпись (Черный, 2XL)",Футболки/ERD,1000.0,0.0,True,,https://miniature-prod.moysklad.ru/miniature/87fab22b-93c2-11f0-0a80-04c3000069c0/documentminiature/9b148944-009c-4b52-9d5b-e7e312227420
667fa5a3-9663-11f0-0a80-0159001d5e86,01674,"Футболки ERD надпись (Черный, L)",Футболки/ERD,1000.0,0.0,True,,https://miniature-prod.moysklad.ru/miniature/87fab22b-93c2-11f0-0a80-04c3000069c0/documentminiature/9b148944-009c-4b52-9d5b-e7e312227420
6682485a-9663-11f0-0a80-0159001d5e8d,01675,"Футболки ERD надпись (Черный, M)",Футболки/ERD,1000.0,0.0,True,,https://miniature-prod.moysklad.ru/miniature/87fab22b-93c2-11f0-0a80-04c3000069c0/documentminiature/9b148944-009c-4b52-9d5b-e7e312227420
6684f007-9663-11f0-0a80-0159001d5e94,01676,"Футболки ERD надпись (Черный, S)",Футболки/ERD,1000.0,0.0,True,,https://miniature-prod.moysklad.ru/miniature/87fab22b-93c2-11f0-0a80-04c3000069c0/documentminiature/9b148944-009c-4b52-9d5b-e7e312227420
66877ca9-9663-11f0-0a80-0159001d5e9b,01677,"Футболки ERD надпись (Черный, XL)",Футболки/ERD,1000.0,0.0,True,,https://miniature-prod.moysklad.ru/miniature/87fab22b-93c2-11f0-0a80-04c3000069c0/documentminiature/9b148944-009c-4b52-9d5b-e7e312227420
668a65e2-9663-11f0-0a80-0159001d5ea2,01678,"Футболки ERD надпись (Черный, XS)",Футболки/ERD,1000.0,0.0,True,,https://miniature-prod.moysklad.ru/miniature/87fab22b-93c2-11f0-0a80-04c3000069c0/documentminiature/9b148944-009c-4b52-9d5b-e7e312227420
668d597d-9663-11f0-0a80-0159001d5ea9,01679,"Футболки ERD надпись (Черный, XXS)",Футболки/ERD,1000.0,0.0,True,,https://miniature-prod.moysklad.ru/miniature/87fab22b-93c2-11f0-0a80-04c3000069c0/documentminiature/9b148944-009c-4b52-9d5b-e7e312227420
f020f384-965a-11f0-0a80-0066001d512b,00096,Футболка Essentials Fear Of God,Футболки/Essentials,1000.0,0.0,True,,https://miniature-prod.moysklad.ru/miniature/87fab22b-93c2-11f0-0a80-04c3000069c0/documentminiature/569fe961-0820-4ce6-89df-3a9a3242af59
f760bfd7-965a-11f0-0a80-0efd001da58e,00856,"Футболка Essentials Fear Of God (Белый, 2XL)",Футболки/Essentials,1000.0,0.0,True,,https://miniature-prod.moysklad.ru/miniature/87fab22b-93c2-11f0-0a80-04c3000069c0/documentminiature/569fe961-0820-4ce6-89df-3a9a3242af59
f7636dad-965a-11f0-0a80-0efd001da595,00857,"Футболка Essentials Fear Of God (Белый, L)",Футболки/Essentials,1000.0,0.0,True,,https://miniature-prod.moysklad.ru/miniature/87fab22b-93c2-11f0-0a80-04c3000069c0/documentminiature/569fe961-0820-4ce6-89df-3a9a3242af59
f76582ec-965a-11f0-0a80-0efd001da59c,00858,"Футболка Essentials Fear Of God (Белый, M)",Футболки/Essentials,1000.0,0.0,True,,https://miniature-prod.moysklad.ru/miniature/87fab22b-93c2-11f0-0a80-04c3000069c0/documentminiature/569fe961-0820-4ce6-89df-3a9a3242af59
f7678ab8-965a-11f0-0a80-0efd001da5a3,00859,"Футболка Essentials Fear Of God (Белый, S)",Футболки/Essentials,1000.0,0.0,True,,https://miniature-prod.moysklad.ru/miniature/87fab22b-93c2-11f0-0a80-04c3000069c0/documentminiature/569fe961-0820-4ce6-89df-3a9a3242af59
f769a42d-965a-11f0-0a80-0efd001da5aa,00860,"Футболка Essentials Fear Of God (Белый, XL)",Футболки/Essentials,1000.0,0.0,True,,https://miniature-prod.moysklad.ru/miniature/87fab22b-93c2-11f0-0a80-04c3000069c0/documentminiature/569fe961-0820-4ce6-89df-3a9a3242af59
d298bbda-965a-11f0-0a80-0efd001da513,00094,Футболка Fear Of God adidas,Футболки/Essentials,1000.0,0.0,True,,https://miniature-prod.moysklad.ru/miniature/87fab22b-93c2-11f0-0a80-04c3000069c0/documentminiature/0c0027ea-f0da-473c-b875-5325586e1f6b
da8d9ac8-965a-11f0-0a80-058c001d4a08,00839,"Футболка Fear Of God adidas (Белый, 2XL)",Футболки/Essentials,1000.0,0.0,True,,https://miniature-prod.moysklad.ru/miniature/87fab22b-93c2-11f0-0a80-04c3000069c0/documentminiature/0c0027ea-f0da-473c-b875-5325586e1f6b
da8fab9a-965a-11f0-0a80-058c001d4a0f,00840,"Футболка Fear Of God adidas (Белый, L)",Футболки/Essentials,1000.0,0.0,True,,https://miniature-prod.moysklad.ru/miniature/87fab22b-93c2-11f0-0a80-04c3000069c0/documentminiature/0c0027ea-f0da-473c-b875-5325586e1f6b
da917914-965a-11f0-0a80-058c001d4a16,00841,"Футболка Fear Of God adidas (Белый, M)",Футболки/Essentials,1000.0,0.0,True,,https://miniature-prod.moysklad.ru/miniature/87fab22b-93c2-11f0-0a80-04c3000069c0/documentminiature/0c0027ea-f0da-473c-b875-5325586e1f6b
da935ace-965a-11f0-0a80-058c001d4a1d,00842,"Футболка Fear Of God adidas (Белый, S)",Футболки/Essentials,1000.0,0.0,True,,https://miniature-prod.moysklad.ru/miniature/87fab22b-93c2-11f0-0a80-04c3000069c0/documentminiature/0c0027ea-f0da-473c-b875-5325586e1f6b
da955ffe-965a-11f0-0a80-058c001d4a24,00843,"Футболка Fear Of God adidas (Белый, XL)",Футболки/Essentials,1000.0,0.0,True,,https://miniature-prod.moysklad.ru/miniature/87fab22b-93c2-11f0-0a80-04c3000069c0/documentminiature/0c0027ea-f0da-473c-b875-5325586e1f6b
da976096-965a-11f0-0a80-058c001d4a2b,00844,"Футболка Fear Of God adidas (Черный, 2XL)",Футболки/Essentials,1000.0,0.0,True,,https://miniature-prod.moysklad.ru/miniature/87fab22b-93c2-11f0-0a80-04c3000069c0/documentminiature/0c0027ea-f0da-473c-b875-5325586e1f6b
da997178-965a-11f0-0a80-058c001d4a32,00845,"Футболка Fear Of God adidas (Черный, L)",Футболки/Essentials,1000.0,0.0,True,,https://miniature-prod.moysklad.ru/miniature/87fab22b-93c2-11f0-0a80-04c3000069c0/documentminiature/0c0027ea-f0da-473c-b875-5325586e1f6b
da9b8bab-965a-11f0-0a80-058c001d4a39,00846,"Футболка Fear Of God adidas (Черный, M)",Футболки/Essentials,1000.0,0.0,True,,https://miniature-prod.moysklad.ru/miniature/87fab22b-93c2-11f0-0a80-04c3000069c0/documentminiature/0c0027ea-f0da-473c-b875-5325586e1f6b
da9de9f3-965a-11f0-0a80-058c001d4a40,00847,"Футболка Fear Of God adidas (Черный, S)",Футболки/Essentials,1000.0,0.0,True,,https://miniature-prod.moysklad.ru/miniature/87fab22b-93c2-11f0-0a80-04c3000069c0/documentminiature/0c0027ea-f0da-473c-b875-5325586e1f6b
daa006f3-965a-11f0-0a80-058c001d4a47,00848,"Футболка Fear Of God adidas (Черный, XL)",Футболки/Essentials,1000.0,0.0,True,,https://miniature-prod.moysklad.ru/miniature/87fab22b-93c2-11f0-0a80-04c3000069c0/documentminiature/0c0027ea-f0da-473c-b875-5325586e1f6b
a42b790e-77d8-11f1-0a80-1363001c093c,00677,Футболка Givenchy,Футболки/Givenchy,1000.0,0.0,True,,https://miniature-prod.moysklad.ru/miniature/87fab22b-93c2-11f0-0a80-04c3000069c0/documentminiature/7d332778-5d70-4c52-bd72-51f515883eb4
abe7b3d5-77d8-11f1-0a80-0ecf001b7f7e,05650,"Футболка Givenchy (Черный, 2XL)",Футболки/Givenchy,1000.0,0.0,True,,https://miniature-prod.moysklad.ru/miniature/87fab22b-93c2-11f0-0a80-04c3000069c0/documentminiature/7d332778-5d70-4c52-bd72-51f515883eb4
abeaca40-77d8-11f1-0a80-0ecf001b7f87,05651,"Футболка Givenchy (Черный, L)",Футболки/Givenchy,1000.0,0.0,True,,https://miniature-prod.moysklad.ru/miniature/87fab22b-93c2-11f0-0a80-04c3000069c0/documentminiature/7d332778-5d70-4c52-bd72-51f515883eb4
abef1751-77d8-11f1-0a80-0ecf001b7f90,05652,"Футболка Givenchy (Черный, M)",Футболки/Givenchy,1000.0,0.0,True,,https://miniature-prod.moysklad.ru/miniature/87fab22b-93c2-11f0-0a80-04c3000069c0/documentminiature/7d332778-5d70-4c52-bd72-51f515883eb4
abf1af99-77d8-11f1-0a80-0ecf001b7f99,05653,"Футболка Givenchy (Черный, S)",Футболки/Givenchy,1000.0,0.0,True,,https://miniature-prod.moysklad.ru/miniature/87fab22b-93c2-11f0-0a80-04c3000069c0/documentminiature/7d332778-5d70-4c52-bd72-51f515883eb4
abf42171-77d8-11f1-0a80-0ecf001b7fa2,05654,"Футболка Givenchy (Черный, XL)",Футболки/Givenchy,1000.0,0.0,True,,https://miniature-prod.moysklad.ru/miniature/87fab22b-93c2-11f0-0a80-04c3000069c0/documentminiature/7d332778-5d70-4c52-bd72-51f515883eb4
0bc6aa90-61ac-11f1-0a80-1ef3001c84e3,00638,Футболка Gucci,Футболки/Gucci,1000.0,0.0,True,,https://miniature-prod.moysklad.ru/miniature/87fab22b-93c2-11f0-0a80-04c3000069c0/documentminiature/592a1cf8-42e5-43d4-9152-61a1fbf09821
16b71074-814b-11f1-0a80-1003000163ae,00704,Футболка Gucci,Футболки/Gucci,1100.0,0.0,True,,https://miniature-prod.moysklad.ru/miniature/87fab22b-93c2-11f0-0a80-04c3000069c0/documentminiature/ace1c20e-fe84-4298-b36c-320fcd4c6daf
25e845df-814b-11f1-0a80-0dc70000ec42,05785,"Футболка Gucci (Бордовый варенка, 2XL)",Футболки/Gucci,1100.0,0.0,True,,https://miniature-prod.moysklad.ru/miniature/87fab22b-93c2-11f0-0a80-04c3000069c0/documentminiature/ace1c20e-fe84-4298-b36c-320fcd4c6daf
25ece4b3-814b-11f1-0a80-0dc70000ec4b,05786,"Футболка Gucci (Бордовый варенка, L)",Футболки/Gucci,1100.0,1.0,True,,https://miniature-prod.moysklad.ru/miniature/87fab22b-93c2-11f0-0a80-04c3000069c0/documentminiature/ace1c20e-fe84-4298-b36c-320fcd4c6daf
25f0a3ae-814b-11f1-0a80-0dc70000ec54,05787,"Футболка Gucci (Бордовый варенка, M)",Футболки/Gucci,1100.0,0.0,True,,https://miniature-prod.moysklad.ru/miniature/87fab22b-93c2-11f0-0a80-04c3000069c0/documentminiature/ace1c20e-fe84-4298-b36c-320fcd4c6daf
25f4c79d-814b-11f1-0a80-0dc70000ec5d,05788,"Футболка Gucci (Бордовый варенка, S)",Футболки/Gucci,1100.0,0.0,True,,https://miniature-prod.moysklad.ru/miniature/87fab22b-93c2-11f0-0a80-04c3000069c0/documentminiature/ace1c20e-fe84-4298-b36c-320fcd4c6daf
25f9241f-814b-11f1-0a80-0dc70000ec66,05789,"Футболка Gucci (Бордовый варенка, XL)",Футболки/Gucci,1100.0,0.0,True,,https://miniature-prod.moysklad.ru/miniature/87fab22b-93c2-11f0-0a80-04c3000069c0/documentminiature/ace1c20e-fe84-4298-b36c-320fcd4c6daf
141fd002-61ac-11f1-0a80-17b8001bac7f,05389,"Футболка Gucci (Черный, 2XL)",Футболки/Gucci,1000.0,0.0,True,,https://miniature-prod.moysklad.ru/miniature/87fab22b-93c2-11f0-0a80-04c3000069c0/documentminiature/592a1cf8-42e5-43d4-9152-61a1fbf09821
14234da0-61ac-11f1-0a80-17b8001bac92,05390,"Футболка Gucci (Черный, L)",Футболки/Gucci,1000.0,0.0,True,,https://miniature-prod.moysklad.ru/miniature/87fab22b-93c2-11f0-0a80-04c3000069c0/documentminiature/592a1cf8-42e5-43d4-9152-61a1fbf09821
1426310a-61ac-11f1-0a80-17b8001baca1,05391,"Футболка Gucci (Черный, M)",Футболки/Gucci,1000.0,0.0,True,,https://miniature-prod.moysklad.ru/miniature/87fab22b-93c2-11f0-0a80-04c3000069c0/documentminiature/592a1cf8-42e5-43d4-9152-61a1fbf09821
14297877-61ac-11f1-0a80-17b8001bacaa,05392,"Футболка Gucci (Черный, S)",Футболки/Gucci,1000.0,0.0,True,,https://miniature-prod.moysklad.ru/miniature/87fab22b-93c2-11f0-0a80-04c3000069c0/documentminiature/592a1cf8-42e5-43d4-9152-61a1fbf09821
142c23e7-61ac-11f1-0a80-17b8001bacb3,05393,"Футболка Gucci (Черный, XL)",Футболки/Gucci,1000.0,0.0,True,,https://miniature-prod.moysklad.ru/miniature/87fab22b-93c2-11f0-0a80-04c3000069c0/documentminiature/592a1cf8-42e5-43d4-9152-61a1fbf09821
e1616852-77d8-11f1-0a80-152e001bd5dc,00679,Футболка Gucci Monkey,Футболки/Gucci,1100.0,0.0,True,,https://miniature-prod.moysklad.ru/miniature/87fab22b-93c2-11f0-0a80-04c3000069c0/documentminiature/49503a47-3978-440b-a8a0-2e3c3a30cb7f
f16fe83d-77d8-11f1-0a80-0ecf001b80b9,05660,"Футболка Gucci Monkey (2XL, Бордовый варенка)",Футболки/Gucci,1100.0,0.0,True,,https://miniature-prod.moysklad.ru/miniature/87fab22b-93c2-11f0-0a80-04c3000069c0/documentminiature/49503a47-3978-440b-a8a0-2e3c3a30cb7f
f1732424-77d8-11f1-0a80-0ecf001b80c2,05661,"Футболка Gucci Monkey (L, Бордовый варенка)",Футболки/Gucci,1100.0,0.0,True,,https://miniature-prod.moysklad.ru/miniature/87fab22b-93c2-11f0-0a80-04c3000069c0/documentminiature/49503a47-3978-440b-a8a0-2e3c3a30cb7f
f175977d-77d8-11f1-0a80-0ecf001b80cb,05662,"Футболка Gucci Monkey (M, Бордовый варенка)",Футболки/Gucci,1100.0,0.0,True,,https://miniature-prod.moysklad.ru/miniature/87fab22b-93c2-11f0-0a80-04c3000069c0/documentminiature/49503a47-3978-440b-a8a0-2e3c3a30cb7f
f1780192-77d8-11f1-0a80-0ecf001b80d4,05663,"Футболка Gucci Monkey (S, Бордовый варенка)",Футболки/Gucci,1100.0,0.0,True,,https://miniature-prod.moysklad.ru/miniature/87fab22b-93c2-11f0-0a80-04c3000069c0/documentminiature/49503a47-3978-440b-a8a0-2e3c3a30cb7f
f17a71cf-77d8-11f1-0a80-0ecf001b80dd,05664,"Футболка Gucci Monkey (XL, Бордовый варенка)",Футболки/Gucci,1100.0,0.0,True,,https://miniature-prod.moysklad.ru/miniature/87fab22b-93c2-11f0-0a80-04c3000069c0/documentminiature/49503a47-3978-440b-a8a0-2e3c3a30cb7f
39af5bfc-6c9e-11f1-0a80-0e6e00196e22,00668,Футболка Guess,Футболки/Guess,1100.0,0.0,True,,https://miniature-prod.moysklad.ru/miniature/87fab22b-93c2-11f0-0a80-04c3000069c0/documentminiature/b1d49072-beb9-45fa-a6ec-234b679548ae
43883f19-6c9e-11f1-0a80-1346001938e8,05580,"Футболка Guess (Белый, 2XL)",Футболки/Guess,1100.0,0.0,True,,https://miniature-prod.moysklad.ru/miniature/87fab22b-93c2-11f0-0a80-04c3000069c0/documentminiature/b1d49072-beb9-45fa-a6ec-234b679548ae
438d8fe9-6c9e-11f1-0a80-1346001938f3,05581,"Футболка Guess (Белый, L)",Футболки/Guess,1100.0,0.0,True,,https://miniature-prod.moysklad.ru/miniature/87fab22b-93c2-11f0-0a80-04c3000069c0/documentminiature/b1d49072-beb9-45fa-a6ec-234b679548ae
4390b7f3-6c9e-11f1-0a80-1346001938fc,05582,"Футболка Guess (Белый, M)",Футболки/Guess,1100.0,0.0,True,,https://miniature-prod.moysklad.ru/miniature/87fab22b-93c2-11f0-0a80-04c3000069c0/documentminiature/b1d49072-beb9-45fa-a6ec-234b679548ae
4393cceb-6c9e-11f1-0a80-134600193905,05583,"Футболка Guess (Белый, S)",Футболки/Guess,1100.0,0.0,True,,https://miniature-prod.moysklad.ru/miniature/87fab22b-93c2-11f0-0a80-04c3000069c0/documentminiature/b1d49072-beb9-45fa-a6ec-234b679548ae
43970be0-6c9e-11f1-0a80-13460019390e,05584,"Футболка Guess (Белый, XL)",Футболки/Guess,1100.0,0.0,True,,https://miniature-prod.moysklad.ru/miniature/87fab22b-93c2-11f0-0a80-04c3000069c0/documentminiature/b1d49072-beb9-45fa-a6ec-234b679548ae
4399e045-6c9e-11f1-0a80-134600193917,05585,"Футболка Guess (Черный, 2XL)",Футболки/Guess,1100.0,0.0,True,,https://miniature-prod.moysklad.ru/miniature/87fab22b-93c2-11f0-0a80-04c3000069c0/documentminiature/b1d49072-beb9-45fa-a6ec-234b679548ae
439ce2da-6c9e-11f1-0a80-134600193921,05586,"Футболка Guess (Черный, L)",Футболки/Guess,1100.0,0.0,True,,https://miniature-prod.moysklad.ru/miniature/87fab22b-93c2-11f0-0a80-04c3000069c0/documentminiature/b1d49072-beb9-45fa-a6ec-234b679548ae
439f6418-6c9e-11f1-0a80-13460019392a,05587,"Футболка Guess (Черный, M)",Футболки/Guess,1100.0,0.0,True,,https://miniature-prod.moysklad.ru/miniature/87fab22b-93c2-11f0-0a80-04c3000069c0/documentminiature/b1d49072-beb9-45fa-a6ec-234b679548ae
43a26ac1-6c9e-11f1-0a80-134600193933,05588,"Футболка Guess (Черный, S)",Футболки/Guess,1100.0,0.0,True,,https://miniature-prod.moysklad.ru/miniature/87fab22b-93c2-11f0-0a80-04c3000069c0/documentminiature/b1d49072-beb9-45fa-a6ec-234b679548ae
43a57859-6c9e-11f1-0a80-13460019393c,05589,"Футболка Guess (Черный, XL)",Футболки/Guess,1100.0,0.0,True,,https://miniature-prod.moysklad.ru/miniature/87fab22b-93c2-11f0-0a80-04c3000069c0/documentminiature/b1d49072-beb9-45fa-a6ec-234b679548ae
2a02555e-67ef-11f1-0a80-035c00300965,00653,Футболка Kenzo,Футболки/Kenzo,1000.0,0.0,True,,https://miniature-prod.moysklad.ru/miniature/87fab22b-93c2-11f0-0a80-04c3000069c0/documentminiature/1de21ad1-4880-4dd5-bc02-af211e17e706
ad44d512-6eee-11f1-0a80-10060044a5c9,00672,Футболка Kenzo,Футболки/Kenzo,1000.0,0.0,True,,https://miniature-prod.moysklad.ru/miniature/87fab22b-93c2-11f0-0a80-04c3000069c0/documentminiature/8c1d61b8-ec4f-49a1-8848-ca931c6c8789
b7950706-6eee-11f1-0a80-10060044a7b2,05615,"Футболка Kenzo (Розовый, 2XL)",Футболки/Kenzo,1000.0,0.0,True,,https://miniature-prod.moysklad.ru/miniature/87fab22b-93c2-11f0-0a80-04c3000069c0/documentminiature/8c1d61b8-ec4f-49a1-8848-ca931c6c8789
b7991a1e-6eee-11f1-0a80-10060044a7c0,05616,"Футболка Kenzo (Розовый, L)",Футболки/Kenzo,1000.0,0.0,True,,https://miniature-prod.moysklad.ru/miniature/87fab22b-93c2-11f0-0a80-04c3000069c0/documentminiature/8c1d61b8-ec4f-49a1-8848-ca931c6c8789
b79c9436-6eee-11f1-0a80-10060044a7c9,05617,"Футболка Kenzo (Розовый, M)",Футболки/Kenzo,1000.0,0.0,True,,https://miniature-prod.moysklad.ru/miniature/87fab22b-93c2-11f0-0a80-04c3000069c0/documentminiature/8c1d61b8-ec4f-49a1-8848-ca931c6c8789
b7a012d1-6eee-11f1-0a80-10060044a7d4,05618,"Футболка Kenzo (Розовый, S)",Футболки/Kenzo,1000.0,0.0,True,,https://miniature-prod.moysklad.ru/miniature/87fab22b-93c2-11f0-0a80-04c3000069c0/documentminiature/8c1d61b8-ec4f-49a1-8848-ca931c6c8789
b7a31678-6eee-11f1-0a80-10060044a7dd,05619,"Футболка Kenzo (Розовый, XL)",Футболки/Kenzo,1000.0,0.0,True,,https://miniature-prod.moysklad.ru/miniature/87fab22b-93c2-11f0-0a80-04c3000069c0/documentminiature/8c1d61b8-ec4f-49a1-8848-ca931c6c8789
34fbb7ac-67ef-11f1-0a80-035c00300a2d,05465,"Футболка Kenzo (Черный, 2XL)",Футболки/Kenzo,1000.0,0.0,True,,https://miniature-prod.moysklad.ru/miniature/87fab22b-93c2-11f0-0a80-04c3000069c0/documentminiature/1de21ad1-4880-4dd5-bc02-af211e17e706
34ff1412-67ef-11f1-0a80-035c00300a36,05466,"Футболка Kenzo (Черный, L)",Футболки/Kenzo,1000.0,0.0,True,,https://miniature-prod.moysklad.ru/miniature/87fab22b-93c2-11f0-0a80-04c3000069c0/documentminiature/1de21ad1-4880-4dd5-bc02-af211e17e706
3501ea97-67ef-11f1-0a80-035c00300a3f,05467,"Футболка Kenzo (Черный, M)",Футболки/Kenzo,1000.0,0.0,True,,https://miniature-prod.moysklad.ru/miniature/87fab22b-93c2-11f0-0a80-04c3000069c0/documentminiature/1de21ad1-4880-4dd5-bc02-af211e17e706
35058241-67ef-11f1-0a80-035c00300a48,05468,"Футболка Kenzo (Черный, S)",Футболки/Kenzo,1000.0,0.0,True,,https://miniature-prod.moysklad.ru/miniature/87fab22b-93c2-11f0-0a80-04c3000069c0/documentminiature/1de21ad1-4880-4dd5-bc02-af211e17e706
350876d4-67ef-11f1-0a80-035c00300a51,05469,"Футболка Kenzo (Черный, XL)",Футболки/Kenzo,1000.0,0.0,True,,https://miniature-prod.moysklad.ru/miniature/87fab22b-93c2-11f0-0a80-04c3000069c0/documentminiature/1de21ad1-4880-4dd5-bc02-af211e17e706
86b21f87-6eee-11f1-0a80-02f30046b793,00671,Футболка Louis Vuitton,Футболки/LV,1000.0,0.0,True,,https://miniature-prod.moysklad.ru/miniature/87fab22b-93c2-11f0-0a80-04c3000069c0/documentminiature/7ee8fcf4-dc84-4280-81d1-6b03521f8b32
9204863f-6eee-11f1-0a80-1d56004576e0,05610,"Футболка Louis Vuitton (Белый, 2XL)",Футболки/LV,1000.0,0.0,True,,https://miniature-prod.moysklad.ru/miniature/87fab22b-93c2-11f0-0a80-04c3000069c0/documentminiature/7ee8fcf4-dc84-4280-81d1-6b03521f8b32
92177faf-6eee-11f1-0a80-1d56004576f1,05611,"Футболка Louis Vuitton (Белый, L)",Футболки/LV,1000.0,0.0,True,,https://miniature-prod.moysklad.ru/miniature/87fab22b-93c2-11f0-0a80-04c3000069c0/documentminiature/7ee8fcf4-dc84-4280-81d1-6b03521f8b32
9228791d-6eee-11f1-0a80-1d56004576fa,05612,"Футболка Louis Vuitton (Белый, M)",Футболки/LV,1000.0,0.0,True,,https://miniature-prod.moysklad.ru/miniature/87fab22b-93c2-11f0-0a80-04c3000069c0/documentminiature/7ee8fcf4-dc84-4280-81d1-6b03521f8b32
9244caac-6eee-11f1-0a80-1d5600457705,05613,"Футболка Louis Vuitton (Белый, S)",Футболки/LV,1000.0,0.0,True,,https://miniature-prod.moysklad.ru/miniature/87fab22b-93c2-11f0-0a80-04c3000069c0/documentminiature/7ee8fcf4-dc84-4280-81d1-6b03521f8b32
925c8218-6eee-11f1-0a80-1d5600457712,05614,"Футболка Louis Vuitton (Белый, XL)",Футболки/LV,1000.0,0.0,True,,https://miniature-prod.moysklad.ru/miniature/87fab22b-93c2-11f0-0a80-04c3000069c0/documentminiature/7ee8fcf4-dc84-4280-81d1-6b03521f8b32
e06d7f46-67ef-11f1-0a80-133c002fe9f2,00655,Футболка Levis,Футболки/Levis,1000.0,1.0,True,,https://miniature-prod.moysklad.ru/miniature/87fab22b-93c2-11f0-0a80-04c3000069c0/documentminiature/ef0f602e-e8c5-4d81-b898-23aa064f977b
4aabbda6-6b0c-11f1-0a80-036600235f65,00661,Футболка Levis,Футболки/Levis,1000.0,0.0,True,,https://miniature-prod.moysklad.ru/miniature/87fab22b-93c2-11f0-0a80-04c3000069c0/documentminiature/51fffb0c-0d6d-45c0-b956-1713fd5f1de2
1e439102-77d8-11f1-0a80-1e22001c9ff8,00674,Футболка Levis,Футболки/Levis,1000.0,0.0,True,,https://miniature-prod.moysklad.ru/miniature/87fab22b-93c2-11f0-0a80-04c3000069c0/documentminiature/36187e64-26e1-4ca1-bd55-f3dbad58cdca
4f1257a5-77d8-11f1-0a80-1c6c001bb67a,00675,Футболка Levis,Футболки/Levis,1000.0,0.0,True,,https://miniature-prod.moysklad.ru/miniature/87fab22b-93c2-11f0-0a80-04c3000069c0/documentminiature/1e2542bf-c04b-41e2-bbbd-9f1f6c5b172c
6f91dd42-77d8-11f1-0a80-0137001b5100,00676,Футболка Levis,Футболки/Levis,1000.0,0.0,True,,https://miniature-prod.moysklad.ru/miniature/87fab22b-93c2-11f0-0a80-04c3000069c0/documentminiature/9a18d747-ac94-48d1-83b4-a78f3b4627f0
32c92c73-95a7-11f1-0a80-15ae0021fd48,00712,Футболка Levis,Футболки/Levis,1000.0,0.0,True,,https://miniature-prod.moysklad.ru/miniature/87fab22b-93c2-11f0-0a80-04c3000069c0/documentminiature/1489cd7f-cf09-4ae0-b8b4-022d0ab40f10
2e65d72c-77d8-11f1-0a80-19c8001bac7c,05630,"Футболка Levis (2XL, Белый)",Футболки/Levis,1000.0,0.0,True,,https://miniature-prod.moysklad.ru/miniature/87fab22b-93c2-11f0-0a80-04c3000069c0/documentminiature/36187e64-26e1-4ca1-bd55-f3dbad58cdca
60520a2b-77d8-11f1-0a80-1dbb001bed1f,05640,"Футболка Levis (2XL, Белый)",Футболки/Levis,1000.0,0.0,True,,https://miniature-prod.moysklad.ru/miniature/87fab22b-93c2-11f0-0a80-04c3000069c0/documentminiature/1e2542bf-c04b-41e2-bbbd-9f1f6c5b172c
76375435-77d8-11f1-0a80-0555001c83e6,05645,"Футболка Levis (2XL, Белый)",Футболки/Levis,1000.0,0.0,True,,https://miniature-prod.moysklad.ru/miniature/87fab22b-93c2-11f0-0a80-04c3000069c0/documentminiature/9a18d747-ac94-48d1-83b4-a78f3b4627f0
2e6b3090-77d8-11f1-0a80-19c8001bac85,05631,"Футболка Levis (L, Белый)",Футболки/Levis,1000.0,0.0,True,,https://miniature-prod.moysklad.ru/miniature/87fab22b-93c2-11f0-0a80-04c3000069c0/documentminiature/36187e64-26e1-4ca1-bd55-f3dbad58cdca
6056e206-77d8-11f1-0a80-1dbb001bed28,05641,"Футболка Levis (L, Белый)",Футболки/Levis,1000.0,0.0,True,,https://miniature-prod.moysklad.ru/miniature/87fab22b-93c2-11f0-0a80-04c3000069c0/documentminiature/1e2542bf-c04b-41e2-bbbd-9f1f6c5b172c
763b86be-77d8-11f1-0a80-0555001c83f4,05646,"Футболка Levis (L, Белый)",Футболки/Levis,1000.0,0.0,True,,https://miniature-prod.moysklad.ru/miniature/87fab22b-93c2-11f0-0a80-04c3000069c0/documentminiature/9a18d747-ac94-48d1-83b4-a78f3b4627f0
2e6fd31d-77d8-11f1-0a80-19c8001bac8e,05632,"Футболка Levis (M, Белый)",Футболки/Levis,1000.0,1.0,True,,https://miniature-prod.moysklad.ru/miniature/87fab22b-93c2-11f0-0a80-04c3000069c0/documentminiature/36187e64-26e1-4ca1-bd55-f3dbad58cdca
605b0bed-77d8-11f1-0a80-1dbb001bed31,05642,"Футболка Levis (M, Белый)",Футболки/Levis,1000.0,-1.0,True,,https://miniature-prod.moysklad.ru/miniature/87fab22b-93c2-11f0-0a80-04c3000069c0/documentminiature/1e2542bf-c04b-41e2-bbbd-9f1f6c5b172c
763edf13-77d8-11f1-0a80-0555001c83fd,05647,"Футболка Levis (M, Белый)",Футболки/Levis,1000.0,0.0,True,,https://miniature-prod.moysklad.ru/miniature/87fab22b-93c2-11f0-0a80-04c3000069c0/documentminiature/9a18d747-ac94-48d1-83b4-a78f3b4627f0
2e734352-77d8-11f1-0a80-19c8001bac97,05633,"Футболка Levis (S, Белый)",Футболки/Levis,1000.0,0.0,True,,https://miniature-prod.moysklad.ru/miniature/87fab22b-93c2-11f0-0a80-04c3000069c0/documentminiature/36187e64-26e1-4ca1-bd55-f3dbad58cdca
605f9a19-77d8-11f1-0a80-1dbb001bed3a,05643,"Футболка Levis (S, Белый)",Футболки/Levis,1000.0,0.0,True,,https://miniature-prod.moysklad.ru/miniature/87fab22b-93c2-11f0-0a80-04c3000069c0/documentminiature/1e2542bf-c04b-41e2-bbbd-9f1f6c5b172c
7641f7d7-77d8-11f1-0a80-0555001c8406,05648,"Футболка Levis (S, Белый)",Футболки/Levis,1000.0,0.0,True,,https://miniature-prod.moysklad.ru/miniature/87fab22b-93c2-11f0-0a80-04c3000069c0/documentminiature/9a18d747-ac94-48d1-83b4-a78f3b4627f0
2e7794ef-77d8-11f1-0a80-19c8001baca0,05634,"Футболка Levis (XL, Белый)",Футболки/Levis,1000.0,1.0,True,,https://miniature-prod.moysklad.ru/miniature/87fab22b-93c2-11f0-0a80-04c3000069c0/documentminiature/36187e64-26e1-4ca1-bd55-f3dbad58cdca
6063ffe8-77d8-11f1-0a80-1dbb001bed46,05644,"Футболка Levis (XL, Белый)",Футболки/Levis,1000.0,0.0,True,,https://miniature-prod.moysklad.ru/miniature/87fab22b-93c2-11f0-0a80-04c3000069c0/documentminiature/1e2542bf-c04b-41e2-bbbd-9f1f6c5b172c
76458daa-77d8-11f1-0a80-0555001c840f,05649,"Футболка Levis (XL, Белый)",Футболки/Levis,1000.0,0.0,True,,https://miniature-prod.moysklad.ru/miniature/87fab22b-93c2-11f0-0a80-04c3000069c0/documentminiature/9a18d747-ac94-48d1-83b4-a78f3b4627f0
e955ec1d-67ef-11f1-0a80-035c00301554,05475,"Футболка Levis (Белый, 2XL)",Футболки/Levis,1000.0,0.0,True,,https://miniature-prod.moysklad.ru/miniature/87fab22b-93c2-11f0-0a80-04c3000069c0/documentminiature/ef0f602e-e8c5-4d81-b898-23aa064f977b
53ea4fad-6b0c-11f1-0a80-0f6800238104,05505,"Футболка Levis (Белый, 2XL)",Футболки/Levis,1000.0,0.0,True,,https://miniature-prod.moysklad.ru/miniature/87fab22b-93c2-11f0-0a80-04c3000069c0/documentminiature/51fffb0c-0d6d-45c0-b956-1713fd5f1de2
3bf79fe6-95a7-11f1-0a80-15ae0021fd57,05825,"Футболка Levis (Белый, 2XL)",Футболки/Levis,1000.0,0.0,True,,https://miniature-prod.moysklad.ru/miniature/87fab22b-93c2-11f0-0a80-04c3000069c0/documentminiature/1489cd7f-cf09-4ae0-b8b4-022d0ab40f10
e959e326-67ef-11f1-0a80-035c0030155d,05476,"Футболка Levis (Белый, L)",Футболки/Levis,1000.0,2.0,True,,https://miniature-prod.moysklad.ru/miniature/87fab22b-93c2-11f0-0a80-04c3000069c0/documentminiature/ef0f602e-e8c5-4d81-b898-23aa064f977b
53ee6e5d-6b0c-11f1-0a80-0f6800238110,05506,"Футболка Levis (Белый, L)",Футболки/Levis,1000.0,0.0,True,,https://miniature-prod.moysklad.ru/miniature/87fab22b-93c2-11f0-0a80-04c3000069c0/documentminiature/51fffb0c-0d6d-45c0-b956-1713fd5f1de2
3bfb3bd5-95a7-11f1-0a80-15ae0021fd60,05826,"Футболка Levis (Белый, L)",Футболки/Levis,1000.0,0.0,True,,https://miniature-prod.moysklad.ru/miniature/87fab22b-93c2-11f0-0a80-04c3000069c0/documentminiature/1489cd7f-cf09-4ae0-b8b4-022d0ab40f10
e95d6ac0-67ef-11f1-0a80-035c00301566,05477,"Футболка Levis (Белый, M)",Футболки/Levis,1000.0,-1.0,True,,https://miniature-prod.moysklad.ru/miniature/87fab22b-93c2-11f0-0a80-04c3000069c0/documentminiature/ef0f602e-e8c5-4d81-b898-23aa064f977b
3bfe484c-95a7-11f1-0a80-15ae0021fd69,05827,"Футболка Levis (Белый, M)",Футболки/Levis,1000.0,0.0,True,,https://miniature-prod.moysklad.ru/miniature/87fab22b-93c2-11f0-0a80-04c3000069c0/documentminiature/1489cd7f-cf09-4ae0-b8b4-022d0ab40f10
e9607155-67ef-11f1-0a80-035c0030156f,05478,"Футболка Levis (Белый, S)",Футболки/Levis,1000.0,2.0,True,,https://miniature-prod.moysklad.ru/miniature/87fab22b-93c2-11f0-0a80-04c3000069c0/documentminiature/ef0f602e-e8c5-4d81-b898-23aa064f977b
53f18415-6b0c-11f1-0a80-0f6800238119,05507,"Футболка Levis (Белый, S)",Футболки/Levis,1000.0,0.0,True,,https://miniature-prod.moysklad.ru/miniature/87fab22b-93c2-11f0-0a80-04c3000069c0/documentminiature/51fffb0c-0d6d-45c0-b956-1713fd5f1de2
3c00fd81-95a7-11f1-0a80-15ae0021fd72,05828,"Футболка Levis (Белый, S)",Футболки/Levis,1000.0,2.0,True,,https://miniature-prod.moysklad.ru/miniature/87fab22b-93c2-11f0-0a80-04c3000069c0/documentminiature/1489cd7f-cf09-4ae0-b8b4-022d0ab40f10
e9636916-67ef-11f1-0a80-035c00301578,05479,"Футболка Levis (Белый, XL)",Футболки/Levis,1000.0,0.0,True,,https://miniature-prod.moysklad.ru/miniature/87fab22b-93c2-11f0-0a80-04c3000069c0/documentminiature/ef0f602e-e8c5-4d81-b898-23aa064f977b
53f49c06-6b0c-11f1-0a80-0f6800238122,05508,"Футболка Levis (Белый, XL)",Футболки/Levis,1000.0,0.0,True,,https://miniature-prod.moysklad.ru/miniature/87fab22b-93c2-11f0-0a80-04c3000069c0/documentminiature/51fffb0c-0d6d-45c0-b956-1713fd5f1de2
3c039912-95a7-11f1-0a80-15ae0021fd7b,05829,"Футболка Levis (Белый, XL)",Футболки/Levis,1000.0,0.0,True,,https://miniature-prod.moysklad.ru/miniature/87fab22b-93c2-11f0-0a80-04c3000069c0/documentminiature/1489cd7f-cf09-4ae0-b8b4-022d0ab40f10
53f80739-6b0c-11f1-0a80-0f680023812e,05509,"Футболка Levis (Белый, m)",Футболки/Levis,1000.0,0.0,True,,https://miniature-prod.moysklad.ru/miniature/87fab22b-93c2-11f0-0a80-04c3000069c0/documentminiature/51fffb0c-0d6d-45c0-b956-1713fd5f1de2
b6a39566-6c9d-11f1-0a80-1d5600198b26,00666,Футболка Levis Box logo,Футболки/Levis,1050.0,0.0,True,,https://miniature-prod.moysklad.ru/miniature/87fab22b-93c2-11f0-0a80-04c3000069c0/documentminiature/72ab0fdd-d853-4141-9eee-c477ffe353d6
db1bcd85-6c9d-11f1-0a80-10060019d049,05530,"Футболка Levis Box logo (Белый с зеленым, 2XL)",Футболки/Levis,1050.0,0.0,True,,https://miniature-prod.moysklad.ru/miniature/87fab22b-93c2-11f0-0a80-04c3000069c0/documentminiature/72ab0fdd-d853-4141-9eee-c477ffe353d6
db1f3c34-6c9d-11f1-0a80-10060019d052,05531,"Футболка Levis Box logo (Белый с зеленым, L)",Футболки/Levis,1050.0,0.0,True,,https://miniature-prod.moysklad.ru/miniature/87fab22b-93c2-11f0-0a80-04c3000069c0/documentminiature/72ab0fdd-d853-4141-9eee-c477ffe353d6
db224265-6c9d-11f1-0a80-10060019d05b,05532,"Футболка Levis Box logo (Белый с зеленым, M)",Футболки/Levis,1050.0,0.0,True,,https://miniature-prod.moysklad.ru/miniature/87fab22b-93c2-11f0-0a80-04c3000069c0/documentminiature/72ab0fdd-d853-4141-9eee-c477ffe353d6
db257d25-6c9d-11f1-0a80-10060019d064,05533,"Футболка Levis Box logo (Белый с зеленым, S)",Футболки/Levis,1050.0,0.0,True,,https://miniature-prod.moysklad.ru/miniature/87fab22b-93c2-11f0-0a80-04c3000069c0/documentminiature/72ab0fdd-d853-4141-9eee-c477ffe353d6
db2893ba-6c9d-11f1-0a80-10060019d06d,05534,"Футболка Levis Box logo (Белый с зеленым, XL)",Футболки/Levis,1050.0,0.0,True,,https://miniature-prod.moysklad.ru/miniature/87fab22b-93c2-11f0-0a80-04c3000069c0/documentminiature/72ab0fdd-d853-4141-9eee-c477ffe353d6
db2b7664-6c9d-11f1-0a80-10060019d076,05535,"Футболка Levis Box logo (Белый с красным, 2XL)",Футболки/Levis,1050.0,0.0,True,,https://miniature-prod.moysklad.ru/miniature/87fab22b-93c2-11f0-0a80-04c3000069c0/documentminiature/72ab0fdd-d853-4141-9eee-c477ffe353d6
db2e5f68-6c9d-11f1-0a80-10060019d07f,05536,"Футболка Levis Box logo (Белый с красным, L)",Футболки/Levis,1050.0,0.0,True,,https://miniature-prod.moysklad.ru/miniature/87fab22b-93c2-11f0-0a80-04c3000069c0/documentminiature/72ab0fdd-d853-4141-9eee-c477ffe353d6
db31420d-6c9d-11f1-0a80-10060019d088,05537,"Футболка Levis Box logo (Белый с красным, M)",Футболки/Levis,1050.0,0.0,True,,https://miniature-prod.moysklad.ru/miniature/87fab22b-93c2-11f0-0a80-04c3000069c0/documentminiature/72ab0fdd-d853-4141-9eee-c477ffe353d6
db3426d8-6c9d-11f1-0a80-10060019d091,05538,"Футболка Levis Box logo (Белый с красным, S)",Футболки/Levis,1050.0,0.0,True,,https://miniature-prod.moysklad.ru/miniature/87fab22b-93c2-11f0-0a80-04c3000069c0/documentminiature/72ab0fdd-d853-4141-9eee-c477ffe353d6
db37874d-6c9d-11f1-0a80-10060019d09a,05539,"Футболка Levis Box logo (Белый с красным, XL)",Футболки/Levis,1050.0,0.0,True,,https://miniature-prod.moysklad.ru/miniature/87fab22b-93c2-11f0-0a80-04c3000069c0/documentminiature/72ab0fdd-d853-4141-9eee-c477ffe353d6
db3abf1e-6c9d-11f1-0a80-10060019d0a3,05540,"Футболка Levis Box logo (Белый с синим, 2XL)",Футболки/Levis,1050.0,0.0,True,,https://miniature-prod.moysklad.ru/miniature/87fab22b-93c2-11f0-0a80-04c3000069c0/documentminiature/72ab0fdd-d853-4141-9eee-c477ffe353d6
db3ed0bc-6c9d-11f1-0a80-10060019d0ac,05541,"Футболка Levis Box logo (Белый с синим, L)",Футболки/Levis,1050.0,0.0,True,,https://miniature-prod.moysklad.ru/miniature/87fab22b-93c2-11f0-0a80-04c3000069c0/documentminiature/72ab0fdd-d853-4141-9eee-c477ffe353d6
db422ddb-6c9d-11f1-0a80-10060019d0b5,05542,"Футболка Levis Box logo (Белый с синим, M)",Футболки/Levis,1050.0,1.0,True,,https://miniature-prod.moysklad.ru/miniature/87fab22b-93c2-11f0-0a80-04c3000069c0/documentminiature/72ab0fdd-d853-4141-9eee-c477ffe353d6
db454ec4-6c9d-11f1-0a80-10060019d0bf,05543,"Футболка Levis Box logo (Белый с синим, S)",Футболки/Levis,1050.0,0.0,True,,https://miniature-prod.moysklad.ru/miniature/87fab22b-93c2-11f0-0a80-04c3000069c0/documentminiature/72ab0fdd-d853-4141-9eee-c477ffe353d6
db47f660-6c9d-11f1-0a80-10060019d0c8,05544,"Футболка Levis Box logo (Белый с синим, XL)",Футболки/Levis,1050.0,0.0,True,,https://miniature-prod.moysklad.ru/miniature/87fab22b-93c2-11f0-0a80-04c3000069c0/documentminiature/72ab0fdd-d853-4141-9eee-c477ffe353d6
db4ae9e0-6c9d-11f1-0a80-10060019d0d1,05545,"Футболка Levis Box logo (Бордовый, 2XL)",Футболки/Levis,1050.0,0.0,True,,https://miniature-prod.moysklad.ru/miniature/87fab22b-93c2-11f0-0a80-04c3000069c0/documentminiature/72ab0fdd-d853-4141-9eee-c477ffe353d6
db4deb50-6c9d-11f1-0a80-10060019d0da,05546,"Футболка Levis Box logo (Бордовый, L)",Футболки/Levis,1050.0,0.0,True,,https://miniature-prod.moysklad.ru/miniature/87fab22b-93c2-11f0-0a80-04c3000069c0/documentminiature/72ab0fdd-d853-4141-9eee-c477ffe353d6
db5328f0-6c9d-11f1-0a80-10060019d0e3,05547,"Футболка Levis Box logo (Бордовый, M)",Футболки/Levis,1050.0,0.0,True,,https://miniature-prod.moysklad.ru/miniature/87fab22b-93c2-11f0-0a80-04c3000069c0/documentminiature/72ab0fdd-d853-4141-9eee-c477ffe353d6
db567b4c-6c9d-11f1-0a80-10060019d0ec,05548,"Футболка Levis Box logo (Бордовый, S)",Футболки/Levis,1050.0,0.0,True,,https://miniature-prod.moysklad.ru/miniature/87fab22b-93c2-11f0-0a80-04c3000069c0/documentminiature/72ab0fdd-d853-4141-9eee-c477ffe353d6
db59e6b9-6c9d-11f1-0a80-10060019d0f5,05549,"Футболка Levis Box logo (Бордовый, XL)",Футболки/Levis,1050.0,0.0,True,,https://miniature-prod.moysklad.ru/miniature/87fab22b-93c2-11f0-0a80-04c3000069c0/documentminiature/72ab0fdd-d853-4141-9eee-c477ffe353d6
db5d1474-6c9d-11f1-0a80-10060019d0fe,05550,"Футболка Levis Box logo (Серый, 2XL)",Футболки/Levis,1050.0,0.0,True,,https://miniature-prod.moysklad.ru/miniature/87fab22b-93c2-11f0-0a80-04c3000069c0/documentminiature/72ab0fdd-d853-4141-9eee-c477ffe353d6
db60444b-6c9d-11f1-0a80-10060019d107,05551,"Футболка Levis Box logo (Серый, L)",Футболки/Levis,1050.0,0.0,True,,https://miniature-prod.moysklad.ru/miniature/87fab22b-93c2-11f0-0a80-04c3000069c0/documentminiature/72ab0fdd-d853-4141-9eee-c477ffe353d6
db637bdb-6c9d-11f1-0a80-10060019d110,05552,"Футболка Levis Box logo (Серый, M)",Футболки/Levis,1050.0,0.0,True,,https://miniature-prod.moysklad.ru/miniature/87fab22b-93c2-11f0-0a80-04c3000069c0/documentminiature/72ab0fdd-d853-4141-9eee-c477ffe353d6
db665e31-6c9d-11f1-0a80-10060019d119,05553,"Футболка Levis Box logo (Серый, S)",Футболки/Levis,1050.0,0.0,True,,https://miniature-prod.moysklad.ru/miniature/87fab22b-93c2-11f0-0a80-04c3000069c0/documentminiature/72ab0fdd-d853-4141-9eee-c477ffe353d6
db695fa4-6c9d-11f1-0a80-10060019d122,05554,"Футболка Levis Box logo (Серый, XL)",Футболки/Levis,1050.0,0.0,True,,https://miniature-prod.moysklad.ru/miniature/87fab22b-93c2-11f0-0a80-04c3000069c0/documentminiature/72ab0fdd-d853-4141-9eee-c477ffe353d6
db6d0604-6c9d-11f1-0a80-10060019d12b,05555,"Футболка Levis Box logo (Синий, 2XL)",Футболки/Levis,1050.0,0.0,True,,https://miniature-prod.moysklad.ru/miniature/87fab22b-93c2-11f0-0a80-04c3000069c0/documentminiature/72ab0fdd-d853-4141-9eee-c477ffe353d6
db70d936-6c9d-11f1-0a80-10060019d134,05556,"Футболка Levis Box logo (Синий, L)",Футболки/Levis,1050.0,0.0,True,,https://miniature-prod.moysklad.ru/miniature/87fab22b-93c2-11f0-0a80-04c3000069c0/documentminiature/72ab0fdd-d853-4141-9eee-c477ffe353d6
db74adc9-6c9d-11f1-0a80-10060019d13d,05557,"Футболка Levis Box logo (Синий, M)",Футболки/Levis,1050.0,0.0,True,,https://miniature-prod.moysklad.ru/miniature/87fab22b-93c2-11f0-0a80-04c3000069c0/documentminiature/72ab0fdd-d853-4141-9eee-c477ffe353d6
db787ee3-6c9d-11f1-0a80-10060019d146,05558,"Футболка Levis Box logo (Синий, S)",Футболки/Levis,1050.0,0.0,True,,https://miniature-prod.moysklad.ru/miniature/87fab22b-93c2-11f0-0a80-04c3000069c0/documentminiature/72ab0fdd-d853-4141-9eee-c477ffe353d6
db7b62e3-6c9d-11f1-0a80-10060019d14f,05559,"Футболка Levis Box logo (Синий, XL)",Футболки/Levis,1050.0,0.0,True,,https://miniature-prod.moysklad.ru/miniature/87fab22b-93c2-11f0-0a80-04c3000069c0/documentminiature/72ab0fdd-d853-4141-9eee-c477ffe353d6
db7eb30d-6c9d-11f1-0a80-10060019d158,05560,"Футболка Levis Box logo (Черный с белым, 2XL)",Футболки/Levis,1050.0,0.0,True,,https://miniature-prod.moysklad.ru/miniature/87fab22b-93c2-11f0-0a80-04c3000069c0/documentminiature/72ab0fdd-d853-4141-9eee-c477ffe353d6
db81ed12-6c9d-11f1-0a80-10060019d161,05561,"Футболка Levis Box logo (Черный с белым, L)",Футболки/Levis,1050.0,0.0,True,,https://miniature-prod.moysklad.ru/miniature/87fab22b-93c2-11f0-0a80-04c3000069c0/documentminiature/72ab0fdd-d853-4141-9eee-c477ffe353d6
db85a7a1-6c9d-11f1-0a80-10060019d16e,05562,"Футболка Levis Box logo (Черный с белым, M)",Футболки/Levis,1050.0,0.0,True,,https://miniature-prod.moysklad.ru/miniature/87fab22b-93c2-11f0-0a80-04c3000069c0/documentminiature/72ab0fdd-d853-4141-9eee-c477ffe353d6
db8882be-6c9d-11f1-0a80-10060019d177,05563,"Футболка Levis Box logo (Черный с белым, S)",Футболки/Levis,1050.0,0.0,True,,https://miniature-prod.moysklad.ru/miniature/87fab22b-93c2-11f0-0a80-04c3000069c0/documentminiature/72ab0fdd-d853-4141-9eee-c477ffe353d6
db8bc3d1-6c9d-11f1-0a80-10060019d180,05564,"Футболка Levis Box logo (Черный с белым, XL)",Футболки/Levis,1050.0,0.0,True,,https://miniature-prod.moysklad.ru/miniature/87fab22b-93c2-11f0-0a80-04c3000069c0/documentminiature/72ab0fdd-d853-4141-9eee-c477ffe353d6
db8f0a7f-6c9d-11f1-0a80-10060019d189,05565,"Футболка Levis Box logo (Черный с желтым, 2XL)",Футболки/Levis,1050.0,0.0,True,,https://miniature-prod.moysklad.ru/miniature/87fab22b-93c2-11f0-0a80-04c3000069c0/documentminiature/72ab0fdd-d853-4141-9eee-c477ffe353d6
db931e2f-6c9d-11f1-0a80-10060019d192,05566,"Футболка Levis Box logo (Черный с желтым, L)",Футболки/Levis,1050.0,0.0,True,,https://miniature-prod.moysklad.ru/miniature/87fab22b-93c2-11f0-0a80-04c3000069c0/documentminiature/72ab0fdd-d853-4141-9eee-c477ffe353d6
db96afaa-6c9d-11f1-0a80-10060019d1a3,05567,"Футболка Levis Box logo (Черный с желтым, M)",Футболки/Levis,1050.0,0.0,True,,https://miniature-prod.moysklad.ru/miniature/87fab22b-93c2-11f0-0a80-04c3000069c0/documentminiature/72ab0fdd-d853-4141-9eee-c477ffe353d6
db99d935-6c9d-11f1-0a80-10060019d1ac,05568,"Футболка Levis Box logo (Черный с желтым, S)",Футболки/Levis,1050.0,0.0,True,,https://miniature-prod.moysklad.ru/miniature/87fab22b-93c2-11f0-0a80-04c3000069c0/documentminiature/72ab0fdd-d853-4141-9eee-c477ffe353d6
db9cfc3f-6c9d-11f1-0a80-10060019d1bb,05569,"Футболка Levis Box logo (Черный с желтым, XL)",Футболки/Levis,1050.0,0.0,True,,https://miniature-prod.moysklad.ru/miniature/87fab22b-93c2-11f0-0a80-04c3000069c0/documentminiature/72ab0fdd-d853-4141-9eee-c477ffe353d6
017c4947-6c9e-11f1-0a80-10060019d47f,00667,Футболка Levis Front logo,Футболки/Levis,1100.0,0.0,True,,https://miniature-prod.moysklad.ru/miniature/87fab22b-93c2-11f0-0a80-04c3000069c0/documentminiature/b55bda10-6bc4-47b1-9211-7b10177e0039
0e6d3345-6c9e-11f1-0a80-14fc0019d79d,05570,"Футболка Levis Front logo (Белый, 2XL)",Футболки/Levis,1100.0,0.0,True,,https://miniature-prod.moysklad.ru/miniature/87fab22b-93c2-11f0-0a80-04c3000069c0/documentminiature/b55bda10-6bc4-47b1-9211-7b10177e0039
0e70b4d0-6c9e-11f1-0a80-14fc0019d7a6,05571,"Футболка Levis Front logo (Белый, L)",Футболки/Levis,1100.0,0.0,True,,https://miniature-prod.moysklad.ru/miniature/87fab22b-93c2-11f0-0a80-04c3000069c0/documentminiature/b55bda10-6bc4-47b1-9211-7b10177e0039
0e73aebb-6c9e-11f1-0a80-14fc0019d7af,05572,"Футболка Levis Front logo (Белый, M)",Футболки/Levis,1100.0,0.0,True,,https://miniature-prod.moysklad.ru/miniature/87fab22b-93c2-11f0-0a80-04c3000069c0/documentminiature/b55bda10-6bc4-47b1-9211-7b10177e0039
0e7692e6-6c9e-11f1-0a80-14fc0019d7b8,05573,"Футболка Levis Front logo (Белый, S)",Футболки/Levis,1100.0,0.0,True,,https://miniature-prod.moysklad.ru/miniature/87fab22b-93c2-11f0-0a80-04c3000069c0/documentminiature/b55bda10-6bc4-47b1-9211-7b10177e0039
0e797973-6c9e-11f1-0a80-14fc0019d7c1,05574,"Футболка Levis Front logo (Белый, XL)",Футболки/Levis,1100.0,0.0,True,,https://miniature-prod.moysklad.ru/miniature/87fab22b-93c2-11f0-0a80-04c3000069c0/documentminiature/b55bda10-6bc4-47b1-9211-7b10177e0039
26281745-6c9f-11f1-0a80-15100019a170,05604,"Футболка Levis Front logo (Зеленый, 2XL)",Футболки/Levis,1100.0,0.0,True,,https://miniature-prod.moysklad.ru/miniature/87fab22b-93c2-11f0-0a80-04c3000069c0/documentminiature/b55bda10-6bc4-47b1-9211-7b10177e0039
1b8123a6-6c9f-11f1-0a80-15100019a0a7,05602,"Футболка Levis Front logo (Зеленый, L)",Футболки/Levis,1100.0,0.0,True,,https://miniature-prod.moysklad.ru/miniature/87fab22b-93c2-11f0-0a80-04c3000069c0/documentminiature/b55bda10-6bc4-47b1-9211-7b10177e0039
167b0c0b-6c9f-11f1-0a80-134600194c4e,05601,"Футболка Levis Front logo (Зеленый, M)",Футболки/Levis,1100.0,0.0,True,,https://miniature-prod.moysklad.ru/miniature/87fab22b-93c2-11f0-0a80-04c3000069c0/documentminiature/b55bda10-6bc4-47b1-9211-7b10177e0039
0f69706d-6c9f-11f1-0a80-02f3001a4d73,05600,"Футболка Levis Front logo (Зеленый, S)",Футболки/Levis,1100.0,0.0,True,,https://miniature-prod.moysklad.ru/miniature/87fab22b-93c2-11f0-0a80-04c3000069c0/documentminiature/b55bda10-6bc4-47b1-9211-7b10177e0039
21604137-6c9f-11f1-0a80-1be700194f67,05603,"Футболка Levis Front logo (Зеленый, XL)",Футболки/Levis,1100.0,0.0,True,,https://miniature-prod.moysklad.ru/miniature/87fab22b-93c2-11f0-0a80-04c3000069c0/documentminiature/b55bda10-6bc4-47b1-9211-7b10177e0039
0e7c6130-6c9e-11f1-0a80-14fc0019d7ca,05575,"Футболка Levis Front logo (Черный, 2XL)",Футболки/Levis,1100.0,0.0,True,,https://miniature-prod.moysklad.ru/miniature/87fab22b-93c2-11f0-0a80-04c3000069c0/documentminiature/b55bda10-6bc4-47b1-9211-7b10177e0039
0e7ffa72-6c9e-11f1-0a80-14fc0019d7d3,05576,"Футболка Levis Front logo (Черный, L)",Футболки/Levis,1100.0,0.0,True,,https://miniature-prod.moysklad.ru/miniature/87fab22b-93c2-11f0-0a80-04c3000069c0/documentminiature/b55bda10-6bc4-47b1-9211-7b10177e0039
0e8323f8-6c9e-11f1-0a80-14fc0019d7dc,05577,"Футболка Levis Front logo (Черный, M)",Футболки/Levis,1100.0,0.0,True,,https://miniature-prod.moysklad.ru/miniature/87fab22b-93c2-11f0-0a80-04c3000069c0/documentminiature/b55bda10-6bc4-47b1-9211-7b10177e0039
0e867556-6c9e-11f1-0a80-14fc0019d7e5,05578,"Футболка Levis Front logo (Черный, S)",Футболки/Levis,1100.0,0.0,True,,https://miniature-prod.moysklad.ru/miniature/87fab22b-93c2-11f0-0a80-04c3000069c0/documentminiature/b55bda10-6bc4-47b1-9211-7b10177e0039
0e899771-6c9e-11f1-0a80-14fc0019d7ee,05579,"Футболка Levis Front logo (Черный, XL)",Футболки/Levis,1100.0,0.0,True,,https://miniature-prod.moysklad.ru/miniature/87fab22b-93c2-11f0-0a80-04c3000069c0/documentminiature/b55bda10-6bc4-47b1-9211-7b10177e0039
4b1406d5-95a7-11f1-0a80-144600205e3e,00713,Футболка Levis Kitty,Футболки/Levis,1000.0,0.0,True,,https://miniature-prod.moysklad.ru/miniature/87fab22b-93c2-11f0-0a80-04c3000069c0/documentminiature/ef1583d6-ae39-4ec3-b993-6bac9482e92a
5341997c-95a7-11f1-0a80-18c6001f9de3,05830,"Футболка Levis Kitty (Белый, 2XL)",Футболки/Levis,1000.0,0.0,True,,https://miniature-prod.moysklad.ru/miniature/87fab22b-93c2-11f0-0a80-04c3000069c0/documentminiature/ef1583d6-ae39-4ec3-b993-6bac9482e92a
5346a3c2-95a7-11f1-0a80-18c6001f9dec,05831,"Футболка Levis Kitty (Белый, L)",Футболки/Levis,1000.0,0.0,True,,https://miniature-prod.moysklad.ru/miniature/87fab22b-93c2-11f0-0a80-04c3000069c0/documentminiature/ef1583d6-ae39-4ec3-b993-6bac9482e92a
534a6c11-95a7-11f1-0a80-18c6001f9df5,05832,"Футболка Levis Kitty (Белый, M)",Футболки/Levis,1000.0,0.0,True,,https://miniature-prod.moysklad.ru/miniature/87fab22b-93c2-11f0-0a80-04c3000069c0/documentminiature/ef1583d6-ae39-4ec3-b993-6bac9482e92a
534dc809-95a7-11f1-0a80-18c6001f9dfe,05833,"Футболка Levis Kitty (Белый, S)",Футболки/Levis,1000.0,0.0,True,,https://miniature-prod.moysklad.ru/miniature/87fab22b-93c2-11f0-0a80-04c3000069c0/documentminiature/ef1583d6-ae39-4ec3-b993-6bac9482e92a
535191f5-95a7-11f1-0a80-18c6001f9e07,05834,"Футболка Levis Kitty (Белый, XL)",Футболки/Levis,1000.0,0.0,True,,https://miniature-prod.moysklad.ru/miniature/87fab22b-93c2-11f0-0a80-04c3000069c0/documentminiature/ef1583d6-ae39-4ec3-b993-6bac9482e92a
999112e2-814f-11f1-0a80-0f9a0000fdfe,00707,Футболка Levis Бандана,Футболки/Levis,1000.0,0.0,True,,https://miniature-prod.moysklad.ru/miniature/87fab22b-93c2-11f0-0a80-04c3000069c0/documentminiature/976091c5-36cc-4739-b39b-34fac78c228c
a2c5cac8-814f-11f1-0a80-1846000129a7,05800,"Футболка Levis Бандана (Белый, 2XL)",Футболки/Levis,1000.0,0.0,True,,https://miniature-prod.moysklad.ru/miniature/87fab22b-93c2-11f0-0a80-04c3000069c0/documentminiature/976091c5-36cc-4739-b39b-34fac78c228c
a2c94d73-814f-11f1-0a80-1846000129b0,05801,"Футболка Levis Бандана (Белый, L)",Футболки/Levis,1000.0,0.0,True,,https://miniature-prod.moysklad.ru/miniature/87fab22b-93c2-11f0-0a80-04c3000069c0/documentminiature/976091c5-36cc-4739-b39b-34fac78c228c
a2cc68db-814f-11f1-0a80-1846000129b9,05802,"Футболка Levis Бандана (Белый, M)",Футболки/Levis,1000.0,-1.0,True,,https://miniature-prod.moysklad.ru/miniature/87fab22b-93c2-11f0-0a80-04c3000069c0/documentminiature/976091c5-36cc-4739-b39b-34fac78c228c
a2cfae89-814f-11f1-0a80-1846000129c2,05803,"Футболка Levis Бандана (Белый, S)",Футболки/Levis,1000.0,0.0,True,,https://miniature-prod.moysklad.ru/miniature/87fab22b-93c2-11f0-0a80-04c3000069c0/documentminiature/976091c5-36cc-4739-b39b-34fac78c228c
a2d39c4e-814f-11f1-0a80-1846000129cb,05804,"Футболка Levis Бандана (Белый, XL)",Футболки/Levis,1000.0,0.0,True,,https://miniature-prod.moysklad.ru/miniature/87fab22b-93c2-11f0-0a80-04c3000069c0/documentminiature/976091c5-36cc-4739-b39b-34fac78c228c
07d1137d-95a7-11f1-0a80-144600205e22,00711,Футболка Levis хохлома,Футболки/Levis,1000.0,0.0,True,,https://miniature-prod.moysklad.ru/miniature/87fab22b-93c2-11f0-0a80-04c3000069c0/documentminiature/057dcd19-2dd3-4749-8ffb-86c30a95a3d6
18857043-95a7-11f1-0a80-1b2800201bf6,05820,"Футболка Levis хохлома (2XL, Белый)",Футболки/Levis,1000.0,0.0,True,,https://miniature-prod.moysklad.ru/miniature/87fab22b-93c2-11f0-0a80-04c3000069c0/documentminiature/057dcd19-2dd3-4749-8ffb-86c30a95a3d6
188ac597-95a7-11f1-0a80-1b2800201bff,05821,"Футболка Levis хохлома (L, Белый)",Футболки/Levis,1000.0,0.0,True,,https://miniature-prod.moysklad.ru/miniature/87fab22b-93c2-11f0-0a80-04c3000069c0/documentminiature/057dcd19-2dd3-4749-8ffb-86c30a95a3d6
188e82b6-95a7-11f1-0a80-1b2800201c08,05822,"Футболка Levis хохлома (M, Белый)",Футболки/Levis,1000.0,0.0,True,,https://miniature-prod.moysklad.ru/miniature/87fab22b-93c2-11f0-0a80-04c3000069c0/documentminiature/057dcd19-2dd3-4749-8ffb-86c30a95a3d6
1891fa9c-95a7-11f1-0a80-1b2800201c11,05823,"Футболка Levis хохлома (S, Белый)",Футболки/Levis,1000.0,0.0,True,,https://miniature-prod.moysklad.ru/miniature/87fab22b-93c2-11f0-0a80-04c3000069c0/documentminiature/057dcd19-2dd3-4749-8ffb-86c30a95a3d6
18951ec0-95a7-11f1-0a80-1b2800201c1a,05824,"Футболка Levis хохлома (XL, Белый)",Футболки/Levis,1000.0,0.0,True,,https://miniature-prod.moysklad.ru/miniature/87fab22b-93c2-11f0-0a80-04c3000069c0/documentminiature/057dcd19-2dd3-4749-8ffb-86c30a95a3d6
4706b981-9657-11f0-0a80-19dd001d74a7,00063,Футболка Maison Margiela,Футболки/Maison Margiela,1000.0,0.0,True,,https://miniature-prod.moysklad.ru/miniature/87fab22b-93c2-11f0-0a80-04c3000069c0/documentminiature/7866cfb9-f40e-4cf4-ba83-f2f37ed9f966
979069eb-9657-11f0-0a80-090b001c1b34,00064,Футболка Maison Margiela,Футболки/Maison Margiela,1000.0,0.0,True,,https://miniature-prod.moysklad.ru/miniature/87fab22b-93c2-11f0-0a80-04c3000069c0/documentminiature/6a058a19-d447-4713-bf86-3fa0e9324cd2
27576efe-9658-11f0-0a80-187f001df3bf,00068,Футболка Maison Margiela,Футболки/Maison Margiela,1000.0,0.0,True,,https://miniature-prod.moysklad.ru/miniature/87fab22b-93c2-11f0-0a80-04c3000069c0/documentminiature/d1a0f2bb-e6b5-48e9-87ea-d2c8346f46b6
5a33939c-9658-11f0-0a80-0f42001d5e07,00069,Футболка Maison Margiela,Футболки/Maison Margiela,1000.0,0.0,True,,https://miniature-prod.moysklad.ru/miniature/87fab22b-93c2-11f0-0a80-04c3000069c0/documentminiature/8d412ea9-0adc-4541-9f52-948dffdbc17c
991f984c-9658-11f0-0a80-0844001d0545,00072,Футболка Maison Margiela,Футболки/Maison Margiela,1000.0,0.0,True,,https://miniature-prod.moysklad.ru/miniature/87fab22b-93c2-11f0-0a80-04c3000069c0/documentminiature/46a68469-122a-4c57-a0df-8e431c0903ec
c38c5f99-9658-11f0-0a80-187f001df66f,00074,Футболка Maison Margiela,Футболки/Maison Margiela,1000.0,0.0,True,,https://miniature-prod.moysklad.ru/miniature/87fab22b-93c2-11f0-0a80-04c3000069c0/documentminiature/d63e91d0-62ab-4b48-be2e-f6cec6031a58
1c33dafc-965a-11f0-0a80-187f001e0012,00088,Футболка Maison Margiela,Футболки/Maison Margiela,1000.0,0.0,True,,https://miniature-prod.moysklad.ru/miniature/87fab22b-93c2-11f0-0a80-04c3000069c0/documentminiature/49672ab9-f4d6-4f55-a03d-8e6c9ec1cf06
7a1257b2-4ee7-11f1-0a80-1acf00001342,00324,Футболка Maison Margiela,Футболки/Maison Margiela,1000.0,0.0,True,,https://miniature-prod.moysklad.ru/miniature/87fab22b-93c2-11f0-0a80-04c3000069c0/documentminiature/bb54e1f4-b871-498b-a96a-1447b088e37c
987ce92e-4ee7-11f1-0a80-1c97000015c7,00325,Футболка Maison Margiela,Футболки/Maison Margiela,1000.0,0.0,True,,https://miniature-prod.moysklad.ru/miniature/87fab22b-93c2-11f0-0a80-04c3000069c0/documentminiature/c70be4c8-bc71-427d-ac1a-ff108378d5c3
f84e1005-4ee8-11f1-0a80-17d000001f6e,00326,Футболка Maison Margiela,Футболки/Maison Margiela,1000.0,0.0,True,,https://miniature-prod.moysklad.ru/miniature/87fab22b-93c2-11f0-0a80-04c3000069c0/documentminiature/71788926-a813-4f7f-ad1c-8b288a257a46
f19ef1c1-4f9a-11f1-0a80-105d00128918,00327,Футболка Maison Margiela,Футболки/Maison Margiela,1000.0,0.0,True,,https://miniature-prod.moysklad.ru/miniature/87fab22b-93c2-11f0-0a80-04c3000069c0/documentminiature/2471d7d0-8e9a-435b-96ea-da343bf2af8c
9cc476e6-4f9b-11f1-0a80-07550013582d,00328,Футболка Maison Margiela,Футболки/Maison Margiela,1000.0,0.0,True,,https://miniature-prod.moysklad.ru/miniature/87fab22b-93c2-11f0-0a80-04c3000069c0/documentminiature/d33a0c04-e83e-45f6-a368-25ea4fea6824
515252e4-9657-11f0-0a80-0efd001d91af,00580,"Футболка Maison Margiela (Белый, 2XL)",Футболки/Maison Margiela,1000.0,0.0,True,,https://miniature-prod.moysklad.ru/miniature/87fab22b-93c2-11f0-0a80-04c3000069c0/documentminiature/7866cfb9-f40e-4cf4-ba83-f2f37ed9f966
a5278575-9657-11f0-0a80-0729001de8b1,00594,"Футболка Maison Margiela (Белый, 2XL)",Футболки/Maison Margiela,1000.0,0.0,True,,https://miniature-prod.moysklad.ru/miniature/87fab22b-93c2-11f0-0a80-04c3000069c0/documentminiature/6a058a19-d447-4713-bf86-3fa0e9324cd2
331fde8f-9658-11f0-0a80-1bbe001c8840,00632,"Футболка Maison Margiela (Белый, 2XL)",Футболки/Maison Margiela,1000.0,0.0,True,,https://miniature-prod.moysklad.ru/miniature/87fab22b-93c2-11f0-0a80-04c3000069c0/documentminiature/d1a0f2bb-e6b5-48e9-87ea-d2c8346f46b6
63509cfb-9658-11f0-0a80-0729001dedba,00639,"Футболка Maison Margiela (Белый, 2XL)",Футболки/Maison Margiela,1000.0,0.0,True,,https://miniature-prod.moysklad.ru/miniature/87fab22b-93c2-11f0-0a80-04c3000069c0/documentminiature/8d412ea9-0adc-4541-9f52-948dffdbc17c
a434f388-9658-11f0-0a80-1bbe001c8a88,00656,"Футболка Maison Margiela (Белый, 2XL)",Футболки/Maison Margiela,1000.0,0.0,True,,https://miniature-prod.moysklad.ru/miniature/87fab22b-93c2-11f0-0a80-04c3000069c0/documentminiature/46a68469-122a-4c57-a0df-8e431c0903ec
cf4de8b1-9658-11f0-0a80-0844001d063c,00668,"Футболка Maison Margiela (Белый, 2XL)",Футболки/Maison Margiela,1000.0,0.0,True,,https://miniature-prod.moysklad.ru/miniature/87fab22b-93c2-11f0-0a80-04c3000069c0/documentminiature/d63e91d0-62ab-4b48-be2e-f6cec6031a58
2e6ff22e-965a-11f0-0a80-17d5001dab25,00789,"Футболка Maison Margiela (Белый, 2XL)",Футболки/Maison Margiela,1000.0,0.0,True,,https://miniature-prod.moysklad.ru/miniature/87fab22b-93c2-11f0-0a80-04c3000069c0/documentminiature/49672ab9-f4d6-4f55-a03d-8e6c9ec1cf06
8142acf9-4ee7-11f1-0a80-056700000de6,02520,"Футболка Maison Margiela (Белый, 2XL)",Футболки/Maison Margiela,1000.0,0.0,True,,https://miniature-prod.moysklad.ru/miniature/87fab22b-93c2-11f0-0a80-04c3000069c0/documentminiature/bb54e1f4-b871-498b-a96a-1447b088e37c
0379915d-4ee9-11f1-0a80-1acf000020f5,02530,"Футболка Maison Margiela (Белый, 2XL)",Футболки/Maison Margiela,1000.0,0.0,True,,https://miniature-prod.moysklad.ru/miniature/87fab22b-93c2-11f0-0a80-04c3000069c0/documentminiature/71788926-a813-4f7f-ad1c-8b288a257a46
a5b7e119-4f9b-11f1-0a80-0c4e001290d2,02540,"Футболка Maison Margiela (Белый, 2XL)",Футболки/Maison Margiela,1000.0,0.0,True,,https://miniature-prod.moysklad.ru/miniature/87fab22b-93c2-11f0-0a80-04c3000069c0/documentminiature/d33a0c04-e83e-45f6-a368-25ea4fea6824
5154fd1f-9657-11f0-0a80-0efd001d91b6,00581,"Футболка Maison Margiela (Белый, L)",Футболки/Maison Margiela,1000.0,0.0,True,,https://miniature-prod.moysklad.ru/miniature/87fab22b-93c2-11f0-0a80-04c3000069c0/documentminiature/7866cfb9-f40e-4cf4-ba83-f2f37ed9f966
a52b905b-9657-11f0-0a80-0729001de8b8,00595,"Футболка Maison Margiela (Белый, L)",Футболки/Maison Margiela,1000.0,0.0,True,,https://miniature-prod.moysklad.ru/miniature/87fab22b-93c2-11f0-0a80-04c3000069c0/documentminiature/6a058a19-d447-4713-bf86-3fa0e9324cd2
33224f40-9658-11f0-0a80-1bbe001c8847,00633,"Футболка Maison Margiela (Белый, L)",Футболки/Maison Margiela,1000.0,0.0,True,,https://miniature-prod.moysklad.ru/miniature/87fab22b-93c2-11f0-0a80-04c3000069c0/documentminiature/d1a0f2bb-e6b5-48e9-87ea-d2c8346f46b6
635333d0-9658-11f0-0a80-0729001dedc1,00640,"Футболка Maison Margiela (Белый, L)",Футболки/Maison Margiela,1000.0,0.0,True,,https://miniature-prod.moysklad.ru/miniature/87fab22b-93c2-11f0-0a80-04c3000069c0/documentminiature/8d412ea9-0adc-4541-9f52-948dffdbc17c
a4391ac9-9658-11f0-0a80-1bbe001c8a8f,00657,"Футболка Maison Margiela (Белый, L)",Футболки/Maison Margiela,1000.0,0.0,True,,https://miniature-prod.moysklad.ru/miniature/87fab22b-93c2-11f0-0a80-04c3000069c0/documentminiature/46a68469-122a-4c57-a0df-8e431c0903ec
cf5149de-9658-11f0-0a80-0844001d0643,00669,"Футболка Maison Margiela (Белый, L)",Футболки/Maison Margiela,1000.0,0.0,True,,https://miniature-prod.moysklad.ru/miniature/87fab22b-93c2-11f0-0a80-04c3000069c0/documentminiature/d63e91d0-62ab-4b48-be2e-f6cec6031a58
2e725f90-965a-11f0-0a80-17d5001dab2c,00790,"Футболка Maison Margiela (Белый, L)",Футболки/Maison Margiela,1000.0,0.0,True,,https://miniature-prod.moysklad.ru/miniature/87fab22b-93c2-11f0-0a80-04c3000069c0/documentminiature/49672ab9-f4d6-4f55-a03d-8e6c9ec1cf06
81471d4b-4ee7-11f1-0a80-056700000def,02521,"Футболка Maison Margiela (Белый, L)",Футболки/Maison Margiela,1000.0,0.0,True,,https://miniature-prod.moysklad.ru/miniature/87fab22b-93c2-11f0-0a80-04c3000069c0/documentminiature/bb54e1f4-b871-498b-a96a-1447b088e37c
037f84ff-4ee9-11f1-0a80-1acf000020fe,02531,"Футболка Maison Margiela (Белый, L)",Футболки/Maison Margiela,1000.0,0.0,True,,https://miniature-prod.moysklad.ru/miniature/87fab22b-93c2-11f0-0a80-04c3000069c0/documentminiature/71788926-a813-4f7f-ad1c-8b288a257a46
a5bb9206-4f9b-11f1-0a80-0c4e001290db,02541,"Футболка Maison Margiela (Белый, L)",Футболки/Maison Margiela,1000.0,0.0,True,,https://miniature-prod.moysklad.ru/miniature/87fab22b-93c2-11f0-0a80-04c3000069c0/documentminiature/d33a0c04-e83e-45f6-a368-25ea4fea6824
51571129-9657-11f0-0a80-0efd001d91bd,00582,"Футболка Maison Margiela (Белый, M)",Футболки/Maison Margiela,1000.0,0.0,True,,https://miniature-prod.moysklad.ru/miniature/87fab22b-93c2-11f0-0a80-04c3000069c0/documentminiature/7866cfb9-f40e-4cf4-ba83-f2f37ed9f966
a52ebbf8-9657-11f0-0a80-0729001de8bf,00596,"Футболка Maison Margiela (Белый, M)",Футболки/Maison Margiela,1000.0,0.0,True,,https://miniature-prod.moysklad.ru/miniature/87fab22b-93c2-11f0-0a80-04c3000069c0/documentminiature/6a058a19-d447-4713-bf86-3fa0e9324cd2
3324850d-9658-11f0-0a80-1bbe001c884e,00634,"Футболка Maison Margiela (Белый, M)",Футболки/Maison Margiela,1000.0,0.0,True,,https://miniature-prod.moysklad.ru/miniature/87fab22b-93c2-11f0-0a80-04c3000069c0/documentminiature/d1a0f2bb-e6b5-48e9-87ea-d2c8346f46b6
63559978-9658-11f0-0a80-0729001dedc8,00641,"Футболка Maison Margiela (Белый, M)",Футболки/Maison Margiela,1000.0,0.0,True,,https://miniature-prod.moysklad.ru/miniature/87fab22b-93c2-11f0-0a80-04c3000069c0/documentminiature/8d412ea9-0adc-4541-9f52-948dffdbc17c
a43b5f9c-9658-11f0-0a80-1bbe001c8a96,00658,"Футболка Maison Margiela (Белый, M)",Футболки/Maison Margiela,1000.0,0.0,True,,https://miniature-prod.moysklad.ru/miniature/87fab22b-93c2-11f0-0a80-04c3000069c0/documentminiature/46a68469-122a-4c57-a0df-8e431c0903ec
cf5510f3-9658-11f0-0a80-0844001d064a,00670,"Футболка Maison Margiela (Белый, M)",Футболки/Maison Margiela,1000.0,0.0,True,,https://miniature-prod.moysklad.ru/miniature/87fab22b-93c2-11f0-0a80-04c3000069c0/documentminiature/d63e91d0-62ab-4b48-be2e-f6cec6031a58
2e751501-965a-11f0-0a80-17d5001dab33,00791,"Футболка Maison Margiela (Белый, M)",Футболки/Maison Margiela,1000.0,0.0,True,,https://miniature-prod.moysklad.ru/miniature/87fab22b-93c2-11f0-0a80-04c3000069c0/documentminiature/49672ab9-f4d6-4f55-a03d-8e6c9ec1cf06
814b0ecc-4ee7-11f1-0a80-056700000df8,02522,"Футболка Maison Margiela (Белый, M)",Футболки/Maison Margiela,1000.0,0.0,True,,https://miniature-prod.moysklad.ru/miniature/87fab22b-93c2-11f0-0a80-04c3000069c0/documentminiature/bb54e1f4-b871-498b-a96a-1447b088e37c
0384d105-4ee9-11f1-0a80-1acf00002107,02532,"Футболка Maison Margiela (Белый, M)",Футболки/Maison Margiela,1000.0,0.0,True,,https://miniature-prod.moysklad.ru/miniature/87fab22b-93c2-11f0-0a80-04c3000069c0/documentminiature/71788926-a813-4f7f-ad1c-8b288a257a46
a5bf15f2-4f9b-11f1-0a80-0c4e001290e4,02542,"Футболка Maison Margiela (Белый, M)",Футболки/Maison Margiela,1000.0,0.0,True,,https://miniature-prod.moysklad.ru/miniature/87fab22b-93c2-11f0-0a80-04c3000069c0/documentminiature/d33a0c04-e83e-45f6-a368-25ea4fea6824
5159424c-9657-11f0-0a80-0efd001d91c4,00583,"Футболка Maison Margiela (Белый, S)",Футболки/Maison Margiela,1000.0,0.0,True,,https://miniature-prod.moysklad.ru/miniature/87fab22b-93c2-11f0-0a80-04c3000069c0/documentminiature/7866cfb9-f40e-4cf4-ba83-f2f37ed9f966
a53201ce-9657-11f0-0a80-0729001de8c9,00597,"Футболка Maison Margiela (Белый, S)",Футболки/Maison Margiela,1000.0,0.0,True,,https://miniature-prod.moysklad.ru/miniature/87fab22b-93c2-11f0-0a80-04c3000069c0/documentminiature/6a058a19-d447-4713-bf86-3fa0e9324cd2
3326c948-9658-11f0-0a80-1bbe001c8855,00635,"Футболка Maison Margiela (Белый, S)",Футболки/Maison Margiela,1000.0,0.0,True,,https://miniature-prod.moysklad.ru/miniature/87fab22b-93c2-11f0-0a80-04c3000069c0/documentminiature/d1a0f2bb-e6b5-48e9-87ea-d2c8346f46b6
635869cc-9658-11f0-0a80-0729001dedcf,00642,"Футболка Maison Margiela (Белый, S)",Футболки/Maison Margiela,1000.0,0.0,True,,https://miniature-prod.moysklad.ru/miniature/87fab22b-93c2-11f0-0a80-04c3000069c0/documentminiature/8d412ea9-0adc-4541-9f52-948dffdbc17c
a43d89f0-9658-11f0-0a80-1bbe001c8a9d,00659,"Футболка Maison Margiela (Белый, S)",Футболки/Maison Margiela,1000.0,0.0,True,,https://miniature-prod.moysklad.ru/miniature/87fab22b-93c2-11f0-0a80-04c3000069c0/documentminiature/46a68469-122a-4c57-a0df-8e431c0903ec
cf57f4f4-9658-11f0-0a80-0844001d0651,00671,"Футболка Maison Margiela (Белый, S)",Футболки/Maison Margiela,1000.0,0.0,True,,https://miniature-prod.moysklad.ru/miniature/87fab22b-93c2-11f0-0a80-04c3000069c0/documentminiature/d63e91d0-62ab-4b48-be2e-f6cec6031a58
2e778def-965a-11f0-0a80-17d5001dab3a,00792,"Футболка Maison Margiela (Белый, S)",Футболки/Maison Margiela,1000.0,0.0,True,,https://miniature-prod.moysklad.ru/miniature/87fab22b-93c2-11f0-0a80-04c3000069c0/documentminiature/49672ab9-f4d6-4f55-a03d-8e6c9ec1cf06
814e8d30-4ee7-11f1-0a80-056700000e01,02523,"Футболка Maison Margiela (Белый, S)",Футболки/Maison Margiela,1000.0,0.0,True,,https://miniature-prod.moysklad.ru/miniature/87fab22b-93c2-11f0-0a80-04c3000069c0/documentminiature/bb54e1f4-b871-498b-a96a-1447b088e37c
038ab484-4ee9-11f1-0a80-1acf00002110,02533,"Футболка Maison Margiela (Белый, S)",Футболки/Maison Margiela,1000.0,0.0,True,,https://miniature-prod.moysklad.ru/miniature/87fab22b-93c2-11f0-0a80-04c3000069c0/documentminiature/71788926-a813-4f7f-ad1c-8b288a257a46
a5c27db3-4f9b-11f1-0a80-0c4e001290ed,02543,"Футболка Maison Margiela (Белый, S)",Футболки/Maison Margiela,1000.0,-1.0,True,,https://miniature-prod.moysklad.ru/miniature/87fab22b-93c2-11f0-0a80-04c3000069c0/documentminiature/d33a0c04-e83e-45f6-a368-25ea4fea6824
515b44b3-9657-11f0-0a80-0efd001d91cb,00584,"Футболка Maison Margiela (Белый, XL)",Футболки/Maison Margiela,1000.0,0.0,True,,https://miniature-prod.moysklad.ru/miniature/87fab22b-93c2-11f0-0a80-04c3000069c0/documentminiature/7866cfb9-f40e-4cf4-ba83-f2f37ed9f966
a534ca9b-9657-11f0-0a80-0729001de8d0,00598,"Футболка Maison Margiela (Белый, XL)",Футболки/Maison Margiela,1000.0,0.0,True,,https://miniature-prod.moysklad.ru/miniature/87fab22b-93c2-11f0-0a80-04c3000069c0/documentminiature/6a058a19-d447-4713-bf86-3fa0e9324cd2
3328b163-9658-11f0-0a80-1bbe001c885c,00636,"Футболка Maison Margiela (Белый, XL)",Футболки/Maison Margiela,1000.0,0.0,True,,https://miniature-prod.moysklad.ru/miniature/87fab22b-93c2-11f0-0a80-04c3000069c0/documentminiature/d1a0f2bb-e6b5-48e9-87ea-d2c8346f46b6
635b061f-9658-11f0-0a80-0729001dedd6,00643,"Футболка Maison Margiela (Белый, XL)",Футболки/Maison Margiela,1000.0,0.0,True,,https://miniature-prod.moysklad.ru/miniature/87fab22b-93c2-11f0-0a80-04c3000069c0/documentminiature/8d412ea9-0adc-4541-9f52-948dffdbc17c
a43ff22f-9658-11f0-0a80-1bbe001c8aa4,00660,"Футболка Maison Margiela (Белый, XL)",Футболки/Maison Margiela,1000.0,0.0,True,,https://miniature-prod.moysklad.ru/miniature/87fab22b-93c2-11f0-0a80-04c3000069c0/documentminiature/46a68469-122a-4c57-a0df-8e431c0903ec
cf5aedfd-9658-11f0-0a80-0844001d0658,00672,"Футболка Maison Margiela (Белый, XL)",Футболки/Maison Margiela,1000.0,0.0,True,,https://miniature-prod.moysklad.ru/miniature/87fab22b-93c2-11f0-0a80-04c3000069c0/documentminiature/d63e91d0-62ab-4b48-be2e-f6cec6031a58
2e79f690-965a-11f0-0a80-17d5001dab41,00793,"Футболка Maison Margiela (Белый, XL)",Футболки/Maison Margiela,1000.0,0.0,True,,https://miniature-prod.moysklad.ru/miniature/87fab22b-93c2-11f0-0a80-04c3000069c0/documentminiature/49672ab9-f4d6-4f55-a03d-8e6c9ec1cf06
8151ad19-4ee7-11f1-0a80-056700000e0a,02524,"Футболка Maison Margiela (Белый, XL)",Футболки/Maison Margiela,1000.0,0.0,True,,https://miniature-prod.moysklad.ru/miniature/87fab22b-93c2-11f0-0a80-04c3000069c0/documentminiature/bb54e1f4-b871-498b-a96a-1447b088e37c
038fbad3-4ee9-11f1-0a80-1acf00002119,02534,"Футболка Maison Margiela (Белый, XL)",Футболки/Maison Margiela,1000.0,0.0,True,,https://miniature-prod.moysklad.ru/miniature/87fab22b-93c2-11f0-0a80-04c3000069c0/documentminiature/71788926-a813-4f7f-ad1c-8b288a257a46
a5c640cb-4f9b-11f1-0a80-0c4e001290f6,02544,"Футболка Maison Margiela (Белый, XL)",Футболки/Maison Margiela,1000.0,0.0,True,,https://miniature-prod.moysklad.ru/miniature/87fab22b-93c2-11f0-0a80-04c3000069c0/documentminiature/d33a0c04-e83e-45f6-a368-25ea4fea6824
515d42dc-9657-11f0-0a80-0efd001d91d2,00585,"Футболка Maison Margiela (Белый, XS)",Футболки/Maison Margiela,1000.0,0.0,True,,https://miniature-prod.moysklad.ru/miniature/87fab22b-93c2-11f0-0a80-04c3000069c0/documentminiature/7866cfb9-f40e-4cf4-ba83-f2f37ed9f966
332aa47d-9658-11f0-0a80-1bbe001c8863,00637,"Футболка Maison Margiela (Белый, XS)",Футболки/Maison Margiela,1000.0,0.0,True,,https://miniature-prod.moysklad.ru/miniature/87fab22b-93c2-11f0-0a80-04c3000069c0/documentminiature/d1a0f2bb-e6b5-48e9-87ea-d2c8346f46b6
635dc1d8-9658-11f0-0a80-0729001deddd,00644,"Футболка Maison Margiela (Белый, XS)",Футболки/Maison Margiela,1000.0,0.0,True,,https://miniature-prod.moysklad.ru/miniature/87fab22b-93c2-11f0-0a80-04c3000069c0/documentminiature/8d412ea9-0adc-4541-9f52-948dffdbc17c
a44211f2-9658-11f0-0a80-1bbe001c8aab,00661,"Футболка Maison Margiela (Белый, XS)",Футболки/Maison Margiela,1000.0,0.0,True,,https://miniature-prod.moysklad.ru/miniature/87fab22b-93c2-11f0-0a80-04c3000069c0/documentminiature/46a68469-122a-4c57-a0df-8e431c0903ec
cf5d67f6-9658-11f0-0a80-0844001d065f,00673,"Футболка Maison Margiela (Белый, XS)",Футболки/Maison Margiela,1000.0,0.0,True,,https://miniature-prod.moysklad.ru/miniature/87fab22b-93c2-11f0-0a80-04c3000069c0/documentminiature/d63e91d0-62ab-4b48-be2e-f6cec6031a58
2e7c83ef-965a-11f0-0a80-17d5001dab48,00794,"Футболка Maison Margiela (Белый, XS)",Футболки/Maison Margiela,1000.0,0.0,True,,https://miniature-prod.moysklad.ru/miniature/87fab22b-93c2-11f0-0a80-04c3000069c0/documentminiature/49672ab9-f4d6-4f55-a03d-8e6c9ec1cf06
515f3b2d-9657-11f0-0a80-0efd001d91d9,00586,"Футболка Maison Margiela (Белый, XXS)",Футболки/Maison Margiela,1000.0,0.0,True,,https://miniature-prod.moysklad.ru/miniature/87fab22b-93c2-11f0-0a80-04c3000069c0/documentminiature/7866cfb9-f40e-4cf4-ba83-f2f37ed9f966
a53aa384-9657-11f0-0a80-0729001de8de,00600,"Футболка Maison Margiela (Белый, XXS)",Футболки/Maison Margiela,1000.0,0.0,True,,https://miniature-prod.moysklad.ru/miniature/87fab22b-93c2-11f0-0a80-04c3000069c0/documentminiature/6a058a19-d447-4713-bf86-3fa0e9324cd2
332c873e-9658-11f0-0a80-1bbe001c886a,00638,"Футболка Maison Margiela (Белый, XXS)",Футболки/Maison Margiela,1000.0,0.0,True,,https://miniature-prod.moysklad.ru/miniature/87fab22b-93c2-11f0-0a80-04c3000069c0/documentminiature/d1a0f2bb-e6b5-48e9-87ea-d2c8346f46b6
6360380b-9658-11f0-0a80-0729001dede4,00645,"Футболка Maison Margiela (Белый, XXS)",Футболки/Maison Margiela,1000.0,0.0,True,,https://miniature-prod.moysklad.ru/miniature/87fab22b-93c2-11f0-0a80-04c3000069c0/documentminiature/8d412ea9-0adc-4541-9f52-948dffdbc17c
a444c1b7-9658-11f0-0a80-1bbe001c8ab2,00662,"Футболка Maison Margiela (Белый, XXS)",Футболки/Maison Margiela,1000.0,0.0,True,,https://miniature-prod.moysklad.ru/miniature/87fab22b-93c2-11f0-0a80-04c3000069c0/documentminiature/46a68469-122a-4c57-a0df-8e431c0903ec
cf5fb178-9658-11f0-0a80-0844001d0666,00674,"Футболка Maison Margiela (Белый, XXS)",Футболки/Maison Margiela,1000.0,0.0,True,,https://miniature-prod.moysklad.ru/miniature/87fab22b-93c2-11f0-0a80-04c3000069c0/documentminiature/d63e91d0-62ab-4b48-be2e-f6cec6031a58
2e7f0df6-965a-11f0-0a80-17d5001dab4f,00795,"Футболка Maison Margiela (Белый, XXS)",Футболки/Maison Margiela,1000.0,0.0,True,,https://miniature-prod.moysklad.ru/miniature/87fab22b-93c2-11f0-0a80-04c3000069c0/documentminiature/49672ab9-f4d6-4f55-a03d-8e6c9ec1cf06
a537fef9-9657-11f0-0a80-0729001de8d7,00599,"Футболка Maison Margiela (Белый, l)",Футболки/Maison Margiela,1000.0,0.0,True,,https://miniature-prod.moysklad.ru/miniature/87fab22b-93c2-11f0-0a80-04c3000069c0/documentminiature/6a058a19-d447-4713-bf86-3fa0e9324cd2
516132c8-9657-11f0-0a80-0efd001d91e0,00587,"Футболка Maison Margiela (Черный, 2XL)",Футболки/Maison Margiela,1000.0,0.0,True,,https://miniature-prod.moysklad.ru/miniature/87fab22b-93c2-11f0-0a80-04c3000069c0/documentminiature/7866cfb9-f40e-4cf4-ba83-f2f37ed9f966
a53e0ed1-9657-11f0-0a80-0729001de8e5,00601,"Футболка Maison Margiela (Черный, 2XL)",Футболки/Maison Margiela,1000.0,0.0,True,,https://miniature-prod.moysklad.ru/miniature/87fab22b-93c2-11f0-0a80-04c3000069c0/documentminiature/6a058a19-d447-4713-bf86-3fa0e9324cd2
2e81b376-965a-11f0-0a80-17d5001dab56,00796,"Футболка Maison Margiela (Черный, 2XL)",Футболки/Maison Margiela,1000.0,0.0,True,,https://miniature-prod.moysklad.ru/miniature/87fab22b-93c2-11f0-0a80-04c3000069c0/documentminiature/49672ab9-f4d6-4f55-a03d-8e6c9ec1cf06
a36a74c2-4ee7-11f1-0a80-0c4e000016e1,02525,"Футболка Maison Margiela (Черный, 2XL)",Футболки/Maison Margiela,1000.0,0.0,True,,https://miniature-prod.moysklad.ru/miniature/87fab22b-93c2-11f0-0a80-04c3000069c0/documentminiature/c70be4c8-bc71-427d-ac1a-ff108378d5c3
fbb4bb5f-4f9a-11f1-0a80-13470012bad2,02535,"Футболка Maison Margiela (Черный, 2XL)",Футболки/Maison Margiela,1000.0,0.0,True,,https://miniature-prod.moysklad.ru/miniature/87fab22b-93c2-11f0-0a80-04c3000069c0/documentminiature/2471d7d0-8e9a-435b-96ea-da343bf2af8c
51631362-9657-11f0-0a80-0efd001d91e7,00588,"Футболка Maison Margiela (Черный, L)",Футболки/Maison Margiela,1000.0,0.0,True,,https://miniature-prod.moysklad.ru/miniature/87fab22b-93c2-11f0-0a80-04c3000069c0/documentminiature/7866cfb9-f40e-4cf4-ba83-f2f37ed9f966
a540a964-9657-11f0-0a80-0729001de8ec,00602,"Футболка Maison Margiela (Черный, L)",Футболки/Maison Margiela,1000.0,0.0,True,,https://miniature-prod.moysklad.ru/miniature/87fab22b-93c2-11f0-0a80-04c3000069c0/documentminiature/6a058a19-d447-4713-bf86-3fa0e9324cd2
2e84a001-965a-11f0-0a80-17d5001dab5d,00797,"Футболка Maison Margiela (Черный, L)",Футболки/Maison Margiela,1000.0,1.0,True,,https://miniature-prod.moysklad.ru/miniature/87fab22b-93c2-11f0-0a80-04c3000069c0/documentminiature/49672ab9-f4d6-4f55-a03d-8e6c9ec1cf06
a370936d-4ee7-11f1-0a80-0c4e000016ea,02526,"Футболка Maison Margiela (Черный, L)",Футболки/Maison Margiela,1000.0,0.0,True,,https://miniature-prod.moysklad.ru/miniature/87fab22b-93c2-11f0-0a80-04c3000069c0/documentminiature/c70be4c8-bc71-427d-ac1a-ff108378d5c3
fbba385e-4f9a-11f1-0a80-13470012bae5,02536,"Футболка Maison Margiela (Черный, L)",Футболки/Maison Margiela,1000.0,0.0,True,,https://miniature-prod.moysklad.ru/miniature/87fab22b-93c2-11f0-0a80-04c3000069c0/documentminiature/2471d7d0-8e9a-435b-96ea-da343bf2af8c
5164fb21-9657-11f0-0a80-0efd001d91ee,00589,"Футболка Maison Margiela (Черный, M)",Футболки/Maison Margiela,1000.0,-1.0,True,,https://miniature-prod.moysklad.ru/miniature/87fab22b-93c2-11f0-0a80-04c3000069c0/documentminiature/7866cfb9-f40e-4cf4-ba83-f2f37ed9f966
a5436467-9657-11f0-0a80-0729001de8f3,00603,"Футболка Maison Margiela (Черный, M)",Футболки/Maison Margiela,1000.0,0.0,True,,https://miniature-prod.moysklad.ru/miniature/87fab22b-93c2-11f0-0a80-04c3000069c0/documentminiature/6a058a19-d447-4713-bf86-3fa0e9324cd2
2e876249-965a-11f0-0a80-17d5001dab64,00798,"Футболка Maison Margiela (Черный, M)",Футболки/Maison Margiela,1000.0,0.0,True,,https://miniature-prod.moysklad.ru/miniature/87fab22b-93c2-11f0-0a80-04c3000069c0/documentminiature/49672ab9-f4d6-4f55-a03d-8e6c9ec1cf06
a37621b1-4ee7-11f1-0a80-0c4e000016f3,02527,"Футболка Maison Margiela (Черный, M)",Футболки/Maison Margiela,1000.0,0.0,True,,https://miniature-prod.moysklad.ru/miniature/87fab22b-93c2-11f0-0a80-04c3000069c0/documentminiature/c70be4c8-bc71-427d-ac1a-ff108378d5c3
fbbe7174-4f9a-11f1-0a80-13470012baee,02537,"Футболка Maison Margiela (Черный, M)",Футболки/Maison Margiela,1000.0,0.0,True,,https://miniature-prod.moysklad.ru/miniature/87fab22b-93c2-11f0-0a80-04c3000069c0/documentminiature/2471d7d0-8e9a-435b-96ea-da343bf2af8c
5166d831-9657-11f0-0a80-0efd001d91f5,00590,"Футболка Maison Margiela (Черный, S)",Футболки/Maison Margiela,1000.0,-1.0,True,,https://miniature-prod.moysklad.ru/miniature/87fab22b-93c2-11f0-0a80-04c3000069c0/documentminiature/7866cfb9-f40e-4cf4-ba83-f2f37ed9f966
a5461560-9657-11f0-0a80-0729001de8fa,00604,"Футболка Maison Margiela (Черный, S)",Футболки/Maison Margiela,1000.0,0.0,True,,https://miniature-prod.moysklad.ru/miniature/87fab22b-93c2-11f0-0a80-04c3000069c0/documentminiature/6a058a19-d447-4713-bf86-3fa0e9324cd2
2e8a27c3-965a-11f0-0a80-17d5001dab6b,00799,"Футболка Maison Margiela (Черный, S)",Футболки/Maison Margiela,1000.0,0.0,True,,https://miniature-prod.moysklad.ru/miniature/87fab22b-93c2-11f0-0a80-04c3000069c0/documentminiature/49672ab9-f4d6-4f55-a03d-8e6c9ec1cf06
a37bc9ee-4ee7-11f1-0a80-0c4e000016fc,02528,"Футболка Maison Margiela (Черный, S)",Футболки/Maison Margiela,1000.0,0.0,True,,https://miniature-prod.moysklad.ru/miniature/87fab22b-93c2-11f0-0a80-04c3000069c0/documentminiature/c70be4c8-bc71-427d-ac1a-ff108378d5c3
fbc54b94-4f9a-11f1-0a80-13470012bafd,02538,"Футболка Maison Margiela (Черный, S)",Футболки/Maison Margiela,1000.0,0.0,True,,https://miniature-prod.moysklad.ru/miniature/87fab22b-93c2-11f0-0a80-04c3000069c0/documentminiature/2471d7d0-8e9a-435b-96ea-da343bf2af8c
5168aa06-9657-11f0-0a80-0efd001d91fc,00591,"Футболка Maison Margiela (Черный, XL)",Футболки/Maison Margiela,1000.0,0.0,True,,https://miniature-prod.moysklad.ru/miniature/87fab22b-93c2-11f0-0a80-04c3000069c0/documentminiature/7866cfb9-f40e-4cf4-ba83-f2f37ed9f966
a549349d-9657-11f0-0a80-0729001de901,00605,"Футболка Maison Margiela (Черный, XL)",Футболки/Maison Margiela,1000.0,0.0,True,,https://miniature-prod.moysklad.ru/miniature/87fab22b-93c2-11f0-0a80-04c3000069c0/documentminiature/6a058a19-d447-4713-bf86-3fa0e9324cd2
2e8d0945-965a-11f0-0a80-17d5001dab72,00800,"Футболка Maison Margiela (Черный, XL)",Футболки/Maison Margiela,1000.0,0.0,True,,https://miniature-prod.moysklad.ru/miniature/87fab22b-93c2-11f0-0a80-04c3000069c0/documentminiature/49672ab9-f4d6-4f55-a03d-8e6c9ec1cf06
a3811b8d-4ee7-11f1-0a80-0c4e00001705,02529,"Футболка Maison Margiela (Черный, XL)",Футболки/Maison Margiela,1000.0,0.0,True,,https://miniature-prod.moysklad.ru/miniature/87fab22b-93c2-11f0-0a80-04c3000069c0/documentminiature/c70be4c8-bc71-427d-ac1a-ff108378d5c3
fbca1ac9-4f9a-11f1-0a80-13470012bb06,02539,"Футболка Maison Margiela (Черный, XL)",Футболки/Maison Margiela,1000.0,0.0,True,,https://miniature-prod.moysklad.ru/miniature/87fab22b-93c2-11f0-0a80-04c3000069c0/documentminiature/2471d7d0-8e9a-435b-96ea-da343bf2af8c
516a9382-9657-11f0-0a80-0efd001d9203,00592,"Футболка Maison Margiela (Черный, XS)",Футболки/Maison Margiela,1000.0,0.0,True,,https://miniature-prod.moysklad.ru/miniature/87fab22b-93c2-11f0-0a80-04c3000069c0/documentminiature/7866cfb9-f40e-4cf4-ba83-f2f37ed9f966
a54bd9cc-9657-11f0-0a80-0729001de908,00606,"Футболка Maison Margiela (Черный, XS)",Футболки/Maison Margiela,1000.0,0.0,True,,https://miniature-prod.moysklad.ru/miniature/87fab22b-93c2-11f0-0a80-04c3000069c0/documentminiature/6a058a19-d447-4713-bf86-3fa0e9324cd2
2e8fc310-965a-11f0-0a80-17d5001dab79,00801,"Футболка Maison Margiela (Черный, XS)",Футболки/Maison Margiela,1000.0,0.0,True,,https://miniature-prod.moysklad.ru/miniature/87fab22b-93c2-11f0-0a80-04c3000069c0/documentminiature/49672ab9-f4d6-4f55-a03d-8e6c9ec1cf06
516c7982-9657-11f0-0a80-0efd001d920a,00593,"Футболка Maison Margiela (Черный, XXS)",Футболки/Maison Margiela,1000.0,0.0,True,,https://miniature-prod.moysklad.ru/miniature/87fab22b-93c2-11f0-0a80-04c3000069c0/documentminiature/7866cfb9-f40e-4cf4-ba83-f2f37ed9f966
a54fc108-9657-11f0-0a80-0729001de90f,00607,"Футболка Maison Margiela (Черный, XXS)",Футболки/Maison Margiela,1000.0,0.0,True,,https://miniature-prod.moysklad.ru/miniature/87fab22b-93c2-11f0-0a80-04c3000069c0/documentminiature/6a058a19-d447-4713-bf86-3fa0e9324cd2
2e92b591-965a-11f0-0a80-17d5001dab80,00802,"Футболка Maison Margiela (Черный, XXS)",Футболки/Maison Margiela,1000.0,0.0,True,,https://miniature-prod.moysklad.ru/miniature/87fab22b-93c2-11f0-0a80-04c3000069c0/documentminiature/49672ab9-f4d6-4f55-a03d-8e6c9ec1cf06
084c1257-5ac2-11f1-0a80-10910000332c,00587,Футболка Maison Margiela BAPE,Футболки/Maison Margiela,1100.0,0.0,True,,https://miniature-prod.moysklad.ru/miniature/87fab22b-93c2-11f0-0a80-04c3000069c0/documentminiature/7c0eddbe-729d-4d43-9598-ea5a39d99ad4
11f90c5a-5ac2-11f1-0a80-1091000033f5,04707,"Футболка Maison Margiela BAPE (Серый, 2XL)",Футболки/Maison Margiela,1100.0,0.0,True,,https://miniature-prod.moysklad.ru/miniature/87fab22b-93c2-11f0-0a80-04c3000069c0/documentminiature/7c0eddbe-729d-4d43-9598-ea5a39d99ad4
11fd959a-5ac2-11f1-0a80-1091000033fe,04708,"Футболка Maison Margiela BAPE (Серый, L)",Футболки/Maison Margiela,1100.0,0.0,True,,https://miniature-prod.moysklad.ru/miniature/87fab22b-93c2-11f0-0a80-04c3000069c0/documentminiature/7c0eddbe-729d-4d43-9598-ea5a39d99ad4
1201c30d-5ac2-11f1-0a80-109100003407,04709,"Футболка Maison Margiela BAPE (Серый, M)",Футболки/Maison Margiela,1100.0,1.0,True,,https://miniature-prod.moysklad.ru/miniature/87fab22b-93c2-11f0-0a80-04c3000069c0/documentminiature/7c0eddbe-729d-4d43-9598-ea5a39d99ad4
12053adf-5ac2-11f1-0a80-109100003410,04710,"Футболка Maison Margiela BAPE (Серый, S)",Футболки/Maison Margiela,1100.0,0.0,True,,https://miniature-prod.moysklad.ru/miniature/87fab22b-93c2-11f0-0a80-04c3000069c0/documentminiature/7c0eddbe-729d-4d43-9598-ea5a39d99ad4
1208a7ff-5ac2-11f1-0a80-109100003419,04711,"Футболка Maison Margiela BAPE (Серый, XL)",Футболки/Maison Margiela,1100.0,0.0,True,,https://miniature-prod.moysklad.ru/miniature/87fab22b-93c2-11f0-0a80-04c3000069c0/documentminiature/7c0eddbe-729d-4d43-9598-ea5a39d99ad4
dbb7898f-9658-11f0-0a80-0f42001d5f6a,00076,Футболка Maison Margiela Bubble,Футболки/Maison Margiela,1000.0,0.0,True,,https://miniature-prod.moysklad.ru/miniature/87fab22b-93c2-11f0-0a80-04c3000069c0/documentminiature/05638536-9e9d-4e0b-81ad-a066fa1ccfbd
e6d498c0-9658-11f0-0a80-0cc6001d4acc,00685,"Футболка Maison Margiela Bubble (Белый, 2XL)",Футболки/Maison Margiela,1000.0,0.0,True,,https://miniature-prod.moysklad.ru/miniature/87fab22b-93c2-11f0-0a80-04c3000069c0/documentminiature/05638536-9e9d-4e0b-81ad-a066fa1ccfbd
e6d7805c-9658-11f0-0a80-0cc6001d4ad3,00686,"Футболка Maison Margiela Bubble (Белый, L)",Футболки/Maison Margiela,1000.0,0.0,True,,https://miniature-prod.moysklad.ru/miniature/87fab22b-93c2-11f0-0a80-04c3000069c0/documentminiature/05638536-9e9d-4e0b-81ad-a066fa1ccfbd
e6da3d76-9658-11f0-0a80-0cc6001d4ada,00687,"Футболка Maison Margiela Bubble (Белый, M)",Футболки/Maison Margiela,1000.0,0.0,True,,https://miniature-prod.moysklad.ru/miniature/87fab22b-93c2-11f0-0a80-04c3000069c0/documentminiature/05638536-9e9d-4e0b-81ad-a066fa1ccfbd
e6dd104b-9658-11f0-0a80-0cc6001d4ae1,00688,"Футболка Maison Margiela Bubble (Белый, S)",Футболки/Maison Margiela,1000.0,0.0,True,,https://miniature-prod.moysklad.ru/miniature/87fab22b-93c2-11f0-0a80-04c3000069c0/documentminiature/05638536-9e9d-4e0b-81ad-a066fa1ccfbd
e6dfc1fe-9658-11f0-0a80-0cc6001d4ae8,00689,"Футболка Maison Margiela Bubble (Белый, XL)",Футболки/Maison Margiela,1000.0,0.0,True,,https://miniature-prod.moysklad.ru/miniature/87fab22b-93c2-11f0-0a80-04c3000069c0/documentminiature/05638536-9e9d-4e0b-81ad-a066fa1ccfbd
e6e27c49-9658-11f0-0a80-0cc6001d4aef,00690,"Футболка Maison Margiela Bubble (Белый, XS)",Футболки/Maison Margiela,1000.0,0.0,True,,https://miniature-prod.moysklad.ru/miniature/87fab22b-93c2-11f0-0a80-04c3000069c0/documentminiature/05638536-9e9d-4e0b-81ad-a066fa1ccfbd
e6e584f0-9658-11f0-0a80-0cc6001d4af6,00691,"Футболка Maison Margiela Bubble (Белый, XXS)",Футболки/Maison Margiela,1000.0,0.0,True,,https://miniature-prod.moysklad.ru/miniature/87fab22b-93c2-11f0-0a80-04c3000069c0/documentminiature/05638536-9e9d-4e0b-81ad-a066fa1ccfbd
8f6891e3-9659-11f0-0a80-0159001d4372,00081,Футболка Maison Margiela Heart,Футболки/Maison Margiela,1000.0,0.0,True,,https://miniature-prod.moysklad.ru/miniature/87fab22b-93c2-11f0-0a80-04c3000069c0/documentminiature/899c132c-6cde-4ddc-b439-97c9bc01d81e
97c220f5-9659-11f0-0a80-0efd001d9e8d,00726,"Футболка Maison Margiela Heart (Черный, 2XL)",Футболки/Maison Margiela,1000.0,0.0,True,,https://miniature-prod.moysklad.ru/miniature/87fab22b-93c2-11f0-0a80-04c3000069c0/documentminiature/899c132c-6cde-4ddc-b439-97c9bc01d81e
97c56cff-9659-11f0-0a80-0efd001d9e94,00727,"Футболка Maison Margiela Heart (Черный, L)",Футболки/Maison Margiela,1000.0,0.0,True,,https://miniature-prod.moysklad.ru/miniature/87fab22b-93c2-11f0-0a80-04c3000069c0/documentminiature/899c132c-6cde-4ddc-b439-97c9bc01d81e
97c74ce5-9659-11f0-0a80-0efd001d9e9b,00728,"Футболка Maison Margiela Heart (Черный, M)",Футболки/Maison Margiela,1000.0,0.0,True,,https://miniature-prod.moysklad.ru/miniature/87fab22b-93c2-11f0-0a80-04c3000069c0/documentminiature/899c132c-6cde-4ddc-b439-97c9bc01d81e
97c931a7-9659-11f0-0a80-0efd001d9ea2,00729,"Футболка Maison Margiela Heart (Черный, S)",Футболки/Maison Margiela,1000.0,0.0,True,,https://miniature-prod.moysklad.ru/miniature/87fab22b-93c2-11f0-0a80-04c3000069c0/documentminiature/899c132c-6cde-4ddc-b439-97c9bc01d81e
97caf9bc-9659-11f0-0a80-0efd001d9ea9,00730,"Футболка Maison Margiela Heart (Черный, XL)",Футболки/Maison Margiela,1000.0,0.0,True,,https://miniature-prod.moysklad.ru/miniature/87fab22b-93c2-11f0-0a80-04c3000069c0/documentminiature/899c132c-6cde-4ddc-b439-97c9bc01d81e
97ccdd3b-9659-11f0-0a80-0efd001d9eb0,00731,"Футболка Maison Margiela Heart (Черный, XS)",Футболки/Maison Margiela,1000.0,0.0,True,,https://miniature-prod.moysklad.ru/miniature/87fab22b-93c2-11f0-0a80-04c3000069c0/documentminiature/899c132c-6cde-4ddc-b439-97c9bc01d81e
97cebbcc-9659-11f0-0a80-0efd001d9eb7,00732,"Футболка Maison Margiela Heart (Черный, XXS)",Футболки/Maison Margiela,1000.0,0.0,True,,https://miniature-prod.moysklad.ru/miniature/87fab22b-93c2-11f0-0a80-04c3000069c0/documentminiature/899c132c-6cde-4ddc-b439-97c9bc01d81e
4f68ec2e-965a-11f0-0a80-16d9001da4f1,00090,Футболка Maison Margiela MM6,Футболки/Maison Margiela,1000.0,0.0,True,,https://miniature-prod.moysklad.ru/miniature/87fab22b-93c2-11f0-0a80-04c3000069c0/documentminiature/5d61c3a7-bb20-400a-8ea0-1fa8d79411a5
8a03936d-965a-11f0-0a80-0066001d4fcf,00092,Футболка Maison Margiela MM6,Футболки/Maison Margiela,1000.0,0.0,True,,https://miniature-prod.moysklad.ru/miniature/87fab22b-93c2-11f0-0a80-04c3000069c0/documentminiature/677b7ece-65a4-482c-a970-0205a941be59
a5923926-965a-11f0-0a80-058c001d4867,00093,Футболка Maison Margiela MM6,Футболки/Maison Margiela,1000.0,0.0,True,,https://miniature-prod.moysklad.ru/miniature/87fab22b-93c2-11f0-0a80-04c3000069c0/documentminiature/1c86fd5b-1dbd-4f58-89c4-dce0d9e765a7
932cf18f-965a-11f0-0a80-0df4001d5f59,00825,"Футболка Maison Margiela MM6 (Белый, 2XL)",Футболки/Maison Margiela,1000.0,0.0,True,,https://miniature-prod.moysklad.ru/miniature/87fab22b-93c2-11f0-0a80-04c3000069c0/documentminiature/677b7ece-65a4-482c-a970-0205a941be59
af0fad55-965a-11f0-0a80-0efd001da47a,00832,"Футболка Maison Margiela MM6 (Белый, 2XL)",Футболки/Maison Margiela,1000.0,0.0,True,,https://miniature-prod.moysklad.ru/miniature/87fab22b-93c2-11f0-0a80-04c3000069c0/documentminiature/1c86fd5b-1dbd-4f58-89c4-dce0d9e765a7
932f46e7-965a-11f0-0a80-0df4001d5f60,00826,"Футболка Maison Margiela MM6 (Белый, L)",Футболки/Maison Margiela,1000.0,0.0,True,,https://miniature-prod.moysklad.ru/miniature/87fab22b-93c2-11f0-0a80-04c3000069c0/documentminiature/677b7ece-65a4-482c-a970-0205a941be59
af128989-965a-11f0-0a80-0efd001da481,00833,"Футболка Maison Margiela MM6 (Белый, L)",Футболки/Maison Margiela,1000.0,0.0,True,,https://miniature-prod.moysklad.ru/miniature/87fab22b-93c2-11f0-0a80-04c3000069c0/documentminiature/1c86fd5b-1dbd-4f58-89c4-dce0d9e765a7
9331282c-965a-11f0-0a80-0df4001d5f67,00827,"Футболка Maison Margiela MM6 (Белый, M)",Футболки/Maison Margiela,1000.0,0.0,True,,https://miniature-prod.moysklad.ru/miniature/87fab22b-93c2-11f0-0a80-04c3000069c0/documentminiature/677b7ece-65a4-482c-a970-0205a941be59
af153027-965a-11f0-0a80-0efd001da488,00834,"Футболка Maison Margiela MM6 (Белый, M)",Футболки/Maison Margiela,1000.0,0.0,True,,https://miniature-prod.moysklad.ru/miniature/87fab22b-93c2-11f0-0a80-04c3000069c0/documentminiature/1c86fd5b-1dbd-4f58-89c4-dce0d9e765a7
93331655-965a-11f0-0a80-0df4001d5f6e,00828,"Футболка Maison Margiela MM6 (Белый, S)",Футболки/Maison Margiela,1000.0,0.0,True,,https://miniature-prod.moysklad.ru/miniature/87fab22b-93c2-11f0-0a80-04c3000069c0/documentminiature/677b7ece-65a4-482c-a970-0205a941be59
af17bd12-965a-11f0-0a80-0efd001da48f,00835,"Футболка Maison Margiela MM6 (Белый, S)",Футболки/Maison Margiela,1000.0,0.0,True,,https://miniature-prod.moysklad.ru/miniature/87fab22b-93c2-11f0-0a80-04c3000069c0/documentminiature/1c86fd5b-1dbd-4f58-89c4-dce0d9e765a7
933501b3-965a-11f0-0a80-0df4001d5f75,00829,"Футболка Maison Margiela MM6 (Белый, XL)",Футболки/Maison Margiela,1000.0,0.0,True,,https://miniature-prod.moysklad.ru/miniature/87fab22b-93c2-11f0-0a80-04c3000069c0/documentminiature/677b7ece-65a4-482c-a970-0205a941be59
af1a0e97-965a-11f0-0a80-0efd001da496,00836,"Футболка Maison Margiela MM6 (Белый, XL)",Футболки/Maison Margiela,1000.0,0.0,True,,https://miniature-prod.moysklad.ru/miniature/87fab22b-93c2-11f0-0a80-04c3000069c0/documentminiature/1c86fd5b-1dbd-4f58-89c4-dce0d9e765a7
9336eea5-965a-11f0-0a80-0df4001d5f7d,00830,"Футболка Maison Margiela MM6 (Белый, XS)",Футболки/Maison Margiela,1000.0,0.0,True,,https://miniature-prod.moysklad.ru/miniature/87fab22b-93c2-11f0-0a80-04c3000069c0/documentminiature/677b7ece-65a4-482c-a970-0205a941be59
af1c7248-965a-11f0-0a80-0efd001da49d,00837,"Футболка Maison Margiela MM6 (Белый, XS)",Футболки/Maison Margiela,1000.0,0.0,True,,https://miniature-prod.moysklad.ru/miniature/87fab22b-93c2-11f0-0a80-04c3000069c0/documentminiature/1c86fd5b-1dbd-4f58-89c4-dce0d9e765a7
933938c2-965a-11f0-0a80-0df4001d5f86,00831,"Футболка Maison Margiela MM6 (Белый, XXS)",Футболки/Maison Margiela,1000.0,0.0,True,,https://miniature-prod.moysklad.ru/miniature/87fab22b-93c2-11f0-0a80-04c3000069c0/documentminiature/677b7ece-65a4-482c-a970-0205a941be59
af1ef37b-965a-11f0-0a80-0efd001da4a4,00838,"Футболка Maison Margiela MM6 (Белый, XXS)",Футболки/Maison Margiela,1000.0,0.0,True,,https://miniature-prod.moysklad.ru/miniature/87fab22b-93c2-11f0-0a80-04c3000069c0/documentminiature/1c86fd5b-1dbd-4f58-89c4-dce0d9e765a7
62015d84-965a-11f0-0a80-090b001c25af,00813,"Футболка Maison Margiela MM6 (Черный, 2XL)",Футболки/Maison Margiela,1000.0,0.0,True,,https://miniature-prod.moysklad.ru/miniature/87fab22b-93c2-11f0-0a80-04c3000069c0/documentminiature/5d61c3a7-bb20-400a-8ea0-1fa8d79411a5
6203cd46-965a-11f0-0a80-090b001c25b6,00814,"Футболка Maison Margiela MM6 (Черный, L)",Футболки/Maison Margiela,1000.0,0.0,True,,https://miniature-prod.moysklad.ru/miniature/87fab22b-93c2-11f0-0a80-04c3000069c0/documentminiature/5d61c3a7-bb20-400a-8ea0-1fa8d79411a5
6206d002-965a-11f0-0a80-090b001c25bd,00815,"Футболка Maison Margiela MM6 (Черный, M)",Футболки/Maison Margiela,1000.0,0.0,True,,https://miniature-prod.moysklad.ru/miniature/87fab22b-93c2-11f0-0a80-04c3000069c0/documentminiature/5d61c3a7-bb20-400a-8ea0-1fa8d79411a5
6208a696-965a-11f0-0a80-090b001c25c4,00816,"Футболка Maison Margiela MM6 (Черный, S)",Футболки/Maison Margiela,1000.0,0.0,True,,https://miniature-prod.moysklad.ru/miniature/87fab22b-93c2-11f0-0a80-04c3000069c0/documentminiature/5d61c3a7-bb20-400a-8ea0-1fa8d79411a5
620a7f46-965a-11f0-0a80-090b001c25cb,00817,"Футболка Maison Margiela MM6 (Черный, XL)",Футболки/Maison Margiela,1000.0,0.0,True,,https://miniature-prod.moysklad.ru/miniature/87fab22b-93c2-11f0-0a80-04c3000069c0/documentminiature/5d61c3a7-bb20-400a-8ea0-1fa8d79411a5
620c5fca-965a-11f0-0a80-090b001c25d2,00818,"Футболка Maison Margiela MM6 (Черный, XS)",Футболки/Maison Margiela,1000.0,0.0,True,,https://miniature-prod.moysklad.ru/miniature/87fab22b-93c2-11f0-0a80-04c3000069c0/documentminiature/5d61c3a7-bb20-400a-8ea0-1fa8d79411a5
620e3412-965a-11f0-0a80-090b001c25d9,00819,"Футболка Maison Margiela MM6 (Черный, XXS)",Футболки/Maison Margiela,1000.0,0.0,True,,https://miniature-prod.moysklad.ru/miniature/87fab22b-93c2-11f0-0a80-04c3000069c0/documentminiature/5d61c3a7-bb20-400a-8ea0-1fa8d79411a5
bab12dcd-9659-11f0-0a80-19dd001d82fd,00083,Футболка Maison Margiela Rainbow,Футболки/Maison Margiela,1000.0,0.0,True,,https://miniature-prod.moysklad.ru/miniature/87fab22b-93c2-11f0-0a80-04c3000069c0/documentminiature/28866597-9151-4344-8c0e-b361a97e960f
c5102968-9659-11f0-0a80-0cc6001d4df0,00743,"Футболка Maison Margiela Rainbow (Черный, 2XL)",Футболки/Maison Margiela,1000.0,0.0,True,,https://miniature-prod.moysklad.ru/miniature/87fab22b-93c2-11f0-0a80-04c3000069c0/documentminiature/28866597-9151-4344-8c0e-b361a97e960f
c512edfb-9659-11f0-0a80-0cc6001d4df7,00744,"Футболка Maison Margiela Rainbow (Черный, L)",Футболки/Maison Margiela,1000.0,0.0,True,,https://miniature-prod.moysklad.ru/miniature/87fab22b-93c2-11f0-0a80-04c3000069c0/documentminiature/28866597-9151-4344-8c0e-b361a97e960f
c515737c-9659-11f0-0a80-0cc6001d4dfe,00745,"Футболка Maison Margiela Rainbow (Черный, M)",Футболки/Maison Margiela,1000.0,0.0,True,,https://miniature-prod.moysklad.ru/miniature/87fab22b-93c2-11f0-0a80-04c3000069c0/documentminiature/28866597-9151-4344-8c0e-b361a97e960f
c517f750-9659-11f0-0a80-0cc6001d4e05,00746,"Футболка Maison Margiela Rainbow (Черный, S)",Футболки/Maison Margiela,1000.0,0.0,True,,https://miniature-prod.moysklad.ru/miniature/87fab22b-93c2-11f0-0a80-04c3000069c0/documentminiature/28866597-9151-4344-8c0e-b361a97e960f
c51a7816-9659-11f0-0a80-0cc6001d4e0c,00747,"Футболка Maison Margiela Rainbow (Черный, XL)",Футболки/Maison Margiela,1000.0,0.0,True,,https://miniature-prod.moysklad.ru/miniature/87fab22b-93c2-11f0-0a80-04c3000069c0/documentminiature/28866597-9151-4344-8c0e-b361a97e960f
c51d8428-9659-11f0-0a80-0cc6001d4e13,00748,"Футболка Maison Margiela Rainbow (Черный, XS)",Футболки/Maison Margiela,1000.0,0.0,True,,https://miniature-prod.moysklad.ru/miniature/87fab22b-93c2-11f0-0a80-04c3000069c0/documentminiature/28866597-9151-4344-8c0e-b361a97e960f
c5203020-9659-11f0-0a80-0cc6001d4e1a,00749,"Футболка Maison Margiela Rainbow (Черный, XXS)",Футболки/Maison Margiela,1000.0,0.0,True,,https://miniature-prod.moysklad.ru/miniature/87fab22b-93c2-11f0-0a80-04c3000069c0/documentminiature/28866597-9151-4344-8c0e-b361a97e960f
64a3bd3b-9659-11f0-0a80-19dd001d7dae,00079,Футболка Maison Margiela Slime,Футболки/Maison Margiela,1000.0,0.0,True,,https://miniature-prod.moysklad.ru/miniature/87fab22b-93c2-11f0-0a80-04c3000069c0/documentminiature/7be439b7-96f7-4780-989d-d1ce9ab75679
6f1e31b0-9659-11f0-0a80-0159001d42c7,00714,"Футболка Maison Margiela Slime (Белый, 2XL)",Футболки/Maison Margiela,1000.0,0.0,True,,https://miniature-prod.moysklad.ru/miniature/87fab22b-93c2-11f0-0a80-04c3000069c0/documentminiature/7be439b7-96f7-4780-989d-d1ce9ab75679
6f20d9fa-9659-11f0-0a80-0159001d42ce,00715,"Футболка Maison Margiela Slime (Белый, L)",Футболки/Maison Margiela,1000.0,0.0,True,,https://miniature-prod.moysklad.ru/miniature/87fab22b-93c2-11f0-0a80-04c3000069c0/documentminiature/7be439b7-96f7-4780-989d-d1ce9ab75679
6f23146b-9659-11f0-0a80-0159001d42d5,00716,"Футболка Maison Margiela Slime (Белый, M)",Футболки/Maison Margiela,1000.0,0.0,True,,https://miniature-prod.moysklad.ru/miniature/87fab22b-93c2-11f0-0a80-04c3000069c0/documentminiature/7be439b7-96f7-4780-989d-d1ce9ab75679
6f257a5e-9659-11f0-0a80-0159001d42dc,00717,"Футболка Maison Margiela Slime (Белый, S)",Футболки/Maison Margiela,1000.0,-1.0,True,,https://miniature-prod.moysklad.ru/miniature/87fab22b-93c2-11f0-0a80-04c3000069c0/documentminiature/7be439b7-96f7-4780-989d-d1ce9ab75679
6f27f0a9-9659-11f0-0a80-0159001d42e3,00718,"Футболка Maison Margiela Slime (Белый, XL)",Футболки/Maison Margiela,1000.0,0.0,True,,https://miniature-prod.moysklad.ru/miniature/87fab22b-93c2-11f0-0a80-04c3000069c0/documentminiature/7be439b7-96f7-4780-989d-d1ce9ab75679
6f2aaace-9659-11f0-0a80-0159001d42ea,00719,"Футболка Maison Margiela Slime (Белый, XS)",Футболки/Maison Margiela,1000.0,0.0,True,,https://miniature-prod.moysklad.ru/miniature/87fab22b-93c2-11f0-0a80-04c3000069c0/documentminiature/7be439b7-96f7-4780-989d-d1ce9ab75679
6f2d3d27-9659-11f0-0a80-0159001d42f1,00720,"Футболка Maison Margiela Slime (Белый, XXS)",Футболки/Maison Margiela,1000.0,0.0,True,,https://miniature-prod.moysklad.ru/miniature/87fab22b-93c2-11f0-0a80-04c3000069c0/documentminiature/7be439b7-96f7-4780-989d-d1ce9ab75679
f75f9589-61ac-11f1-0a80-1b9f001c2441,00639,Футболка Maison Margiela x Bape,Футболки/Maison Margiela,1100.0,0.0,True,,https://miniature-prod.moysklad.ru/miniature/87fab22b-93c2-11f0-0a80-04c3000069c0/documentminiature/d5472b29-fa9e-4c8b-800f-a08b718d2547
0ebba04c-61ad-11f1-0a80-1119001bcdc2,05395,"Футболка Maison Margiela x Bape (Серый варенка, 2XL)",Футболки/Maison Margiela,1100.0,0.0,True,,https://miniature-prod.moysklad.ru/miniature/87fab22b-93c2-11f0-0a80-04c3000069c0/documentminiature/d5472b29-fa9e-4c8b-800f-a08b718d2547
0ebeff2d-61ad-11f1-0a80-1119001bcdcb,05396,"Футболка Maison Margiela x Bape (Серый варенка, L)",Футболки/Maison Margiela,1100.0,0.0,True,,https://miniature-prod.moysklad.ru/miniature/87fab22b-93c2-11f0-0a80-04c3000069c0/documentminiature/d5472b29-fa9e-4c8b-800f-a08b718d2547
0ec1a1f3-61ad-11f1-0a80-1119001bcdd4,05397,"Футболка Maison Margiela x Bape (Серый варенка, M)",Футболки/Maison Margiela,1100.0,0.0,True,,https://miniature-prod.moysklad.ru/miniature/87fab22b-93c2-11f0-0a80-04c3000069c0/documentminiature/d5472b29-fa9e-4c8b-800f-a08b718d2547
0ec42626-61ad-11f1-0a80-1119001bcddd,05398,"Футболка Maison Margiela x Bape (Серый варенка, S)",Футболки/Maison Margiela,1100.0,0.0,True,,https://miniature-prod.moysklad.ru/miniature/87fab22b-93c2-11f0-0a80-04c3000069c0/documentminiature/d5472b29-fa9e-4c8b-800f-a08b718d2547
0ec69176-61ad-11f1-0a80-1119001bcde6,05399,"Футболка Maison Margiela x Bape (Серый варенка, XL)",Футболки/Maison Margiela,1100.0,0.0,True,,https://miniature-prod.moysklad.ru/miniature/87fab22b-93c2-11f0-0a80-04c3000069c0/documentminiature/d5472b29-fa9e-4c8b-800f-a08b718d2547
e31d0711-9659-11f0-0a80-0efd001da053,00085,Футболка Maison Margiela x Supreme 6,Футболки/Maison Margiela,1000.0,0.0,True,,https://miniature-prod.moysklad.ru/miniature/87fab22b-93c2-11f0-0a80-04c3000069c0/documentminiature/4558edbe-7a52-4155-a45f-525c79d65d4a
f186a669-9659-11f0-0a80-0729001df493,00755,"Футболка Maison Margiela x Supreme 6 (Белый, 2XL)",Футболки/Maison Margiela,1000.0,0.0,True,,https://miniature-prod.moysklad.ru/miniature/87fab22b-93c2-11f0-0a80-04c3000069c0/documentminiature/4558edbe-7a52-4155-a45f-525c79d65d4a
f1890f50-9659-11f0-0a80-0729001df49a,00756,"Футболка Maison Margiela x Supreme 6 (Белый, L)",Футболки/Maison Margiela,1000.0,0.0,True,,https://miniature-prod.moysklad.ru/miniature/87fab22b-93c2-11f0-0a80-04c3000069c0/documentminiature/4558edbe-7a52-4155-a45f-525c79d65d4a
f18b8bc2-9659-11f0-0a80-0729001df4a1,00757,"Футболка Maison Margiela x Supreme 6 (Белый, M)",Футболки/Maison Margiela,1000.0,0.0,True,,https://miniature-prod.moysklad.ru/miniature/87fab22b-93c2-11f0-0a80-04c3000069c0/documentminiature/4558edbe-7a52-4155-a45f-525c79d65d4a
f18e12d1-9659-11f0-0a80-0729001df4a8,00758,"Футболка Maison Margiela x Supreme 6 (Белый, S)",Футболки/Maison Margiela,1000.0,0.0,True,,https://miniature-prod.moysklad.ru/miniature/87fab22b-93c2-11f0-0a80-04c3000069c0/documentminiature/4558edbe-7a52-4155-a45f-525c79d65d4a
f1907108-9659-11f0-0a80-0729001df4af,00759,"Футболка Maison Margiela x Supreme 6 (Белый, XL)",Футболки/Maison Margiela,1000.0,0.0,True,,https://miniature-prod.moysklad.ru/miniature/87fab22b-93c2-11f0-0a80-04c3000069c0/documentminiature/4558edbe-7a52-4155-a45f-525c79d65d4a
f1937f7a-9659-11f0-0a80-0729001df4b6,00760,"Футболка Maison Margiela x Supreme 6 (Белый, XS)",Футболки/Maison Margiela,1000.0,0.0,True,,https://miniature-prod.moysklad.ru/miniature/87fab22b-93c2-11f0-0a80-04c3000069c0/documentminiature/4558edbe-7a52-4155-a45f-525c79d65d4a
f19646d6-9659-11f0-0a80-0729001df4bd,00761,"Футболка Maison Margiela x Supreme 6 (Белый, XXS)",Футболки/Maison Margiela,1000.0,0.0,True,,https://miniature-prod.moysklad.ru/miniature/87fab22b-93c2-11f0-0a80-04c3000069c0/documentminiature/4558edbe-7a52-4155-a45f-525c79d65d4a
f1986c86-9659-11f0-0a80-0729001df4c4,00762,"Футболка Maison Margiela x Supreme 6 (Черный, 2XL)",Футболки/Maison Margiela,1000.0,0.0,True,,https://miniature-prod.moysklad.ru/miniature/87fab22b-93c2-11f0-0a80-04c3000069c0/documentminiature/4558edbe-7a52-4155-a45f-525c79d65d4a
f19aeaf6-9659-11f0-0a80-0729001df4cb,00763,"Футболка Maison Margiela x Supreme 6 (Черный, L)",Футболки/Maison Margiela,1000.0,0.0,True,,https://miniature-prod.moysklad.ru/miniature/87fab22b-93c2-11f0-0a80-04c3000069c0/documentminiature/4558edbe-7a52-4155-a45f-525c79d65d4a
f19d5721-9659-11f0-0a80-0729001df4d2,00764,"Футболка Maison Margiela x Supreme 6 (Черный, M)",Футболки/Maison Margiela,1000.0,0.0,True,,https://miniature-prod.moysklad.ru/miniature/87fab22b-93c2-11f0-0a80-04c3000069c0/documentminiature/4558edbe-7a52-4155-a45f-525c79d65d4a
f19fa712-9659-11f0-0a80-0729001df4d9,00765,"Футболка Maison Margiela x Supreme 6 (Черный, S)",Футболки/Maison Margiela,1000.0,0.0,True,,https://miniature-prod.moysklad.ru/miniature/87fab22b-93c2-11f0-0a80-04c3000069c0/documentminiature/4558edbe-7a52-4155-a45f-525c79d65d4a
f1a1dde0-9659-11f0-0a80-0729001df4e0,00766,"Футболка Maison Margiela x Supreme 6 (Черный, XL)",Футболки/Maison Margiela,1000.0,0.0,True,,https://miniature-prod.moysklad.ru/miniature/87fab22b-93c2-11f0-0a80-04c3000069c0/documentminiature/4558edbe-7a52-4155-a45f-525c79d65d4a
f1a470c9-9659-11f0-0a80-0729001df4e7,00767,"Футболка Maison Margiela x Supreme 6 (Черный, XS)",Футболки/Maison Margiela,1000.0,0.0,True,,https://miniature-prod.moysklad.ru/miniature/87fab22b-93c2-11f0-0a80-04c3000069c0/documentminiature/4558edbe-7a52-4155-a45f-525c79d65d4a
f1a7cf07-9659-11f0-0a80-0729001df4ee,00768,"Футболка Maison Margiela x Supreme 6 (Черный, XXS)",Футболки/Maison Margiela,1000.0,0.0,True,,https://miniature-prod.moysklad.ru/miniature/87fab22b-93c2-11f0-0a80-04c3000069c0/documentminiature/4558edbe-7a52-4155-a45f-525c79d65d4a
f03aef40-9657-11f0-0a80-1435001d7af2,00066,Футболка Margiela Maison,Футболки/Maison Margiela,1000.0,0.0,True,,https://miniature-prod.moysklad.ru/miniature/87fab22b-93c2-11f0-0a80-04c3000069c0/documentminiature/a0463caa-bba2-4329-b38e-f8efb8538500
fc028b4d-9657-11f0-0a80-1bbe001c85f6,00613,"Футболка Margiela Maison (Белый, 2XL)",Футболки/Maison Margiela,1000.0,0.0,True,,https://miniature-prod.moysklad.ru/miniature/87fab22b-93c2-11f0-0a80-04c3000069c0/documentminiature/a0463caa-bba2-4329-b38e-f8efb8538500
fc0488c3-9657-11f0-0a80-1bbe001c85fd,00614,"Футболка Margiela Maison (Белый, L)",Футболки/Maison Margiela,1000.0,0.0,True,,https://miniature-prod.moysklad.ru/miniature/87fab22b-93c2-11f0-0a80-04c3000069c0/documentminiature/a0463caa-bba2-4329-b38e-f8efb8538500
fc065f10-9657-11f0-0a80-1bbe001c8604,00615,"Футболка Margiela Maison (Белый, M)",Футболки/Maison Margiela,1000.0,0.0,True,,https://miniature-prod.moysklad.ru/miniature/87fab22b-93c2-11f0-0a80-04c3000069c0/documentminiature/a0463caa-bba2-4329-b38e-f8efb8538500
fc0866b6-9657-11f0-0a80-1bbe001c860b,00616,"Футболка Margiela Maison (Белый, S)",Футболки/Maison Margiela,1000.0,0.0,True,,https://miniature-prod.moysklad.ru/miniature/87fab22b-93c2-11f0-0a80-04c3000069c0/documentminiature/a0463caa-bba2-4329-b38e-f8efb8538500
fc0a6627-9657-11f0-0a80-1bbe001c8612,00617,"Футболка Margiela Maison (Белый, XL)",Футболки/Maison Margiela,1000.0,0.0,True,,https://miniature-prod.moysklad.ru/miniature/87fab22b-93c2-11f0-0a80-04c3000069c0/documentminiature/a0463caa-bba2-4329-b38e-f8efb8538500
fc0c72c1-9657-11f0-0a80-1bbe001c8619,00618,"Футболка Margiela Maison (Белый, XS)",Футболки/Maison Margiela,1000.0,0.0,True,,https://miniature-prod.moysklad.ru/miniature/87fab22b-93c2-11f0-0a80-04c3000069c0/documentminiature/a0463caa-bba2-4329-b38e-f8efb8538500
fc0e8198-9657-11f0-0a80-1bbe001c8620,00619,"Футболка Margiela Maison (Белый, XXS)",Футболки/Maison Margiela,1000.0,0.0,True,,https://miniature-prod.moysklad.ru/miniature/87fab22b-93c2-11f0-0a80-04c3000069c0/documentminiature/a0463caa-bba2-4329-b38e-f8efb8538500
fc107d91-9657-11f0-0a80-1bbe001c8627,00620,"Футболка Margiela Maison (Черный, 2XL)",Футболки/Maison Margiela,1000.0,0.0,True,,https://miniature-prod.moysklad.ru/miniature/87fab22b-93c2-11f0-0a80-04c3000069c0/documentminiature/a0463caa-bba2-4329-b38e-f8efb8538500
fc1293ae-9657-11f0-0a80-1bbe001c862e,00621,"Футболка Margiela Maison (Черный, L)",Футболки/Maison Margiela,1000.0,0.0,True,,https://miniature-prod.moysklad.ru/miniature/87fab22b-93c2-11f0-0a80-04c3000069c0/documentminiature/a0463caa-bba2-4329-b38e-f8efb8538500
fc148ab1-9657-11f0-0a80-1bbe001c8635,00622,"Футболка Margiela Maison (Черный, M)",Футболки/Maison Margiela,1000.0,1.0,True,,https://miniature-prod.moysklad.ru/miniature/87fab22b-93c2-11f0-0a80-04c3000069c0/documentminiature/a0463caa-bba2-4329-b38e-f8efb8538500
fc167893-9657-11f0-0a80-1bbe001c863c,00623,"Футболка Margiela Maison (Черный, S)",Футболки/Maison Margiela,1000.0,0.0,True,,https://miniature-prod.moysklad.ru/miniature/87fab22b-93c2-11f0-0a80-04c3000069c0/documentminiature/a0463caa-bba2-4329-b38e-f8efb8538500
fc186aa9-9657-11f0-0a80-1bbe001c8643,00624,"Футболка Margiela Maison (Черный, XL)",Футболки/Maison Margiela,1000.0,0.0,True,,https://miniature-prod.moysklad.ru/miniature/87fab22b-93c2-11f0-0a80-04c3000069c0/documentminiature/a0463caa-bba2-4329-b38e-f8efb8538500
fc1b7ba9-9657-11f0-0a80-1bbe001c864a,00625,"Футболка Margiela Maison (Черный, XS)",Футболки/Maison Margiela,1000.0,0.0,True,,https://miniature-prod.moysklad.ru/miniature/87fab22b-93c2-11f0-0a80-04c3000069c0/documentminiature/a0463caa-bba2-4329-b38e-f8efb8538500
fc1d6e1a-9657-11f0-0a80-1bbe001c8651,00626,"Футболка Margiela Maison (Черный, XXS)",Футболки/Maison Margiela,1000.0,0.0,True,,https://miniature-prod.moysklad.ru/miniature/87fab22b-93c2-11f0-0a80-04c3000069c0/documentminiature/a0463caa-bba2-4329-b38e-f8efb8538500
4931da04-9661-11f0-0a80-058c001d5ee6,00159,Футболки Maison Margiela x Salomon,Футболки/Maison Margiela,1000.0,0.0,True,,https://miniature-prod.moysklad.ru/miniature/87fab22b-93c2-11f0-0a80-04c3000069c0/documentminiature/bc78cc9c-b1c3-45c8-9d93-3288ee02bfcd
56149c78-9661-11f0-0a80-19dd001d9d9e,01491,"Футболки Maison Margiela x Salomon (Белый, 2XL)",Футболки/Maison Margiela,1000.0,0.0,True,,https://miniature-prod.moysklad.ru/miniature/87fab22b-93c2-11f0-0a80-04c3000069c0/documentminiature/bc78cc9c-b1c3-45c8-9d93-3288ee02bfcd
56183765-9661-11f0-0a80-19dd001d9da5,01492,"Футболки Maison Margiela x Salomon (Белый, L)",Футболки/Maison Margiela,1000.0,2.0,True,,https://miniature-prod.moysklad.ru/miniature/87fab22b-93c2-11f0-0a80-04c3000069c0/documentminiature/bc78cc9c-b1c3-45c8-9d93-3288ee02bfcd
561b56d6-9661-11f0-0a80-19dd001d9dac,01493,"Футболки Maison Margiela x Salomon (Белый, M)",Футболки/Maison Margiela,1000.0,0.0,True,,https://miniature-prod.moysklad.ru/miniature/87fab22b-93c2-11f0-0a80-04c3000069c0/documentminiature/bc78cc9c-b1c3-45c8-9d93-3288ee02bfcd
561e73ed-9661-11f0-0a80-19dd001d9db3,01494,"Футболки Maison Margiela x Salomon (Белый, S)",Футболки/Maison Margiela,1000.0,0.0,True,,https://miniature-prod.moysklad.ru/miniature/87fab22b-93c2-11f0-0a80-04c3000069c0/documentminiature/bc78cc9c-b1c3-45c8-9d93-3288ee02bfcd
5621c4e2-9661-11f0-0a80-19dd001d9dba,01495,"Футболки Maison Margiela x Salomon (Белый, XL)",Футболки/Maison Margiela,1000.0,0.0,True,,https://miniature-prod.moysklad.ru/miniature/87fab22b-93c2-11f0-0a80-04c3000069c0/documentminiature/bc78cc9c-b1c3-45c8-9d93-3288ee02bfcd
56253b1d-9661-11f0-0a80-19dd001d9dc1,01496,"Футболки Maison Margiela x Salomon (Белый, XS)",Футболки/Maison Margiela,1000.0,0.0,True,,https://miniature-prod.moysklad.ru/miniature/87fab22b-93c2-11f0-0a80-04c3000069c0/documentminiature/bc78cc9c-b1c3-45c8-9d93-3288ee02bfcd
5628dbe9-9661-11f0-0a80-19dd001d9dc8,01497,"Футболки Maison Margiela x Salomon (Белый, XXS)",Футболки/Maison Margiela,1000.0,0.0,True,,https://miniature-prod.moysklad.ru/miniature/87fab22b-93c2-11f0-0a80-04c3000069c0/documentminiature/bc78cc9c-b1c3-45c8-9d93-3288ee02bfcd
562ba54c-9661-11f0-0a80-19dd001d9dcf,01498,"Футболки Maison Margiela x Salomon (Черный, 2XL)",Футболки/Maison Margiela,1000.0,0.0,True,,https://miniature-prod.moysklad.ru/miniature/87fab22b-93c2-11f0-0a80-04c3000069c0/documentminiature/bc78cc9c-b1c3-45c8-9d93-3288ee02bfcd
562e711e-9661-11f0-0a80-19dd001d9dd6,01499,"Футболки Maison Margiela x Salomon (Черный, L)",Футболки/Maison Margiela,1000.0,0.0,True,,https://miniature-prod.moysklad.ru/miniature/87fab22b-93c2-11f0-0a80-04c3000069c0/documentminiature/bc78cc9c-b1c3-45c8-9d93-3288ee02bfcd
56320b61-9661-11f0-0a80-19dd001d9ddd,01500,"Футболки Maison Margiela x Salomon (Черный, M)",Футболки/Maison Margiela,1000.0,0.0,True,,https://miniature-prod.moysklad.ru/miniature/87fab22b-93c2-11f0-0a80-04c3000069c0/documentminiature/bc78cc9c-b1c3-45c8-9d93-3288ee02bfcd
56354966-9661-11f0-0a80-19dd001d9de4,01501,"Футболки Maison Margiela x Salomon (Черный, S)",Футболки/Maison Margiela,1000.0,0.0,True,,https://miniature-prod.moysklad.ru/miniature/87fab22b-93c2-11f0-0a80-04c3000069c0/documentminiature/bc78cc9c-b1c3-45c8-9d93-3288ee02bfcd
5638aaf5-9661-11f0-0a80-19dd001d9deb,01502,"Футболки Maison Margiela x Salomon (Черный, XL)",Футболки/Maison Margiela,1000.0,0.0,True,,https://miniature-prod.moysklad.ru/miniature/87fab22b-93c2-11f0-0a80-04c3000069c0/documentminiature/bc78cc9c-b1c3-45c8-9d93-3288ee02bfcd
563bfffe-9661-11f0-0a80-19dd001d9df2,01503,"Футболки Maison Margiela x Salomon (Черный, XS)",Футболки/Maison Margiela,1000.0,0.0,True,,https://miniature-prod.moysklad.ru/miniature/87fab22b-93c2-11f0-0a80-04c3000069c0/documentminiature/bc78cc9c-b1c3-45c8-9d93-3288ee02bfcd
563f46db-9661-11f0-0a80-19dd001d9df9,01504,"Футболки Maison Margiela x Salomon (Черный, XXS)",Футболки/Maison Margiela,1000.0,0.0,True,,https://miniature-prod.moysklad.ru/miniature/87fab22b-93c2-11f0-0a80-04c3000069c0/documentminiature/bc78cc9c-b1c3-45c8-9d93-3288ee02bfcd
861c7143-af60-11f0-0a80-0ef200144e3c,00208,Maison Mihara,Футболки/Maison Mihara,1000.0,0.0,True,,https://miniature-prod.moysklad.ru/miniature/87fab22b-93c2-11f0-0a80-04c3000069c0/documentminiature/e25cb735-a3b6-491d-87df-aa64b241d404
92e5a00b-af60-11f0-0a80-10db00144206,01885,"Maison Mihara (2XL, Черный)",Футболки/Maison Mihara,1000.0,0.0,True,,https://miniature-prod.moysklad.ru/miniature/87fab22b-93c2-11f0-0a80-04c3000069c0/documentminiature/e25cb735-a3b6-491d-87df-aa64b241d404
92ea33d9-af60-11f0-0a80-10db00144214,01887,"Maison Mihara (L, Черный)",Футболки/Maison Mihara,1000.0,0.0,True,,https://miniature-prod.moysklad.ru/miniature/87fab22b-93c2-11f0-0a80-04c3000069c0/documentminiature/e25cb735-a3b6-491d-87df-aa64b241d404
92ec2659-af60-11f0-0a80-10db0014421b,01888,"Maison Mihara (S, Черный)",Футболки/Maison Mihara,1000.0,0.0,True,,https://miniature-prod.moysklad.ru/miniature/87fab22b-93c2-11f0-0a80-04c3000069c0/documentminiature/e25cb735-a3b6-491d-87df-aa64b241d404
92ee33e5-af60-11f0-0a80-10db00144222,01889,"Maison Mihara (XL, Черный)",Футболки/Maison Mihara,1000.0,0.0,True,,https://miniature-prod.moysklad.ru/miniature/87fab22b-93c2-11f0-0a80-04c3000069c0/documentminiature/e25cb735-a3b6-491d-87df-aa64b241d404
92f0b2fc-af60-11f0-0a80-10db00144229,01890,"Maison Mihara (m, Черный)",Футболки/Maison Mihara,1000.0,0.0,True,,https://miniature-prod.moysklad.ru/miniature/87fab22b-93c2-11f0-0a80-04c3000069c0/documentminiature/e25cb735-a3b6-491d-87df-aa64b241d404
9a5778ba-965c-11f0-0a80-1bbe001c9d46,00115,Футболка Marcelo Burlon кулон,Футболки/Marcelo Burlon,1000.0,0.0,True,,https://miniature-prod.moysklad.ru/miniature/87fab22b-93c2-11f0-0a80-04c3000069c0/documentminiature/fe2dd4be-b766-490c-b972-3c57fd1dfca0
a1ed8a42-965c-11f0-0a80-19dd001d8bfa,00996,"Футболка Marcelo Burlon кулон (Белый, 2XL)",Футболки/Marcelo Burlon,1000.0,0.0,True,,https://miniature-prod.moysklad.ru/miniature/87fab22b-93c2-11f0-0a80-04c3000069c0/documentminiature/fe2dd4be-b766-490c-b972-3c57fd1dfca0
a1f00341-965c-11f0-0a80-19dd001d8c01,00997,"Футболка Marcelo Burlon кулон (Белый, L)",Футболки/Marcelo Burlon,1000.0,0.0,True,,https://miniature-prod.moysklad.ru/miniature/87fab22b-93c2-11f0-0a80-04c3000069c0/documentminiature/fe2dd4be-b766-490c-b972-3c57fd1dfca0
a1f22a1e-965c-11f0-0a80-19dd001d8c08,00998,"Футболка Marcelo Burlon кулон (Белый, M)",Футболки/Marcelo Burlon,1000.0,0.0,True,,https://miniature-prod.moysklad.ru/miniature/87fab22b-93c2-11f0-0a80-04c3000069c0/documentminiature/fe2dd4be-b766-490c-b972-3c57fd1dfca0
a1f45f49-965c-11f0-0a80-19dd001d8c0f,00999,"Футболка Marcelo Burlon кулон (Белый, S)",Футболки/Marcelo Burlon,1000.0,0.0,True,,https://miniature-prod.moysklad.ru/miniature/87fab22b-93c2-11f0-0a80-04c3000069c0/documentminiature/fe2dd4be-b766-490c-b972-3c57fd1dfca0
a1f74465-965c-11f0-0a80-19dd001d8c16,01000,"Футболка Marcelo Burlon кулон (Белый, XL)",Футболки/Marcelo Burlon,1000.0,0.0,True,,https://miniature-prod.moysklad.ru/miniature/87fab22b-93c2-11f0-0a80-04c3000069c0/documentminiature/fe2dd4be-b766-490c-b972-3c57fd1dfca0
76ec1867-965c-11f0-0a80-0efd001daa17,00113,Футболка Marcelo Burlon перья,Футболки/Marcelo Burlon,1000.0,0.0,True,,https://miniature-prod.moysklad.ru/miniature/87fab22b-93c2-11f0-0a80-04c3000069c0/documentminiature/c0b9fdb4-3d08-4032-bd0e-7d31fc92d978
7f9c65dc-965c-11f0-0a80-16d9001dac2e,00991,"Футболка Marcelo Burlon перья (Белый, 2XL)",Футболки/Marcelo Burlon,1000.0,0.0,True,,https://miniature-prod.moysklad.ru/miniature/87fab22b-93c2-11f0-0a80-04c3000069c0/documentminiature/c0b9fdb4-3d08-4032-bd0e-7d31fc92d978
7f9e592c-965c-11f0-0a80-16d9001dac35,00992,"Футболка Marcelo Burlon перья (Белый, L)",Футболки/Marcelo Burlon,1000.0,0.0,True,,https://miniature-prod.moysklad.ru/miniature/87fab22b-93c2-11f0-0a80-04c3000069c0/documentminiature/c0b9fdb4-3d08-4032-bd0e-7d31fc92d978
7fa00921-965c-11f0-0a80-16d9001dac3c,00993,"Футболка Marcelo Burlon перья (Белый, M)",Футболки/Marcelo Burlon,1000.0,0.0,True,,https://miniature-prod.moysklad.ru/miniature/87fab22b-93c2-11f0-0a80-04c3000069c0/documentminiature/c0b9fdb4-3d08-4032-bd0e-7d31fc92d978
7fa1c028-965c-11f0-0a80-16d9001dac43,00994,"Футболка Marcelo Burlon перья (Белый, S)",Футболки/Marcelo Burlon,1000.0,0.0,True,,https://miniature-prod.moysklad.ru/miniature/87fab22b-93c2-11f0-0a80-04c3000069c0/documentminiature/c0b9fdb4-3d08-4032-bd0e-7d31fc92d978
7fa36f74-965c-11f0-0a80-16d9001dac4a,00995,"Футболка Marcelo Burlon перья (Белый, XL)",Футболки/Marcelo Burlon,1000.0,0.0,True,,https://miniature-prod.moysklad.ru/miniature/87fab22b-93c2-11f0-0a80-04c3000069c0/documentminiature/c0b9fdb4-3d08-4032-bd0e-7d31fc92d978
a7bb5fb8-6b0c-11f1-0a80-0366002373da,00663,Футболка Martine Rose,Футболки/Martine Rose,1000.0,0.0,True,,https://miniature-prod.moysklad.ru/miniature/87fab22b-93c2-11f0-0a80-04c3000069c0/documentminiature/12a4ff29-2230-46d2-be3f-c15ddd63a687
b279a226-6b0c-11f1-0a80-0c1000233b43,05515,"Футболка Martine Rose (2XL, Черный)",Футболки/Martine Rose,1000.0,0.0,True,,https://miniature-prod.moysklad.ru/miniature/87fab22b-93c2-11f0-0a80-04c3000069c0/documentminiature/12a4ff29-2230-46d2-be3f-c15ddd63a687
b27eb6c4-6b0c-11f1-0a80-0c1000233b4c,05516,"Футболка Martine Rose (L, Черный)",Футболки/Martine Rose,1000.0,0.0,True,,https://miniature-prod.moysklad.ru/miniature/87fab22b-93c2-11f0-0a80-04c3000069c0/documentminiature/12a4ff29-2230-46d2-be3f-c15ddd63a687
b282fe2a-6b0c-11f1-0a80-0c1000233b55,05517,"Футболка Martine Rose (M, Черный)",Футболки/Martine Rose,1000.0,0.0,True,,https://miniature-prod.moysklad.ru/miniature/87fab22b-93c2-11f0-0a80-04c3000069c0/documentminiature/12a4ff29-2230-46d2-be3f-c15ddd63a687
b28d11a4-6b0c-11f1-0a80-0c1000233b5e,05518,"Футболка Martine Rose (S, Черный)",Футболки/Martine Rose,1000.0,0.0,True,,https://miniature-prod.moysklad.ru/miniature/87fab22b-93c2-11f0-0a80-04c3000069c0/documentminiature/12a4ff29-2230-46d2-be3f-c15ddd63a687
b2919ec5-6b0c-11f1-0a80-0c1000233b67,05519,"Футболка Martine Rose (XL, Черный)",Футболки/Martine Rose,1000.0,0.0,True,,https://miniature-prod.moysklad.ru/miniature/87fab22b-93c2-11f0-0a80-04c3000069c0/documentminiature/12a4ff29-2230-46d2-be3f-c15ddd63a687
d2461f1c-a9d8-11f0-0a80-17fd00285856,00196,Футболка Bape x Mastermind,Футболки/Mastermind,1000.0,0.0,True,,https://miniature-prod.moysklad.ru/miniature/87fab22b-93c2-11f0-0a80-04c3000069c0/documentminiature/78bd6a53-4f01-4f00-a3e4-33c6370822e2
313210cb-a9d9-11f0-0a80-0685002946fd,01798,"Футболка Bape x Mastermind (2XL, Белый)",Футболки/Mastermind,1000.0,0.0,True,,https://miniature-prod.moysklad.ru/miniature/87fab22b-93c2-11f0-0a80-04c3000069c0/documentminiature/78bd6a53-4f01-4f00-a3e4-33c6370822e2
3135a842-a9d9-11f0-0a80-068500294704,01799,"Футболка Bape x Mastermind (L, Белый)",Футболки/Mastermind,1000.0,0.0,True,,https://miniature-prod.moysklad.ru/miniature/87fab22b-93c2-11f0-0a80-04c3000069c0/documentminiature/78bd6a53-4f01-4f00-a3e4-33c6370822e2
31381273-a9d9-11f0-0a80-06850029470b,01800,"Футболка Bape x Mastermind (M, Белый)",Футболки/Mastermind,1000.0,0.0,True,,https://miniature-prod.moysklad.ru/miniature/87fab22b-93c2-11f0-0a80-04c3000069c0/documentminiature/78bd6a53-4f01-4f00-a3e4-33c6370822e2
313a3bb1-a9d9-11f0-0a80-068500294712,01801,"Футболка Bape x Mastermind (S, Белый)",Футболки/Mastermind,1000.0,0.0,True,,https://miniature-prod.moysklad.ru/miniature/87fab22b-93c2-11f0-0a80-04c3000069c0/documentminiature/78bd6a53-4f01-4f00-a3e4-33c6370822e2
313cc878-a9d9-11f0-0a80-06850029471f,01802,"Футболка Bape x Mastermind (XL, Белый)",Футболки/Mastermind,1000.0,0.0,True,,https://miniature-prod.moysklad.ru/miniature/87fab22b-93c2-11f0-0a80-04c3000069c0/documentminiature/78bd6a53-4f01-4f00-a3e4-33c6370822e2
313f39be-a9d9-11f0-0a80-068500294726,01803,"Футболка Bape x Mastermind (XS, Белый)",Футболки/Mastermind,1000.0,0.0,True,,https://miniature-prod.moysklad.ru/miniature/87fab22b-93c2-11f0-0a80-04c3000069c0/documentminiature/78bd6a53-4f01-4f00-a3e4-33c6370822e2
4280db8a-8150-11f1-0a80-0170000166f8,00708,Футболка Mastermind,Футболки/Mastermind,1000.0,0.0,True,,https://miniature-prod.moysklad.ru/miniature/87fab22b-93c2-11f0-0a80-04c3000069c0/documentminiature/54191567-24d6-4fc9-96b2-cb429c59354e
4a8b9b1d-8150-11f1-0a80-0f9a00010222,05805,"Футболка Mastermind (Белый, 2XL)",Футболки/Mastermind,1000.0,0.0,True,,https://miniature-prod.moysklad.ru/miniature/87fab22b-93c2-11f0-0a80-04c3000069c0/documentminiature/54191567-24d6-4fc9-96b2-cb429c59354e
4a9238b6-8150-11f1-0a80-0f9a0001022b,05806,"Футболка Mastermind (Белый, L)",Футболки/Mastermind,1000.0,0.0,True,,https://miniature-prod.moysklad.ru/miniature/87fab22b-93c2-11f0-0a80-04c3000069c0/documentminiature/54191567-24d6-4fc9-96b2-cb429c59354e
4a9961fa-8150-11f1-0a80-0f9a00010234,05807,"Футболка Mastermind (Белый, M)",Футболки/Mastermind,1000.0,0.0,True,,https://miniature-prod.moysklad.ru/miniature/87fab22b-93c2-11f0-0a80-04c3000069c0/documentminiature/54191567-24d6-4fc9-96b2-cb429c59354e
4a9d06bc-8150-11f1-0a80-0f9a0001023d,05808,"Футболка Mastermind (Белый, S)",Футболки/Mastermind,1000.0,0.0,True,,https://miniature-prod.moysklad.ru/miniature/87fab22b-93c2-11f0-0a80-04c3000069c0/documentminiature/54191567-24d6-4fc9-96b2-cb429c59354e
4aa0e8f3-8150-11f1-0a80-0f9a00010246,05809,"Футболка Mastermind (Белый, XL)",Футболки/Mastermind,1000.0,0.0,True,,https://miniature-prod.moysklad.ru/miniature/87fab22b-93c2-11f0-0a80-04c3000069c0/documentminiature/54191567-24d6-4fc9-96b2-cb429c59354e
be73fa2e-9657-11f0-0a80-187f001df0f0,00065,Футболка Mastermind Japan,Футболки/Mastermind,1000.0,0.0,True,,https://miniature-prod.moysklad.ru/miniature/87fab22b-93c2-11f0-0a80-04c3000069c0/documentminiature/968c7538-01df-4b14-bb93-875de2678fd6
c7801a35-9657-11f0-0a80-17d5001da030,00608,"Футболка Mastermind Japan (Белый, 2XL)",Футболки/Mastermind,1000.0,0.0,True,,https://miniature-prod.moysklad.ru/miniature/87fab22b-93c2-11f0-0a80-04c3000069c0/documentminiature/968c7538-01df-4b14-bb93-875de2678fd6
c783d850-9657-11f0-0a80-17d5001da037,00609,"Футболка Mastermind Japan (Белый, L)",Футболки/Mastermind,1000.0,0.0,True,,https://miniature-prod.moysklad.ru/miniature/87fab22b-93c2-11f0-0a80-04c3000069c0/documentminiature/968c7538-01df-4b14-bb93-875de2678fd6
c7864997-9657-11f0-0a80-17d5001da03e,00610,"Футболка Mastermind Japan (Белый, M)",Футболки/Mastermind,1000.0,0.0,True,,https://miniature-prod.moysklad.ru/miniature/87fab22b-93c2-11f0-0a80-04c3000069c0/documentminiature/968c7538-01df-4b14-bb93-875de2678fd6
c788531d-9657-11f0-0a80-17d5001da045,00611,"Футболка Mastermind Japan (Белый, S)",Футболки/Mastermind,1000.0,0.0,True,,https://miniature-prod.moysklad.ru/miniature/87fab22b-93c2-11f0-0a80-04c3000069c0/documentminiature/968c7538-01df-4b14-bb93-875de2678fd6
c78a6f8a-9657-11f0-0a80-17d5001da04c,00612,"Футболка Mastermind Japan (Белый, XL)",Футболки/Mastermind,1000.0,0.0,True,,https://miniature-prod.moysklad.ru/miniature/87fab22b-93c2-11f0-0a80-04c3000069c0/documentminiature/968c7538-01df-4b14-bb93-875de2678fd6
fdedee9d-9657-11f0-0a80-0066001d4349,00067,Футболка Mastermind x Stussy,Футболки/Mastermind,1000.0,0.0,True,,https://miniature-prod.moysklad.ru/miniature/87fab22b-93c2-11f0-0a80-04c3000069c0/documentminiature/fd468249-1b84-4dc0-84cf-1250db264eaa
1156e00a-9658-11f0-0a80-0729001dec58,00627,"Футболка Mastermind x Stussy (Черный, 2XL)",Футболки/Mastermind,1000.0,0.0,True,,https://miniature-prod.moysklad.ru/miniature/87fab22b-93c2-11f0-0a80-04c3000069c0/documentminiature/fd468249-1b84-4dc0-84cf-1250db264eaa
11591964-9658-11f0-0a80-0729001dec5f,00628,"Футболка Mastermind x Stussy (Черный, L)",Футболки/Mastermind,1000.0,0.0,True,,https://miniature-prod.moysklad.ru/miniature/87fab22b-93c2-11f0-0a80-04c3000069c0/documentminiature/fd468249-1b84-4dc0-84cf-1250db264eaa
115b93c7-9658-11f0-0a80-0729001dec66,00629,"Футболка Mastermind x Stussy (Черный, M)",Футболки/Mastermind,1000.0,0.0,True,,https://miniature-prod.moysklad.ru/miniature/87fab22b-93c2-11f0-0a80-04c3000069c0/documentminiature/fd468249-1b84-4dc0-84cf-1250db264eaa
115dbc28-9658-11f0-0a80-0729001dec6d,00630,"Футболка Mastermind x Stussy (Черный, S)",Футболки/Mastermind,1000.0,0.0,True,,https://miniature-prod.moysklad.ru/miniature/87fab22b-93c2-11f0-0a80-04c3000069c0/documentminiature/fd468249-1b84-4dc0-84cf-1250db264eaa
115ffe9c-9658-11f0-0a80-0729001dec74,00631,"Футболка Mastermind x Stussy (Черный, XL)",Футболки/Mastermind,1000.0,0.0,True,,https://miniature-prod.moysklad.ru/miniature/87fab22b-93c2-11f0-0a80-04c3000069c0/documentminiature/fd468249-1b84-4dc0-84cf-1250db264eaa
224a9a22-9661-11f0-0a80-0159001d5757,00158,Футболки Mastermind x Bape,Футболки/Mastermind,1000.0,0.0,True,,https://miniature-prod.moysklad.ru/miniature/87fab22b-93c2-11f0-0a80-04c3000069c0/documentminiature/47aa1c2f-460c-4ce7-95a9-7fe2441d44ab
2f9d3ef9-9661-11f0-0a80-16d9001dd07a,01477,"Футболки Mastermind x Bape (Белый, 2XL)",Футболки/Mastermind,1000.0,0.0,True,,https://miniature-prod.moysklad.ru/miniature/87fab22b-93c2-11f0-0a80-04c3000069c0/documentminiature/47aa1c2f-460c-4ce7-95a9-7fe2441d44ab
2f9f9a88-9661-11f0-0a80-16d9001dd081,01478,"Футболки Mastermind x Bape (Белый, L)",Футболки/Mastermind,1000.0,0.0,True,,https://miniature-prod.moysklad.ru/miniature/87fab22b-93c2-11f0-0a80-04c3000069c0/documentminiature/47aa1c2f-460c-4ce7-95a9-7fe2441d44ab
2fa1b4aa-9661-11f0-0a80-16d9001dd088,01479,"Футболки Mastermind x Bape (Белый, M)",Футболки/Mastermind,1000.0,0.0,True,,https://miniature-prod.moysklad.ru/miniature/87fab22b-93c2-11f0-0a80-04c3000069c0/documentminiature/47aa1c2f-460c-4ce7-95a9-7fe2441d44ab
2fa3d338-9661-11f0-0a80-16d9001dd08f,01480,"Футболки Mastermind x Bape (Белый, S)",Футболки/Mastermind,1000.0,0.0,True,,https://miniature-prod.moysklad.ru/miniature/87fab22b-93c2-11f0-0a80-04c3000069c0/documentminiature/47aa1c2f-460c-4ce7-95a9-7fe2441d44ab
2fa60194-9661-11f0-0a80-16d9001dd096,01481,"Футболки Mastermind x Bape (Белый, XL)",Футболки/Mastermind,1000.0,0.0,True,,https://miniature-prod.moysklad.ru/miniature/87fab22b-93c2-11f0-0a80-04c3000069c0/documentminiature/47aa1c2f-460c-4ce7-95a9-7fe2441d44ab
2fa8194f-9661-11f0-0a80-16d9001dd09d,01482,"Футболки Mastermind x Bape (Белый, XS)",Футболки/Mastermind,1000.0,0.0,True,,https://miniature-prod.moysklad.ru/miniature/87fab22b-93c2-11f0-0a80-04c3000069c0/documentminiature/47aa1c2f-460c-4ce7-95a9-7fe2441d44ab
2faa46bd-9661-11f0-0a80-16d9001dd0a4,01483,"Футболки Mastermind x Bape (Белый, XXS)",Футболки/Mastermind,1000.0,0.0,True,,https://miniature-prod.moysklad.ru/miniature/87fab22b-93c2-11f0-0a80-04c3000069c0/documentminiature/47aa1c2f-460c-4ce7-95a9-7fe2441d44ab
2fac6cca-9661-11f0-0a80-16d9001dd0ab,01484,"Футболки Mastermind x Bape (Черный, 2XL)",Футболки/Mastermind,1000.0,0.0,True,,https://miniature-prod.moysklad.ru/miniature/87fab22b-93c2-11f0-0a80-04c3000069c0/documentminiature/47aa1c2f-460c-4ce7-95a9-7fe2441d44ab
2fae9626-9661-11f0-0a80-16d9001dd0b2,01485,"Футболки Mastermind x Bape (Черный, L)",Футболки/Mastermind,1000.0,0.0,True,,https://miniature-prod.moysklad.ru/miniature/87fab22b-93c2-11f0-0a80-04c3000069c0/documentminiature/47aa1c2f-460c-4ce7-95a9-7fe2441d44ab
2fb0c617-9661-11f0-0a80-16d9001dd0b9,01486,"Футболки Mastermind x Bape (Черный, M)",Футболки/Mastermind,1000.0,0.0,True,,https://miniature-prod.moysklad.ru/miniature/87fab22b-93c2-11f0-0a80-04c3000069c0/documentminiature/47aa1c2f-460c-4ce7-95a9-7fe2441d44ab
2fb2ef82-9661-11f0-0a80-16d9001dd0c0,01487,"Футболки Mastermind x Bape (Черный, S)",Футболки/Mastermind,1000.0,0.0,True,,https://miniature-prod.moysklad.ru/miniature/87fab22b-93c2-11f0-0a80-04c3000069c0/documentminiature/47aa1c2f-460c-4ce7-95a9-7fe2441d44ab
2fb517fc-9661-11f0-0a80-16d9001dd0c7,01488,"Футболки Mastermind x Bape (Черный, XL)",Футболки/Mastermind,1000.0,0.0,True,,https://miniature-prod.moysklad.ru/miniature/87fab22b-93c2-11f0-0a80-04c3000069c0/documentminiature/47aa1c2f-460c-4ce7-95a9-7fe2441d44ab
2fb75ff0-9661-11f0-0a80-16d9001dd0ce,01489,"Футболки Mastermind x Bape (Черный, XS)",Футболки/Mastermind,1000.0,0.0,True,,https://miniature-prod.moysklad.ru/miniature/87fab22b-93c2-11f0-0a80-04c3000069c0/documentminiature/47aa1c2f-460c-4ce7-95a9-7fe2441d44ab
2fb999a5-9661-11f0-0a80-16d9001dd0d5,01490,"Футболки Mastermind x Bape (Черный, XXS)",Футболки/Mastermind,1000.0,0.0,True,,https://miniature-prod.moysklad.ru/miniature/87fab22b-93c2-11f0-0a80-04c3000069c0/documentminiature/47aa1c2f-460c-4ce7-95a9-7fe2441d44ab
01c0d109-9661-11f0-0a80-0efd001db633,00157,Футболки Mastermind x ape,Футболки/Mastermind,1100.0,0.0,True,,https://miniature-prod.moysklad.ru/miniature/87fab22b-93c2-11f0-0a80-04c3000069c0/documentminiature/20d58bc0-3cf7-4238-83e6-83fee8a07a94
0b949988-9661-11f0-0a80-0729001e0b28,01470,"Футболки Mastermind x ape (Черный, 2XL)",Футболки/Mastermind,1100.0,0.0,True,,https://miniature-prod.moysklad.ru/miniature/87fab22b-93c2-11f0-0a80-04c3000069c0/documentminiature/20d58bc0-3cf7-4238-83e6-83fee8a07a94
0b97c9cf-9661-11f0-0a80-0729001e0b2f,01471,"Футболки Mastermind x ape (Черный, L)",Футболки/Mastermind,1100.0,0.0,True,,https://miniature-prod.moysklad.ru/miniature/87fab22b-93c2-11f0-0a80-04c3000069c0/documentminiature/20d58bc0-3cf7-4238-83e6-83fee8a07a94
0b9a33e6-9661-11f0-0a80-0729001e0b36,01472,"Футболки Mastermind x ape (Черный, M)",Футболки/Mastermind,1100.0,0.0,True,,https://miniature-prod.moysklad.ru/miniature/87fab22b-93c2-11f0-0a80-04c3000069c0/documentminiature/20d58bc0-3cf7-4238-83e6-83fee8a07a94
0b9c6573-9661-11f0-0a80-0729001e0b3d,01473,"Футболки Mastermind x ape (Черный, S)",Футболки/Mastermind,1100.0,0.0,True,,https://miniature-prod.moysklad.ru/miniature/87fab22b-93c2-11f0-0a80-04c3000069c0/documentminiature/20d58bc0-3cf7-4238-83e6-83fee8a07a94
0b9e6d68-9661-11f0-0a80-0729001e0b44,01474,"Футболки Mastermind x ape (Черный, XL)",Футболки/Mastermind,1100.0,0.0,True,,https://miniature-prod.moysklad.ru/miniature/87fab22b-93c2-11f0-0a80-04c3000069c0/documentminiature/20d58bc0-3cf7-4238-83e6-83fee8a07a94
27ba4f72-965f-11f0-0a80-0efd001db078,00141,Футболки NEIGHBORHOOD череп,Футболки/NEIGHBORHOOD,1000.0,0.0,True,,https://miniature-prod.moysklad.ru/miniature/87fab22b-93c2-11f0-0a80-04c3000069c0/documentminiature/71ae9eea-98c9-4b57-a18f-5714eb1c1b8e
34f59801-965f-11f0-0a80-187f001e1e9b,01316,"Футболки NEIGHBORHOOD череп (Белый, 2XL)",Футболки/NEIGHBORHOOD,1000.0,0.0,True,,https://miniature-prod.moysklad.ru/miniature/87fab22b-93c2-11f0-0a80-04c3000069c0/documentminiature/71ae9eea-98c9-4b57-a18f-5714eb1c1b8e
34f87e34-965f-11f0-0a80-187f001e1ea2,01317,"Футболки NEIGHBORHOOD череп (Белый, L)",Футболки/NEIGHBORHOOD,1000.0,0.0,True,,https://miniature-prod.moysklad.ru/miniature/87fab22b-93c2-11f0-0a80-04c3000069c0/documentminiature/71ae9eea-98c9-4b57-a18f-5714eb1c1b8e
34faec1a-965f-11f0-0a80-187f001e1ea9,01318,"Футболки NEIGHBORHOOD череп (Белый, M)",Футболки/NEIGHBORHOOD,1000.0,0.0,True,,https://miniature-prod.moysklad.ru/miniature/87fab22b-93c2-11f0-0a80-04c3000069c0/documentminiature/71ae9eea-98c9-4b57-a18f-5714eb1c1b8e
34fd5229-965f-11f0-0a80-187f001e1eb0,01319,"Футболки NEIGHBORHOOD череп (Белый, S)",Футболки/NEIGHBORHOOD,1000.0,0.0,True,,https://miniature-prod.moysklad.ru/miniature/87fab22b-93c2-11f0-0a80-04c3000069c0/documentminiature/71ae9eea-98c9-4b57-a18f-5714eb1c1b8e
35009c54-965f-11f0-0a80-187f001e1eb7,01320,"Футболки NEIGHBORHOOD череп (Белый, XL)",Футболки/NEIGHBORHOOD,1000.0,0.0,True,,https://miniature-prod.moysklad.ru/miniature/87fab22b-93c2-11f0-0a80-04c3000069c0/documentminiature/71ae9eea-98c9-4b57-a18f-5714eb1c1b8e
35030509-965f-11f0-0a80-187f001e1ebe,01321,"Футболки NEIGHBORHOOD череп (Белый, XS)",Футболки/NEIGHBORHOOD,1000.0,0.0,True,,https://miniature-prod.moysklad.ru/miniature/87fab22b-93c2-11f0-0a80-04c3000069c0/documentminiature/71ae9eea-98c9-4b57-a18f-5714eb1c1b8e
3505ddda-965f-11f0-0a80-187f001e1ec5,01322,"Футболки NEIGHBORHOOD череп (Белый, XXS)",Футболки/NEIGHBORHOOD,1000.0,0.0,True,,https://miniature-prod.moysklad.ru/miniature/87fab22b-93c2-11f0-0a80-04c3000069c0/documentminiature/71ae9eea-98c9-4b57-a18f-5714eb1c1b8e
3509b129-965f-11f0-0a80-187f001e1ecc,01323,"Футболки NEIGHBORHOOD череп (Черный, 2XL)",Футболки/NEIGHBORHOOD,1000.0,0.0,True,,https://miniature-prod.moysklad.ru/miniature/87fab22b-93c2-11f0-0a80-04c3000069c0/documentminiature/71ae9eea-98c9-4b57-a18f-5714eb1c1b8e
350caae6-965f-11f0-0a80-187f001e1ed3,01324,"Футболки NEIGHBORHOOD череп (Черный, L)",Футболки/NEIGHBORHOOD,1000.0,0.0,True,,https://miniature-prod.moysklad.ru/miniature/87fab22b-93c2-11f0-0a80-04c3000069c0/documentminiature/71ae9eea-98c9-4b57-a18f-5714eb1c1b8e
350fdc68-965f-11f0-0a80-187f001e1eda,01325,"Футболки NEIGHBORHOOD череп (Черный, M)",Футболки/NEIGHBORHOOD,1000.0,0.0,True,,https://miniature-prod.moysklad.ru/miniature/87fab22b-93c2-11f0-0a80-04c3000069c0/documentminiature/71ae9eea-98c9-4b57-a18f-5714eb1c1b8e
3512d323-965f-11f0-0a80-187f001e1ee1,01326,"Футболки NEIGHBORHOOD череп (Черный, S)",Футболки/NEIGHBORHOOD,1000.0,0.0,True,,https://miniature-prod.moysklad.ru/miniature/87fab22b-93c2-11f0-0a80-04c3000069c0/documentminiature/71ae9eea-98c9-4b57-a18f-5714eb1c1b8e
3515f7e7-965f-11f0-0a80-187f001e1ee8,01327,"Футболки NEIGHBORHOOD череп (Черный, XL)",Футболки/NEIGHBORHOOD,1000.0,0.0,True,,https://miniature-prod.moysklad.ru/miniature/87fab22b-93c2-11f0-0a80-04c3000069c0/documentminiature/71ae9eea-98c9-4b57-a18f-5714eb1c1b8e
35187a91-965f-11f0-0a80-187f001e1eef,01328,"Футболки NEIGHBORHOOD череп (Черный, XS)",Футболки/NEIGHBORHOOD,1000.0,0.0,True,,https://miniature-prod.moysklad.ru/miniature/87fab22b-93c2-11f0-0a80-04c3000069c0/documentminiature/71ae9eea-98c9-4b57-a18f-5714eb1c1b8e
351b55cd-965f-11f0-0a80-187f001e1ef6,01329,"Футболки NEIGHBORHOOD череп (Черный, XXS)",Футболки/NEIGHBORHOOD,1000.0,0.0,True,,https://miniature-prod.moysklad.ru/miniature/87fab22b-93c2-11f0-0a80-04c3000069c0/documentminiature/71ae9eea-98c9-4b57-a18f-5714eb1c1b8e
ea304f14-9659-11f0-0a80-0efd001da069,00086,Футболка Forza Nocta,Футболки/Nike,1000.0,0.0,True,,https://miniature-prod.moysklad.ru/miniature/87fab22b-93c2-11f0-0a80-04c3000069c0/documentminiature/51e98937-b4e2-4fc4-8028-472dc57efe56
f1970c86-9659-11f0-0a80-19dd001d838c,00769,"Футболка Forza Nocta (Белый, 2XL)",Футболки/Nike,1000.0,0.0,True,,https://miniature-prod.moysklad.ru/miniature/87fab22b-93c2-11f0-0a80-04c3000069c0/documentminiature/51e98937-b4e2-4fc4-8028-472dc57efe56
f199ddcd-9659-11f0-0a80-19dd001d8393,00770,"Футболка Forza Nocta (Белый, L)",Футболки/Nike,1000.0,0.0,True,,https://miniature-prod.moysklad.ru/miniature/87fab22b-93c2-11f0-0a80-04c3000069c0/documentminiature/51e98937-b4e2-4fc4-8028-472dc57efe56
f19cd7c5-9659-11f0-0a80-19dd001d839a,00771,"Футболка Forza Nocta (Белый, M)",Футболки/Nike,1000.0,0.0,True,,https://miniature-prod.moysklad.ru/miniature/87fab22b-93c2-11f0-0a80-04c3000069c0/documentminiature/51e98937-b4e2-4fc4-8028-472dc57efe56
f19fe354-9659-11f0-0a80-19dd001d83a1,00772,"Футболка Forza Nocta (Белый, S)",Футболки/Nike,1000.0,0.0,True,,https://miniature-prod.moysklad.ru/miniature/87fab22b-93c2-11f0-0a80-04c3000069c0/documentminiature/51e98937-b4e2-4fc4-8028-472dc57efe56
f1a2f717-9659-11f0-0a80-19dd001d83a8,00773,"Футболка Forza Nocta (Белый, XL)",Футболки/Nike,1000.0,0.0,True,,https://miniature-prod.moysklad.ru/miniature/87fab22b-93c2-11f0-0a80-04c3000069c0/documentminiature/51e98937-b4e2-4fc4-8028-472dc57efe56
f1a5c16a-9659-11f0-0a80-19dd001d83af,00774,"Футболка Forza Nocta (Черный, 2XL)",Футболки/Nike,1000.0,0.0,True,,https://miniature-prod.moysklad.ru/miniature/87fab22b-93c2-11f0-0a80-04c3000069c0/documentminiature/51e98937-b4e2-4fc4-8028-472dc57efe56
f1a91f09-9659-11f0-0a80-19dd001d83b6,00775,"Футболка Forza Nocta (Черный, L)",Футболки/Nike,1000.0,0.0,True,,https://miniature-prod.moysklad.ru/miniature/87fab22b-93c2-11f0-0a80-04c3000069c0/documentminiature/51e98937-b4e2-4fc4-8028-472dc57efe56
f1ac11d6-9659-11f0-0a80-19dd001d83bd,00776,"Футболка Forza Nocta (Черный, M)",Футболки/Nike,1000.0,0.0,True,,https://miniature-prod.moysklad.ru/miniature/87fab22b-93c2-11f0-0a80-04c3000069c0/documentminiature/51e98937-b4e2-4fc4-8028-472dc57efe56
f1ae9322-9659-11f0-0a80-19dd001d83c4,00777,"Футболка Forza Nocta (Черный, S)",Футболки/Nike,1000.0,0.0,True,,https://miniature-prod.moysklad.ru/miniature/87fab22b-93c2-11f0-0a80-04c3000069c0/documentminiature/51e98937-b4e2-4fc4-8028-472dc57efe56
f1b174cc-9659-11f0-0a80-19dd001d83cb,00778,"Футболка Forza Nocta (Черный, XL)",Футболки/Nike,1000.0,0.0,True,,https://miniature-prod.moysklad.ru/miniature/87fab22b-93c2-11f0-0a80-04c3000069c0/documentminiature/51e98937-b4e2-4fc4-8028-472dc57efe56
7731ad0d-9659-11f0-0a80-1bbe001c915c,00080,Футболка Nike Just Do It,Футболки/Nike,1000.0,0.0,True,,https://miniature-prod.moysklad.ru/miniature/87fab22b-93c2-11f0-0a80-04c3000069c0/documentminiature/e05f6042-7af8-4d51-92e1-895b67c0f343
82c687c3-9659-11f0-0a80-0f42001d62cc,00721,"Футболка Nike Just Do It (Черный, 2XL)",Футболки/Nike,1000.0,0.0,True,,https://miniature-prod.moysklad.ru/miniature/87fab22b-93c2-11f0-0a80-04c3000069c0/documentminiature/e05f6042-7af8-4d51-92e1-895b67c0f343
82c8cfb5-9659-11f0-0a80-0f42001d62d3,00722,"Футболка Nike Just Do It (Черный, L)",Футболки/Nike,1000.0,0.0,True,,https://miniature-prod.moysklad.ru/miniature/87fab22b-93c2-11f0-0a80-04c3000069c0/documentminiature/e05f6042-7af8-4d51-92e1-895b67c0f343
82caf314-9659-11f0-0a80-0f42001d62da,00723,"Футболка Nike Just Do It (Черный, M)",Футболки/Nike,1000.0,0.0,True,,https://miniature-prod.moysklad.ru/miniature/87fab22b-93c2-11f0-0a80-04c3000069c0/documentminiature/e05f6042-7af8-4d51-92e1-895b67c0f343
82cd3660-9659-11f0-0a80-0f42001d62e1,00724,"Футболка Nike Just Do It (Черный, S)",Футболки/Nike,1000.0,0.0,True,,https://miniature-prod.moysklad.ru/miniature/87fab22b-93c2-11f0-0a80-04c3000069c0/documentminiature/e05f6042-7af8-4d51-92e1-895b67c0f343
82cf5f74-9659-11f0-0a80-0f42001d62e8,00725,"Футболка Nike Just Do It (Черный, XL)",Футболки/Nike,1000.0,0.0,True,,https://miniature-prod.moysklad.ru/miniature/87fab22b-93c2-11f0-0a80-04c3000069c0/documentminiature/e05f6042-7af8-4d51-92e1-895b67c0f343
87847c56-9658-11f0-0a80-17d5001da2f5,00071,Футболка Nike Many swoosh,Футболки/Nike,1000.0,0.0,True,,https://miniature-prod.moysklad.ru/miniature/87fab22b-93c2-11f0-0a80-04c3000069c0/documentminiature/f77aaedf-ba39-441a-9edd-495d57c15c4d
9142a5c6-9658-11f0-0a80-058c001d3ebf,00651,"Футболка Nike Many swoosh (Белый, 2XL)",Футболки/Nike,1000.0,0.0,True,,https://miniature-prod.moysklad.ru/miniature/87fab22b-93c2-11f0-0a80-04c3000069c0/documentminiature/f77aaedf-ba39-441a-9edd-495d57c15c4d
91454660-9658-11f0-0a80-058c001d3ec6,00652,"Футболка Nike Many swoosh (Белый, L)",Футболки/Nike,1000.0,0.0,True,,https://miniature-prod.moysklad.ru/miniature/87fab22b-93c2-11f0-0a80-04c3000069c0/documentminiature/f77aaedf-ba39-441a-9edd-495d57c15c4d
914773e4-9658-11f0-0a80-058c001d3ecd,00653,"Футболка Nike Many swoosh (Белый, M)",Футболки/Nike,1000.0,0.0,True,,https://miniature-prod.moysklad.ru/miniature/87fab22b-93c2-11f0-0a80-04c3000069c0/documentminiature/f77aaedf-ba39-441a-9edd-495d57c15c4d
9149c037-9658-11f0-0a80-058c001d3ed4,00654,"Футболка Nike Many swoosh (Белый, S)",Футболки/Nike,1000.0,0.0,True,,https://miniature-prod.moysklad.ru/miniature/87fab22b-93c2-11f0-0a80-04c3000069c0/documentminiature/f77aaedf-ba39-441a-9edd-495d57c15c4d
914bed6e-9658-11f0-0a80-058c001d3edb,00655,"Футболка Nike Many swoosh (Белый, XL)",Футболки/Nike,1000.0,0.0,True,,https://miniature-prod.moysklad.ru/miniature/87fab22b-93c2-11f0-0a80-04c3000069c0/documentminiature/f77aaedf-ba39-441a-9edd-495d57c15c4d
a79c3e77-9659-11f0-0a80-19dd001d8275,00082,Футболка Nike x Stussy Paris,Футболки/Nike,1000.0,0.0,True,,https://miniature-prod.moysklad.ru/miniature/87fab22b-93c2-11f0-0a80-04c3000069c0/documentminiature/42fddf04-13bf-47ce-8469-fc5d85799cea
af94cb9d-9659-11f0-0a80-19dd001d8280,00733,"Футболка Nike x Stussy Paris (Белый, 2XL)",Футболки/Nike,1000.0,0.0,True,,https://miniature-prod.moysklad.ru/miniature/87fab22b-93c2-11f0-0a80-04c3000069c0/documentminiature/42fddf04-13bf-47ce-8469-fc5d85799cea
af97d26d-9659-11f0-0a80-19dd001d8287,00734,"Футболка Nike x Stussy Paris (Белый, L)",Футболки/Nike,1000.0,0.0,True,,https://miniature-prod.moysklad.ru/miniature/87fab22b-93c2-11f0-0a80-04c3000069c0/documentminiature/42fddf04-13bf-47ce-8469-fc5d85799cea
af9aa449-9659-11f0-0a80-19dd001d828e,00735,"Футболка Nike x Stussy Paris (Белый, M)",Футболки/Nike,1000.0,0.0,True,,https://miniature-prod.moysklad.ru/miniature/87fab22b-93c2-11f0-0a80-04c3000069c0/documentminiature/42fddf04-13bf-47ce-8469-fc5d85799cea
af9d127a-9659-11f0-0a80-19dd001d8295,00736,"Футболка Nike x Stussy Paris (Белый, S)",Футболки/Nike,1000.0,0.0,True,,https://miniature-prod.moysklad.ru/miniature/87fab22b-93c2-11f0-0a80-04c3000069c0/documentminiature/42fddf04-13bf-47ce-8469-fc5d85799cea
af9f81dd-9659-11f0-0a80-19dd001d829c,00737,"Футболка Nike x Stussy Paris (Белый, XL)",Футболки/Nike,1000.0,0.0,True,,https://miniature-prod.moysklad.ru/miniature/87fab22b-93c2-11f0-0a80-04c3000069c0/documentminiature/42fddf04-13bf-47ce-8469-fc5d85799cea
afa216d6-9659-11f0-0a80-19dd001d82a3,00738,"Футболка Nike x Stussy Paris (Черный, 2XL)",Футболки/Nike,1000.0,0.0,True,,https://miniature-prod.moysklad.ru/miniature/87fab22b-93c2-11f0-0a80-04c3000069c0/documentminiature/42fddf04-13bf-47ce-8469-fc5d85799cea
afa422e4-9659-11f0-0a80-19dd001d82aa,00739,"Футболка Nike x Stussy Paris (Черный, L)",Футболки/Nike,1000.0,1.0,True,,https://miniature-prod.moysklad.ru/miniature/87fab22b-93c2-11f0-0a80-04c3000069c0/documentminiature/42fddf04-13bf-47ce-8469-fc5d85799cea
afa601da-9659-11f0-0a80-19dd001d82b1,00740,"Футболка Nike x Stussy Paris (Черный, M)",Футболки/Nike,1000.0,0.0,True,,https://miniature-prod.moysklad.ru/miniature/87fab22b-93c2-11f0-0a80-04c3000069c0/documentminiature/42fddf04-13bf-47ce-8469-fc5d85799cea
afa7ef8c-9659-11f0-0a80-19dd001d82b8,00741,"Футболка Nike x Stussy Paris (Черный, S)",Футболки/Nike,1000.0,0.0,True,,https://miniature-prod.moysklad.ru/miniature/87fab22b-93c2-11f0-0a80-04c3000069c0/documentminiature/42fddf04-13bf-47ce-8469-fc5d85799cea
afaa1635-9659-11f0-0a80-19dd001d82bf,00742,"Футболка Nike x Stussy Paris (Черный, XL)",Футболки/Nike,1000.0,0.0,True,,https://miniature-prod.moysklad.ru/miniature/87fab22b-93c2-11f0-0a80-04c3000069c0/documentminiature/42fddf04-13bf-47ce-8469-fc5d85799cea
0c968371-965a-11f0-0a80-16d9001da46e,00087,Футболка nike Nocta,Футболки/Nike,1100.0,0.0,True,,https://miniature-prod.moysklad.ru/miniature/87fab22b-93c2-11f0-0a80-04c3000069c0/documentminiature/a70ef48e-aa6c-4998-befb-5784d9b47ba0
15fd5bdb-965a-11f0-0a80-1435001d8c70,00779,"Футболка nike Nocta (Белый, 2XL)",Футболки/Nike,1100.0,0.0,True,,https://miniature-prod.moysklad.ru/miniature/87fab22b-93c2-11f0-0a80-04c3000069c0/documentminiature/a70ef48e-aa6c-4998-befb-5784d9b47ba0
15ffba0d-965a-11f0-0a80-1435001d8c77,00780,"Футболка nike Nocta (Белый, L)",Футболки/Nike,1100.0,0.0,True,,https://miniature-prod.moysklad.ru/miniature/87fab22b-93c2-11f0-0a80-04c3000069c0/documentminiature/a70ef48e-aa6c-4998-befb-5784d9b47ba0
16023914-965a-11f0-0a80-1435001d8c7e,00781,"Футболка nike Nocta (Белый, M)",Футболки/Nike,1100.0,0.0,True,,https://miniature-prod.moysklad.ru/miniature/87fab22b-93c2-11f0-0a80-04c3000069c0/documentminiature/a70ef48e-aa6c-4998-befb-5784d9b47ba0
1604cd4a-965a-11f0-0a80-1435001d8c85,00782,"Футболка nike Nocta (Белый, S)",Футболки/Nike,1100.0,0.0,True,,https://miniature-prod.moysklad.ru/miniature/87fab22b-93c2-11f0-0a80-04c3000069c0/documentminiature/a70ef48e-aa6c-4998-befb-5784d9b47ba0
16075fba-965a-11f0-0a80-1435001d8c8c,00783,"Футболка nike Nocta (Белый, XL)",Футболки/Nike,1100.0,0.0,True,,https://miniature-prod.moysklad.ru/miniature/87fab22b-93c2-11f0-0a80-04c3000069c0/documentminiature/a70ef48e-aa6c-4998-befb-5784d9b47ba0
160a21c9-965a-11f0-0a80-1435001d8c93,00784,"Футболка nike Nocta (Черный, 2XL)",Футболки/Nike,1100.0,0.0,True,,https://miniature-prod.moysklad.ru/miniature/87fab22b-93c2-11f0-0a80-04c3000069c0/documentminiature/a70ef48e-aa6c-4998-befb-5784d9b47ba0
160c969e-965a-11f0-0a80-1435001d8c9a,00785,"Футболка nike Nocta (Черный, L)",Футболки/Nike,1100.0,0.0,True,,https://miniature-prod.moysklad.ru/miniature/87fab22b-93c2-11f0-0a80-04c3000069c0/documentminiature/a70ef48e-aa6c-4998-befb-5784d9b47ba0
160ee816-965a-11f0-0a80-1435001d8ca1,00786,"Футболка nike Nocta (Черный, M)",Футболки/Nike,1100.0,0.0,True,,https://miniature-prod.moysklad.ru/miniature/87fab22b-93c2-11f0-0a80-04c3000069c0/documentminiature/a70ef48e-aa6c-4998-befb-5784d9b47ba0
1611fdb7-965a-11f0-0a80-1435001d8ca8,00787,"Футболка nike Nocta (Черный, S)",Футболки/Nike,1100.0,0.0,True,,https://miniature-prod.moysklad.ru/miniature/87fab22b-93c2-11f0-0a80-04c3000069c0/documentminiature/a70ef48e-aa6c-4998-befb-5784d9b47ba0
161598c5-965a-11f0-0a80-1435001d8caf,00788,"Футболка nike Nocta (Черный, XL)",Футболки/Nike,1100.0,0.0,True,,https://miniature-prod.moysklad.ru/miniature/87fab22b-93c2-11f0-0a80-04c3000069c0/documentminiature/a70ef48e-aa6c-4998-befb-5784d9b47ba0
c99c28f7-9659-11f0-0a80-1bbe001c924f,00084,Футболки Nike Ball,Футболки/Nike,1000.0,0.0,True,,https://miniature-prod.moysklad.ru/miniature/87fab22b-93c2-11f0-0a80-04c3000069c0/documentminiature/ec8da099-e6f0-4783-979f-87a3ec6df5a3
d24bb8f2-9659-11f0-0a80-0df4001d5d53,00750,"Футболки Nike Ball (Черный, 2XL)",Футболки/Nike,1000.0,0.0,True,,https://miniature-prod.moysklad.ru/miniature/87fab22b-93c2-11f0-0a80-04c3000069c0/documentminiature/ec8da099-e6f0-4783-979f-87a3ec6df5a3
d24ea151-9659-11f0-0a80-0df4001d5d5a,00751,"Футболки Nike Ball (Черный, L)",Футболки/Nike,1000.0,0.0,True,,https://miniature-prod.moysklad.ru/miniature/87fab22b-93c2-11f0-0a80-04c3000069c0/documentminiature/ec8da099-e6f0-4783-979f-87a3ec6df5a3
d250bfd3-9659-11f0-0a80-0df4001d5d61,00752,"Футболки Nike Ball (Черный, M)",Футболки/Nike,1000.0,0.0,True,,https://miniature-prod.moysklad.ru/miniature/87fab22b-93c2-11f0-0a80-04c3000069c0/documentminiature/ec8da099-e6f0-4783-979f-87a3ec6df5a3
d252afb1-9659-11f0-0a80-0df4001d5d68,00753,"Футболки Nike Ball (Черный, S)",Футболки/Nike,1000.0,0.0,True,,https://miniature-prod.moysklad.ru/miniature/87fab22b-93c2-11f0-0a80-04c3000069c0/documentminiature/ec8da099-e6f0-4783-979f-87a3ec6df5a3
d2549dae-9659-11f0-0a80-0df4001d5d6f,00754,"Футболки Nike Ball (Черный, XL)",Футболки/Nike,1000.0,0.0,True,,https://miniature-prod.moysklad.ru/miniature/87fab22b-93c2-11f0-0a80-04c3000069c0/documentminiature/ec8da099-e6f0-4783-979f-87a3ec6df5a3
5ff974cc-9658-11f0-0a80-0f42001d5e1a,00070,Футболки Nike Chicago,Футболки/Nike,1000.0,0.0,True,,https://miniature-prod.moysklad.ru/miniature/87fab22b-93c2-11f0-0a80-04c3000069c0/documentminiature/d91edb7d-0c8b-4782-af8a-60c128ebcd78
6896bbf1-9658-11f0-0a80-0066001d452f,00646,"Футболки Nike Chicago (Белый, 2XL)",Футболки/Nike,1000.0,0.0,True,,https://miniature-prod.moysklad.ru/miniature/87fab22b-93c2-11f0-0a80-04c3000069c0/documentminiature/d91edb7d-0c8b-4782-af8a-60c128ebcd78
68994c53-9658-11f0-0a80-0066001d4536,00647,"Футболки Nike Chicago (Белый, L)",Футболки/Nike,1000.0,0.0,True,,https://miniature-prod.moysklad.ru/miniature/87fab22b-93c2-11f0-0a80-04c3000069c0/documentminiature/d91edb7d-0c8b-4782-af8a-60c128ebcd78
689ba5f1-9658-11f0-0a80-0066001d453d,00648,"Футболки Nike Chicago (Белый, M)",Футболки/Nike,1000.0,0.0,True,,https://miniature-prod.moysklad.ru/miniature/87fab22b-93c2-11f0-0a80-04c3000069c0/documentminiature/d91edb7d-0c8b-4782-af8a-60c128ebcd78
689dc672-9658-11f0-0a80-0066001d4544,00649,"Футболки Nike Chicago (Белый, S)",Футболки/Nike,1000.0,0.0,True,,https://miniature-prod.moysklad.ru/miniature/87fab22b-93c2-11f0-0a80-04c3000069c0/documentminiature/d91edb7d-0c8b-4782-af8a-60c128ebcd78
689fc8a3-9658-11f0-0a80-0066001d454b,00650,"Футболки Nike Chicago (Белый, XL)",Футболки/Nike,1000.0,0.0,True,,https://miniature-prod.moysklad.ru/miniature/87fab22b-93c2-11f0-0a80-04c3000069c0/documentminiature/d91edb7d-0c8b-4782-af8a-60c128ebcd78
562b2af9-9659-11f0-0a80-0066001d49b2,00078,Футболки Nike Fear Of God,Футболки/Nike,1000.0,0.0,True,,https://miniature-prod.moysklad.ru/miniature/87fab22b-93c2-11f0-0a80-04c3000069c0/documentminiature/fe765b0c-2ea2-4c6b-a3ef-93676def0607
5e44cec2-9659-11f0-0a80-0066001d49d2,00704,"Футболки Nike Fear Of God (Белый, 2XL)",Футболки/Nike,1000.0,0.0,True,,https://miniature-prod.moysklad.ru/miniature/87fab22b-93c2-11f0-0a80-04c3000069c0/documentminiature/fe765b0c-2ea2-4c6b-a3ef-93676def0607
5e4741dc-9659-11f0-0a80-0066001d49d9,00705,"Футболки Nike Fear Of God (Белый, L)",Футболки/Nike,1000.0,0.0,True,,https://miniature-prod.moysklad.ru/miniature/87fab22b-93c2-11f0-0a80-04c3000069c0/documentminiature/fe765b0c-2ea2-4c6b-a3ef-93676def0607
5e4979a5-9659-11f0-0a80-0066001d49e0,00706,"Футболки Nike Fear Of God (Белый, M)",Футболки/Nike,1000.0,0.0,True,,https://miniature-prod.moysklad.ru/miniature/87fab22b-93c2-11f0-0a80-04c3000069c0/documentminiature/fe765b0c-2ea2-4c6b-a3ef-93676def0607
5e4bb9f0-9659-11f0-0a80-0066001d49e7,00707,"Футболки Nike Fear Of God (Белый, S)",Футболки/Nike,1000.0,0.0,True,,https://miniature-prod.moysklad.ru/miniature/87fab22b-93c2-11f0-0a80-04c3000069c0/documentminiature/fe765b0c-2ea2-4c6b-a3ef-93676def0607
5e4de52c-9659-11f0-0a80-0066001d49ee,00708,"Футболки Nike Fear Of God (Белый, XL)",Футболки/Nike,1000.0,0.0,True,,https://miniature-prod.moysklad.ru/miniature/87fab22b-93c2-11f0-0a80-04c3000069c0/documentminiature/fe765b0c-2ea2-4c6b-a3ef-93676def0607
5e501b7a-9659-11f0-0a80-0066001d49f5,00709,"Футболки Nike Fear Of God (Черный, 2XL)",Футболки/Nike,1000.0,0.0,True,,https://miniature-prod.moysklad.ru/miniature/87fab22b-93c2-11f0-0a80-04c3000069c0/documentminiature/fe765b0c-2ea2-4c6b-a3ef-93676def0607
5e52387c-9659-11f0-0a80-0066001d49fc,00710,"Футболки Nike Fear Of God (Черный, L)",Футболки/Nike,1000.0,0.0,True,,https://miniature-prod.moysklad.ru/miniature/87fab22b-93c2-11f0-0a80-04c3000069c0/documentminiature/fe765b0c-2ea2-4c6b-a3ef-93676def0607
5e546c4e-9659-11f0-0a80-0066001d4a03,00711,"Футболки Nike Fear Of God (Черный, M)",Футболки/Nike,1000.0,0.0,True,,https://miniature-prod.moysklad.ru/miniature/87fab22b-93c2-11f0-0a80-04c3000069c0/documentminiature/fe765b0c-2ea2-4c6b-a3ef-93676def0607
5e56b549-9659-11f0-0a80-0066001d4a0c,00712,"Футболки Nike Fear Of God (Черный, S)",Футболки/Nike,1000.0,0.0,True,,https://miniature-prod.moysklad.ru/miniature/87fab22b-93c2-11f0-0a80-04c3000069c0/documentminiature/fe765b0c-2ea2-4c6b-a3ef-93676def0607
5e58e743-9659-11f0-0a80-0066001d4a13,00713,"Футболки Nike Fear Of God (Черный, XL)",Футболки/Nike,1000.0,0.0,True,,https://miniature-prod.moysklad.ru/miniature/87fab22b-93c2-11f0-0a80-04c3000069c0/documentminiature/fe765b0c-2ea2-4c6b-a3ef-93676def0607
28cf60c9-9659-11f0-0a80-17d5001da547,00077,Футболки Nike x Stussy,Футболки/Nike,1000.0,0.0,True,,https://miniature-prod.moysklad.ru/miniature/87fab22b-93c2-11f0-0a80-04c3000069c0/documentminiature/3d50f0fb-3e83-44d1-9425-c01c00da4b05
3bfd06f7-9659-11f0-0a80-0f42001d6149,00694,"Футболки Nike x Stussy (Белый, 2XL)",Футболки/Nike,1000.0,0.0,True,,https://miniature-prod.moysklad.ru/miniature/87fab22b-93c2-11f0-0a80-04c3000069c0/documentminiature/3d50f0fb-3e83-44d1-9425-c01c00da4b05
3c0017c2-9659-11f0-0a80-0f42001d6150,00695,"Футболки Nike x Stussy (Белый, L)",Футболки/Nike,1000.0,0.0,True,,https://miniature-prod.moysklad.ru/miniature/87fab22b-93c2-11f0-0a80-04c3000069c0/documentminiature/3d50f0fb-3e83-44d1-9425-c01c00da4b05
3c02c5f0-9659-11f0-0a80-0f42001d6157,00696,"Футболки Nike x Stussy (Белый, M)",Футболки/Nike,1000.0,0.0,True,,https://miniature-prod.moysklad.ru/miniature/87fab22b-93c2-11f0-0a80-04c3000069c0/documentminiature/3d50f0fb-3e83-44d1-9425-c01c00da4b05
3c057ab6-9659-11f0-0a80-0f42001d615e,00697,"Футболки Nike x Stussy (Белый, S)",Футболки/Nike,1000.0,0.0,True,,https://miniature-prod.moysklad.ru/miniature/87fab22b-93c2-11f0-0a80-04c3000069c0/documentminiature/3d50f0fb-3e83-44d1-9425-c01c00da4b05
3c081589-9659-11f0-0a80-0f42001d6165,00698,"Футболки Nike x Stussy (Белый, XL)",Футболки/Nike,1000.0,0.0,True,,https://miniature-prod.moysklad.ru/miniature/87fab22b-93c2-11f0-0a80-04c3000069c0/documentminiature/3d50f0fb-3e83-44d1-9425-c01c00da4b05
3c0ab734-9659-11f0-0a80-0f42001d616c,00699,"Футболки Nike x Stussy (Черный, 2XL)",Футболки/Nike,1000.0,0.0,True,,https://miniature-prod.moysklad.ru/miniature/87fab22b-93c2-11f0-0a80-04c3000069c0/documentminiature/3d50f0fb-3e83-44d1-9425-c01c00da4b05
3c0d7103-9659-11f0-0a80-0f42001d6173,00700,"Футболки Nike x Stussy (Черный, L)",Футболки/Nike,1000.0,0.0,True,,https://miniature-prod.moysklad.ru/miniature/87fab22b-93c2-11f0-0a80-04c3000069c0/documentminiature/3d50f0fb-3e83-44d1-9425-c01c00da4b05
3c1028ce-9659-11f0-0a80-0f42001d617a,00701,"Футболки Nike x Stussy (Черный, M)",Футболки/Nike,1000.0,0.0,True,,https://miniature-prod.moysklad.ru/miniature/87fab22b-93c2-11f0-0a80-04c3000069c0/documentminiature/3d50f0fb-3e83-44d1-9425-c01c00da4b05
3c12ccde-9659-11f0-0a80-0f42001d6181,00702,"Футболки Nike x Stussy (Черный, S)",Футболки/Nike,1000.0,0.0,True,,https://miniature-prod.moysklad.ru/miniature/87fab22b-93c2-11f0-0a80-04c3000069c0/documentminiature/3d50f0fb-3e83-44d1-9425-c01c00da4b05
3c157ffc-9659-11f0-0a80-0f42001d6188,00703,"Футболки Nike x Stussy (Черный, XL)",Футболки/Nike,1000.0,0.0,True,,https://miniature-prod.moysklad.ru/miniature/87fab22b-93c2-11f0-0a80-04c3000069c0/documentminiature/3d50f0fb-3e83-44d1-9425-c01c00da4b05
224bf204-67f0-11f1-0a80-035c00301863,00656,Футболка Oakley,Футболки/Oakley,1000.0,0.0,True,,https://miniature-prod.moysklad.ru/miniature/87fab22b-93c2-11f0-0a80-04c3000069c0/documentminiature/7aea07d4-a69f-47a3-886e-fdddfa7ee570
747eb187-6b0c-11f1-0a80-0f680023882e,00662,Футболка Oakley,Футболки/Oakley,1000.0,0.0,True,,https://miniature-prod.moysklad.ru/miniature/87fab22b-93c2-11f0-0a80-04c3000069c0/documentminiature/531efd69-3a6c-46d7-9ee7-ecb022f9805e
d2c5ca8c-6eee-11f1-0a80-060a00460d42,00673,Футболка Oakley,Футболки/Oakley,1000.0,0.0,True,,https://miniature-prod.moysklad.ru/miniature/87fab22b-93c2-11f0-0a80-04c3000069c0/documentminiature/296f9318-5e0f-4c6a-9818-cbcd3c16282a
81aff820-6b0c-11f1-0a80-0c10002333b2,05510,"Футболка Oakley (2XL, Черный)",Футболки/Oakley,1000.0,1.0,True,,https://miniature-prod.moysklad.ru/miniature/87fab22b-93c2-11f0-0a80-04c3000069c0/documentminiature/531efd69-3a6c-46d7-9ee7-ecb022f9805e
81b4bd49-6b0c-11f1-0a80-0c10002333bb,05511,"Футболка Oakley (L, Черный)",Футболки/Oakley,1000.0,0.0,True,,https://miniature-prod.moysklad.ru/miniature/87fab22b-93c2-11f0-0a80-04c3000069c0/documentminiature/531efd69-3a6c-46d7-9ee7-ecb022f9805e
81b905be-6b0c-11f1-0a80-0c10002333c4,05512,"Футболка Oakley (M, Черный)",Футболки/Oakley,1000.0,0.0,True,,https://miniature-prod.moysklad.ru/miniature/87fab22b-93c2-11f0-0a80-04c3000069c0/documentminiature/531efd69-3a6c-46d7-9ee7-ecb022f9805e
81bde495-6b0c-11f1-0a80-0c10002333cd,05513,"Футболка Oakley (S, Черный)",Футболки/Oakley,1000.0,0.0,True,,https://miniature-prod.moysklad.ru/miniature/87fab22b-93c2-11f0-0a80-04c3000069c0/documentminiature/531efd69-3a6c-46d7-9ee7-ecb022f9805e
81c21470-6b0c-11f1-0a80-0c10002333d6,05514,"Футболка Oakley (XL, Черный)",Футболки/Oakley,1000.0,1.0,True,,https://miniature-prod.moysklad.ru/miniature/87fab22b-93c2-11f0-0a80-04c3000069c0/documentminiature/531efd69-3a6c-46d7-9ee7-ecb022f9805e
2ba04013-67f0-11f1-0a80-035c003018ee,05480,"Футболка Oakley (Белый, 2XL)",Футболки/Oakley,1000.0,0.0,True,,https://miniature-prod.moysklad.ru/miniature/87fab22b-93c2-11f0-0a80-04c3000069c0/documentminiature/7aea07d4-a69f-47a3-886e-fdddfa7ee570
ddcbaab8-6eee-11f1-0a80-09a500459007,05620,"Футболка Oakley (Белый, 2XL)",Футболки/Oakley,1000.0,0.0,True,,https://miniature-prod.moysklad.ru/miniature/87fab22b-93c2-11f0-0a80-04c3000069c0/documentminiature/296f9318-5e0f-4c6a-9818-cbcd3c16282a
2ba396f5-67f0-11f1-0a80-035c003018f7,05481,"Футболка Oakley (Белый, L)",Футболки/Oakley,1000.0,0.0,True,,https://miniature-prod.moysklad.ru/miniature/87fab22b-93c2-11f0-0a80-04c3000069c0/documentminiature/7aea07d4-a69f-47a3-886e-fdddfa7ee570
ddcf4ab2-6eee-11f1-0a80-09a500459010,05621,"Футболка Oakley (Белый, L)",Футболки/Oakley,1000.0,0.0,True,,https://miniature-prod.moysklad.ru/miniature/87fab22b-93c2-11f0-0a80-04c3000069c0/documentminiature/296f9318-5e0f-4c6a-9818-cbcd3c16282a
2ba63656-67f0-11f1-0a80-035c00301900,05482,"Футболка Oakley (Белый, M)",Футболки/Oakley,1000.0,0.0,True,,https://miniature-prod.moysklad.ru/miniature/87fab22b-93c2-11f0-0a80-04c3000069c0/documentminiature/7aea07d4-a69f-47a3-886e-fdddfa7ee570
ddd250d3-6eee-11f1-0a80-09a50045901c,05622,"Футболка Oakley (Белый, M)",Футболки/Oakley,1000.0,0.0,True,,https://miniature-prod.moysklad.ru/miniature/87fab22b-93c2-11f0-0a80-04c3000069c0/documentminiature/296f9318-5e0f-4c6a-9818-cbcd3c16282a
2ba964d5-67f0-11f1-0a80-035c00301909,05483,"Футболка Oakley (Белый, S)",Футболки/Oakley,1000.0,0.0,True,,https://miniature-prod.moysklad.ru/miniature/87fab22b-93c2-11f0-0a80-04c3000069c0/documentminiature/7aea07d4-a69f-47a3-886e-fdddfa7ee570
ddd50de0-6eee-11f1-0a80-09a500459025,05623,"Футболка Oakley (Белый, S)",Футболки/Oakley,1000.0,0.0,True,,https://miniature-prod.moysklad.ru/miniature/87fab22b-93c2-11f0-0a80-04c3000069c0/documentminiature/296f9318-5e0f-4c6a-9818-cbcd3c16282a
2babfdd7-67f0-11f1-0a80-035c00301912,05484,"Футболка Oakley (Белый, XL)",Футболки/Oakley,1000.0,0.0,True,,https://miniature-prod.moysklad.ru/miniature/87fab22b-93c2-11f0-0a80-04c3000069c0/documentminiature/7aea07d4-a69f-47a3-886e-fdddfa7ee570
ddd8ca18-6eee-11f1-0a80-09a50045902e,05624,"Футболка Oakley (Белый, XL)",Футболки/Oakley,1000.0,0.0,True,,https://miniature-prod.moysklad.ru/miniature/87fab22b-93c2-11f0-0a80-04c3000069c0/documentminiature/296f9318-5e0f-4c6a-9818-cbcd3c16282a
cd9f2d0f-67f6-11f1-0a80-1d4f003066ce,00660,Футболка Oakley mountains,Футболки/Oakley,1000.0,0.0,True,,https://miniature-prod.moysklad.ru/miniature/87fab22b-93c2-11f0-0a80-04c3000069c0/documentminiature/f8dcb117-7901-4e03-b4f3-bedd176b8e90
d739008b-67f6-11f1-0a80-035c00307b71,05500,"Футболка Oakley mountains (Черный, 2XL)",Футболки/Oakley,1000.0,0.0,True,,https://miniature-prod.moysklad.ru/miniature/87fab22b-93c2-11f0-0a80-04c3000069c0/documentminiature/f8dcb117-7901-4e03-b4f3-bedd176b8e90
d73cbb3b-67f6-11f1-0a80-035c00307b7a,05501,"Футболка Oakley mountains (Черный, L)",Футболки/Oakley,1000.0,0.0,True,,https://miniature-prod.moysklad.ru/miniature/87fab22b-93c2-11f0-0a80-04c3000069c0/documentminiature/f8dcb117-7901-4e03-b4f3-bedd176b8e90
d73f9f09-67f6-11f1-0a80-035c00307b83,05502,"Футболка Oakley mountains (Черный, M)",Футболки/Oakley,1000.0,0.0,True,,https://miniature-prod.moysklad.ru/miniature/87fab22b-93c2-11f0-0a80-04c3000069c0/documentminiature/f8dcb117-7901-4e03-b4f3-bedd176b8e90
d7425dbe-67f6-11f1-0a80-035c00307b8c,05503,"Футболка Oakley mountains (Черный, S)",Футболки/Oakley,1000.0,0.0,True,,https://miniature-prod.moysklad.ru/miniature/87fab22b-93c2-11f0-0a80-04c3000069c0/documentminiature/f8dcb117-7901-4e03-b4f3-bedd176b8e90
d7451e22-67f6-11f1-0a80-035c00307b95,05504,"Футболка Oakley mountains (Черный, XL)",Футболки/Oakley,1000.0,0.0,True,,https://miniature-prod.moysklad.ru/miniature/87fab22b-93c2-11f0-0a80-04c3000069c0/documentminiature/f8dcb117-7901-4e03-b4f3-bedd176b8e90
5f0856f7-965f-11f0-0a80-090b001c33f8,00144,Футболки Palace Metal,Футболки/Palace,1200.0,0.0,True,,https://miniature-prod.moysklad.ru/miniature/87fab22b-93c2-11f0-0a80-04c3000069c0/documentminiature/cb8bca92-7fba-4d1e-a306-62919f39a1bc
69e745a5-965f-11f0-0a80-0cc6001d5fea,01344,"Футболки Palace Metal (Белый, 2XL)",Футболки/Palace,1200.0,0.0,True,,https://miniature-prod.moysklad.ru/miniature/87fab22b-93c2-11f0-0a80-04c3000069c0/documentminiature/cb8bca92-7fba-4d1e-a306-62919f39a1bc
69ea22ad-965f-11f0-0a80-0cc6001d5ff1,01345,"Футболки Palace Metal (Белый, L)",Футболки/Palace,1200.0,0.0,True,,https://miniature-prod.moysklad.ru/miniature/87fab22b-93c2-11f0-0a80-04c3000069c0/documentminiature/cb8bca92-7fba-4d1e-a306-62919f39a1bc
69eccf86-965f-11f0-0a80-0cc6001d5ff8,01346,"Футболки Palace Metal (Белый, M)",Футболки/Palace,1200.0,0.0,True,,https://miniature-prod.moysklad.ru/miniature/87fab22b-93c2-11f0-0a80-04c3000069c0/documentminiature/cb8bca92-7fba-4d1e-a306-62919f39a1bc
69ef7aec-965f-11f0-0a80-0cc6001d5fff,01347,"Футболки Palace Metal (Белый, S)",Футболки/Palace,1200.0,0.0,True,,https://miniature-prod.moysklad.ru/miniature/87fab22b-93c2-11f0-0a80-04c3000069c0/documentminiature/cb8bca92-7fba-4d1e-a306-62919f39a1bc
69f1dcba-965f-11f0-0a80-0cc6001d6006,01348,"Футболки Palace Metal (Белый, XL)",Футболки/Palace,1200.0,0.0,True,,https://miniature-prod.moysklad.ru/miniature/87fab22b-93c2-11f0-0a80-04c3000069c0/documentminiature/cb8bca92-7fba-4d1e-a306-62919f39a1bc
69f462e8-965f-11f0-0a80-0cc6001d600d,01349,"Футболки Palace Metal (Белый, XS)",Футболки/Palace,1200.0,0.0,True,,https://miniature-prod.moysklad.ru/miniature/87fab22b-93c2-11f0-0a80-04c3000069c0/documentminiature/cb8bca92-7fba-4d1e-a306-62919f39a1bc
69f724a4-965f-11f0-0a80-0cc6001d6014,01350,"Футболки Palace Metal (Белый, XXS)",Футболки/Palace,1200.0,0.0,True,,https://miniature-prod.moysklad.ru/miniature/87fab22b-93c2-11f0-0a80-04c3000069c0/documentminiature/cb8bca92-7fba-4d1e-a306-62919f39a1bc
69fa61bd-965f-11f0-0a80-0cc6001d601b,01351,"Футболки Palace Metal (Черный, 2XL)",Футболки/Palace,1200.0,0.0,True,,https://miniature-prod.moysklad.ru/miniature/87fab22b-93c2-11f0-0a80-04c3000069c0/documentminiature/cb8bca92-7fba-4d1e-a306-62919f39a1bc
69fd409b-965f-11f0-0a80-0cc6001d6022,01352,"Футболки Palace Metal (Черный, L)",Футболки/Palace,1200.0,0.0,True,,https://miniature-prod.moysklad.ru/miniature/87fab22b-93c2-11f0-0a80-04c3000069c0/documentminiature/cb8bca92-7fba-4d1e-a306-62919f39a1bc
69ffedf1-965f-11f0-0a80-0cc6001d6029,01353,"Футболки Palace Metal (Черный, M)",Футболки/Palace,1200.0,0.0,True,,https://miniature-prod.moysklad.ru/miniature/87fab22b-93c2-11f0-0a80-04c3000069c0/documentminiature/cb8bca92-7fba-4d1e-a306-62919f39a1bc
6a02cf14-965f-11f0-0a80-0cc6001d6030,01354,"Футболки Palace Metal (Черный, S)",Футболки/Palace,1200.0,0.0,True,,https://miniature-prod.moysklad.ru/miniature/87fab22b-93c2-11f0-0a80-04c3000069c0/documentminiature/cb8bca92-7fba-4d1e-a306-62919f39a1bc
6a055ea7-965f-11f0-0a80-0cc6001d6037,01355,"Футболки Palace Metal (Черный, XL)",Футболки/Palace,1200.0,0.0,True,,https://miniature-prod.moysklad.ru/miniature/87fab22b-93c2-11f0-0a80-04c3000069c0/documentminiature/cb8bca92-7fba-4d1e-a306-62919f39a1bc
6a07f03b-965f-11f0-0a80-0cc6001d603e,01356,"Футболки Palace Metal (Черный, XS)",Футболки/Palace,1200.0,0.0,True,,https://miniature-prod.moysklad.ru/miniature/87fab22b-93c2-11f0-0a80-04c3000069c0/documentminiature/cb8bca92-7fba-4d1e-a306-62919f39a1bc
6a0acc9f-965f-11f0-0a80-0cc6001d6045,01357,"Футболки Palace Metal (Черный, XXS)",Футболки/Palace,1200.0,0.0,True,,https://miniature-prod.moysklad.ru/miniature/87fab22b-93c2-11f0-0a80-04c3000069c0/documentminiature/cb8bca92-7fba-4d1e-a306-62919f39a1bc
94997933-965f-11f0-0a80-19dd001d9683,00146,Футболки Palace x Gap Athletes,Футболки/Palace,1000.0,0.0,True,,https://miniature-prod.moysklad.ru/miniature/87fab22b-93c2-11f0-0a80-04c3000069c0/documentminiature/7fa44362-7ba1-4d6c-b7f0-c1c0e2393be5
a5bb6b84-965f-11f0-0a80-187f001e1f87,01365,"Футболки Palace x Gap Athletes (Белый, 2XL)",Футболки/Palace,1000.0,0.0,True,,https://miniature-prod.moysklad.ru/miniature/87fab22b-93c2-11f0-0a80-04c3000069c0/documentminiature/7fa44362-7ba1-4d6c-b7f0-c1c0e2393be5
a5bf52c9-965f-11f0-0a80-187f001e1f8e,01366,"Футболки Palace x Gap Athletes (Белый, L)",Футболки/Palace,1000.0,0.0,True,,https://miniature-prod.moysklad.ru/miniature/87fab22b-93c2-11f0-0a80-04c3000069c0/documentminiature/7fa44362-7ba1-4d6c-b7f0-c1c0e2393be5
a5c29c26-965f-11f0-0a80-187f001e1f95,01367,"Футболки Palace x Gap Athletes (Белый, M)",Футболки/Palace,1000.0,0.0,True,,https://miniature-prod.moysklad.ru/miniature/87fab22b-93c2-11f0-0a80-04c3000069c0/documentminiature/7fa44362-7ba1-4d6c-b7f0-c1c0e2393be5
a5c5cbe6-965f-11f0-0a80-187f001e1f9c,01368,"Футболки Palace x Gap Athletes (Белый, S)",Футболки/Palace,1000.0,0.0,True,,https://miniature-prod.moysklad.ru/miniature/87fab22b-93c2-11f0-0a80-04c3000069c0/documentminiature/7fa44362-7ba1-4d6c-b7f0-c1c0e2393be5
a5c8c65e-965f-11f0-0a80-187f001e1fa3,01369,"Футболки Palace x Gap Athletes (Белый, XL)",Футболки/Palace,1000.0,0.0,True,,https://miniature-prod.moysklad.ru/miniature/87fab22b-93c2-11f0-0a80-04c3000069c0/documentminiature/7fa44362-7ba1-4d6c-b7f0-c1c0e2393be5
a5cc0a42-965f-11f0-0a80-187f001e1faa,01370,"Футболки Palace x Gap Athletes (Белый, XS)",Футболки/Palace,1000.0,0.0,True,,https://miniature-prod.moysklad.ru/miniature/87fab22b-93c2-11f0-0a80-04c3000069c0/documentminiature/7fa44362-7ba1-4d6c-b7f0-c1c0e2393be5
a5ceb78c-965f-11f0-0a80-187f001e1fb1,01371,"Футболки Palace x Gap Athletes (Белый, XXS)",Футболки/Palace,1000.0,0.0,True,,https://miniature-prod.moysklad.ru/miniature/87fab22b-93c2-11f0-0a80-04c3000069c0/documentminiature/7fa44362-7ba1-4d6c-b7f0-c1c0e2393be5
aa843c5f-814c-11f1-0a80-01700001530a,00705,Palm Angels,Футболки/Palm Angels,1000.0,0.0,True,,https://miniature-prod.moysklad.ru/miniature/87fab22b-93c2-11f0-0a80-04c3000069c0/documentminiature/c3dc4b6f-7268-4c51-aa93-68c6073e3d19
495a2da4-814d-11f1-0a80-06960001307a,05790,"Palm Angels (Бежевый, 2XL)",Футболки/Palm Angels,1000.0,0.0,True,,https://miniature-prod.moysklad.ru/miniature/87fab22b-93c2-11f0-0a80-04c3000069c0/documentminiature/c3dc4b6f-7268-4c51-aa93-68c6073e3d19
495f1edb-814d-11f1-0a80-069600013083,05791,"Palm Angels (Бежевый, L)",Футболки/Palm Angels,1000.0,0.0,True,,https://miniature-prod.moysklad.ru/miniature/87fab22b-93c2-11f0-0a80-04c3000069c0/documentminiature/c3dc4b6f-7268-4c51-aa93-68c6073e3d19
4963119b-814d-11f1-0a80-06960001308c,05792,"Palm Angels (Бежевый, M)",Футболки/Palm Angels,1000.0,0.0,True,,https://miniature-prod.moysklad.ru/miniature/87fab22b-93c2-11f0-0a80-04c3000069c0/documentminiature/c3dc4b6f-7268-4c51-aa93-68c6073e3d19
49675a45-814d-11f1-0a80-069600013095,05793,"Palm Angels (Бежевый, S)",Футболки/Palm Angels,1000.0,0.0,True,,https://miniature-prod.moysklad.ru/miniature/87fab22b-93c2-11f0-0a80-04c3000069c0/documentminiature/c3dc4b6f-7268-4c51-aa93-68c6073e3d19
496bab64-814d-11f1-0a80-06960001309e,05794,"Palm Angels (Бежевый, XL)",Футболки/Palm Angels,1000.0,1.0,True,,https://miniature-prod.moysklad.ru/miniature/87fab22b-93c2-11f0-0a80-04c3000069c0/documentminiature/c3dc4b6f-7268-4c51-aa93-68c6073e3d19
485e885f-814e-11f1-0a80-1a9f0000f30c,00706,Футболка Варенка Palm Angels,Футболки/Palm Angels,1250.0,0.0,True,,https://miniature-prod.moysklad.ru/miniature/87fab22b-93c2-11f0-0a80-04c3000069c0/documentminiature/1ac728d8-5839-4022-9d7d-1c0c774c7528
5711e1fa-814e-11f1-0a80-051f00010671,05795,"Футболка Варенка Palm Angels (Розовый Варенка, 2XL)",Футболки/Palm Angels,1250.0,0.0,True,,https://miniature-prod.moysklad.ru/miniature/87fab22b-93c2-11f0-0a80-04c3000069c0/documentminiature/1ac728d8-5839-4022-9d7d-1c0c774c7528
5729d839-814e-11f1-0a80-051f0001067a,05796,"Футболка Варенка Palm Angels (Розовый Варенка, L)",Футболки/Palm Angels,1250.0,0.0,True,,https://miniature-prod.moysklad.ru/miniature/87fab22b-93c2-11f0-0a80-04c3000069c0/documentminiature/1ac728d8-5839-4022-9d7d-1c0c774c7528
572d1e41-814e-11f1-0a80-051f00010683,05797,"Футболка Варенка Palm Angels (Розовый Варенка, M)",Футболки/Palm Angels,1250.0,-1.0,True,,https://miniature-prod.moysklad.ru/miniature/87fab22b-93c2-11f0-0a80-04c3000069c0/documentminiature/1ac728d8-5839-4022-9d7d-1c0c774c7528
573104b1-814e-11f1-0a80-051f0001068c,05798,"Футболка Варенка Palm Angels (Розовый Варенка, S)",Футболки/Palm Angels,1250.0,0.0,True,,https://miniature-prod.moysklad.ru/miniature/87fab22b-93c2-11f0-0a80-04c3000069c0/documentminiature/1ac728d8-5839-4022-9d7d-1c0c774c7528
5734e3dd-814e-11f1-0a80-051f00010695,05799,"Футболка Варенка Palm Angels (Розовый Варенка, XL)",Футболки/Palm Angels,1250.0,0.0,True,,https://miniature-prod.moysklad.ru/miniature/87fab22b-93c2-11f0-0a80-04c3000069c0/documentminiature/1ac728d8-5839-4022-9d7d-1c0c774c7528
11a492e2-77d9-11f1-0a80-1c6c001bb8d9,00680,Футболка Philip Plein,Футболки/Philip Plein,1000.0,0.0,True,,https://miniature-prod.moysklad.ru/miniature/87fab22b-93c2-11f0-0a80-04c3000069c0/documentminiature/48d22ba7-0092-4dd0-9285-4b192820b46a
19acd67d-77d9-11f1-0a80-1c6c001bb910,05665,"Футболка Philip Plein (2XL, Белый)",Футболки/Philip Plein,1000.0,0.0,True,,https://miniature-prod.moysklad.ru/miniature/87fab22b-93c2-11f0-0a80-04c3000069c0/documentminiature/48d22ba7-0092-4dd0-9285-4b192820b46a
19b0dc89-77d9-11f1-0a80-1c6c001bb919,05666,"Футболка Philip Plein (L, Белый)",Футболки/Philip Plein,1000.0,0.0,True,,https://miniature-prod.moysklad.ru/miniature/87fab22b-93c2-11f0-0a80-04c3000069c0/documentminiature/48d22ba7-0092-4dd0-9285-4b192820b46a
19b3fdf2-77d9-11f1-0a80-1c6c001bb922,05667,"Футболка Philip Plein (M, Белый)",Футболки/Philip Plein,1000.0,0.0,True,,https://miniature-prod.moysklad.ru/miniature/87fab22b-93c2-11f0-0a80-04c3000069c0/documentminiature/48d22ba7-0092-4dd0-9285-4b192820b46a
19b7160b-77d9-11f1-0a80-1c6c001bb92b,05668,"Футболка Philip Plein (S, Белый)",Футболки/Philip Plein,1000.0,0.0,True,,https://miniature-prod.moysklad.ru/miniature/87fab22b-93c2-11f0-0a80-04c3000069c0/documentminiature/48d22ba7-0092-4dd0-9285-4b192820b46a
19ba9de5-77d9-11f1-0a80-1c6c001bb934,05669,"Футболка Philip Plein (XL, Белый)",Футболки/Philip Plein,1000.0,0.0,True,,https://miniature-prod.moysklad.ru/miniature/87fab22b-93c2-11f0-0a80-04c3000069c0/documentminiature/48d22ba7-0092-4dd0-9285-4b192820b46a
174b64ea-4971-11f1-0a80-144f00008939,00315,Футболка Polo Ralph Lauren,Футболки/Polo Ralph Lauren,1000.0,0.0,True,,https://miniature-prod.moysklad.ru/miniature/87fab22b-93c2-11f0-0a80-04c3000069c0/documentminiature/b137a7e1-f3b6-42b6-ac39-a9501d679d55
2729f6da-4971-11f1-0a80-1649000074ea,02447,"Футболка Polo Ralph Lauren (Черный, 2XL)",Футболки/Polo Ralph Lauren,1000.0,0.0,True,,https://miniature-prod.moysklad.ru/miniature/87fab22b-93c2-11f0-0a80-04c3000069c0/documentminiature/b137a7e1-f3b6-42b6-ac39-a9501d679d55
272d5b32-4971-11f1-0a80-1649000074f3,02448,"Футболка Polo Ralph Lauren (Черный, L)",Футболки/Polo Ralph Lauren,1000.0,0.0,True,,https://miniature-prod.moysklad.ru/miniature/87fab22b-93c2-11f0-0a80-04c3000069c0/documentminiature/b137a7e1-f3b6-42b6-ac39-a9501d679d55
27306036-4971-11f1-0a80-1649000074fc,02449,"Футболка Polo Ralph Lauren (Черный, M)",Футболки/Polo Ralph Lauren,1000.0,0.0,True,,https://miniature-prod.moysklad.ru/miniature/87fab22b-93c2-11f0-0a80-04c3000069c0/documentminiature/b137a7e1-f3b6-42b6-ac39-a9501d679d55
27335bfd-4971-11f1-0a80-164900007505,02450,"Футболка Polo Ralph Lauren (Черный, S)",Футболки/Polo Ralph Lauren,1000.0,0.0,True,,https://miniature-prod.moysklad.ru/miniature/87fab22b-93c2-11f0-0a80-04c3000069c0/documentminiature/b137a7e1-f3b6-42b6-ac39-a9501d679d55
2736193d-4971-11f1-0a80-16490000750e,02451,"Футболка Polo Ralph Lauren (Черный, XL)",Футболки/Polo Ralph Lauren,1000.0,0.0,True,,https://miniature-prod.moysklad.ru/miniature/87fab22b-93c2-11f0-0a80-04c3000069c0/documentminiature/b137a7e1-f3b6-42b6-ac39-a9501d679d55
0b4b7f67-965c-11f0-0a80-0cc6001d55a1,00108,Футболка polo Bear,Футболки/Polo Ralph Lauren,1000.0,0.0,True,,https://miniature-prod.moysklad.ru/miniature/87fab22b-93c2-11f0-0a80-04c3000069c0/documentminiature/9a668854-44b8-4385-b695-678a455fd39a
139cbda4-965c-11f0-0a80-19dd001d89be,00943,"Футболка polo Bear (Белый, 2XL)",Футболки/Polo Ralph Lauren,1000.0,0.0,True,,https://miniature-prod.moysklad.ru/miniature/87fab22b-93c2-11f0-0a80-04c3000069c0/documentminiature/9a668854-44b8-4385-b695-678a455fd39a
139f45e3-965c-11f0-0a80-19dd001d89c5,00944,"Футболка polo Bear (Белый, L)",Футболки/Polo Ralph Lauren,1000.0,0.0,True,,https://miniature-prod.moysklad.ru/miniature/87fab22b-93c2-11f0-0a80-04c3000069c0/documentminiature/9a668854-44b8-4385-b695-678a455fd39a
13a13596-965c-11f0-0a80-19dd001d89cc,00945,"Футболка polo Bear (Белый, M)",Футболки/Polo Ralph Lauren,1000.0,0.0,True,,https://miniature-prod.moysklad.ru/miniature/87fab22b-93c2-11f0-0a80-04c3000069c0/documentminiature/9a668854-44b8-4385-b695-678a455fd39a
13a31c2f-965c-11f0-0a80-19dd001d89d3,00946,"Футболка polo Bear (Белый, S)",Футболки/Polo Ralph Lauren,1000.0,0.0,True,,https://miniature-prod.moysklad.ru/miniature/87fab22b-93c2-11f0-0a80-04c3000069c0/documentminiature/9a668854-44b8-4385-b695-678a455fd39a
13a57824-965c-11f0-0a80-19dd001d89da,00947,"Футболка polo Bear (Белый, XL)",Футболки/Polo Ralph Lauren,1000.0,0.0,True,,https://miniature-prod.moysklad.ru/miniature/87fab22b-93c2-11f0-0a80-04c3000069c0/documentminiature/9a668854-44b8-4385-b695-678a455fd39a
13a7e9bc-965c-11f0-0a80-19dd001d89e1,00948,"Футболка polo Bear (Черные, 2XL)",Футболки/Polo Ralph Lauren,1000.0,0.0,True,,https://miniature-prod.moysklad.ru/miniature/87fab22b-93c2-11f0-0a80-04c3000069c0/documentminiature/9a668854-44b8-4385-b695-678a455fd39a
13aa325b-965c-11f0-0a80-19dd001d89e8,00949,"Футболка polo Bear (Черные, L)",Футболки/Polo Ralph Lauren,1000.0,0.0,True,,https://miniature-prod.moysklad.ru/miniature/87fab22b-93c2-11f0-0a80-04c3000069c0/documentminiature/9a668854-44b8-4385-b695-678a455fd39a
13ac4745-965c-11f0-0a80-19dd001d89ef,00950,"Футболка polo Bear (Черные, M)",Футболки/Polo Ralph Lauren,1000.0,0.0,True,,https://miniature-prod.moysklad.ru/miniature/87fab22b-93c2-11f0-0a80-04c3000069c0/documentminiature/9a668854-44b8-4385-b695-678a455fd39a
13ae554f-965c-11f0-0a80-19dd001d89f6,00951,"Футболка polo Bear (Черные, S)",Футболки/Polo Ralph Lauren,1000.0,0.0,True,,https://miniature-prod.moysklad.ru/miniature/87fab22b-93c2-11f0-0a80-04c3000069c0/documentminiature/9a668854-44b8-4385-b695-678a455fd39a
13b08f68-965c-11f0-0a80-19dd001d89fd,00952,"Футболка polo Bear (Черные, XL)",Футболки/Polo Ralph Lauren,1000.0,0.0,True,,https://miniature-prod.moysklad.ru/miniature/87fab22b-93c2-11f0-0a80-04c3000069c0/documentminiature/9a668854-44b8-4385-b695-678a455fd39a
98a94e93-61a8-11f1-0a80-0340001a8026,00636,Футболка Rick Owens,Футболки/Rick Owens,1000.0,0.0,True,,https://miniature-prod.moysklad.ru/miniature/87fab22b-93c2-11f0-0a80-04c3000069c0/documentminiature/8b050eae-6f52-4203-b0ef-1d7b929f95fa
a739f42b-61a8-11f1-0a80-1ef3001c449e,05379,"Футболка Rick Owens (2XL, Белый)",Футболки/Rick Owens,1000.0,0.0,True,,https://miniature-prod.moysklad.ru/miniature/87fab22b-93c2-11f0-0a80-04c3000069c0/documentminiature/8b050eae-6f52-4203-b0ef-1d7b929f95fa
a73d95a2-61a8-11f1-0a80-1ef3001c44a7,05380,"Футболка Rick Owens (L, Белый)",Футболки/Rick Owens,1000.0,1.0,True,,https://miniature-prod.moysklad.ru/miniature/87fab22b-93c2-11f0-0a80-04c3000069c0/documentminiature/8b050eae-6f52-4203-b0ef-1d7b929f95fa
a7412e2b-61a8-11f1-0a80-1ef3001c44c2,05381,"Футболка Rick Owens (M, Белый)",Футболки/Rick Owens,1000.0,0.0,True,,https://miniature-prod.moysklad.ru/miniature/87fab22b-93c2-11f0-0a80-04c3000069c0/documentminiature/8b050eae-6f52-4203-b0ef-1d7b929f95fa
a7442f80-61a8-11f1-0a80-1ef3001c44cb,05382,"Футболка Rick Owens (S, Белый)",Футболки/Rick Owens,1000.0,0.0,True,,https://miniature-prod.moysklad.ru/miniature/87fab22b-93c2-11f0-0a80-04c3000069c0/documentminiature/8b050eae-6f52-4203-b0ef-1d7b929f95fa
a7470e4d-61a8-11f1-0a80-1ef3001c44d4,05383,"Футболка Rick Owens (XL, Белый)",Футболки/Rick Owens,1000.0,0.0,True,,https://miniature-prod.moysklad.ru/miniature/87fab22b-93c2-11f0-0a80-04c3000069c0/documentminiature/8b050eae-6f52-4203-b0ef-1d7b929f95fa
aa812705-4969-11f1-0a80-1645002ab653,00310,Футболка Saint Laurent,Футболки/Saint Laurent,1000.0,0.0,True,,https://miniature-prod.moysklad.ru/miniature/87fab22b-93c2-11f0-0a80-04c3000069c0/documentminiature/e3fd288b-5f36-4f3c-a252-fedcbc3e21fe
b280070b-4969-11f1-0a80-03cf0029605f,02421,"Футболка Saint Laurent (Белый, 2XL)",Футболки/Saint Laurent,1000.0,0.0,True,,https://miniature-prod.moysklad.ru/miniature/87fab22b-93c2-11f0-0a80-04c3000069c0/documentminiature/e3fd288b-5f36-4f3c-a252-fedcbc3e21fe
b28583e3-4969-11f1-0a80-03cf00296068,02422,"Футболка Saint Laurent (Белый, L)",Футболки/Saint Laurent,1000.0,0.0,True,,https://miniature-prod.moysklad.ru/miniature/87fab22b-93c2-11f0-0a80-04c3000069c0/documentminiature/e3fd288b-5f36-4f3c-a252-fedcbc3e21fe
b28a1186-4969-11f1-0a80-03cf00296071,02423,"Футболка Saint Laurent (Белый, M)",Футболки/Saint Laurent,1000.0,0.0,True,,https://miniature-prod.moysklad.ru/miniature/87fab22b-93c2-11f0-0a80-04c3000069c0/documentminiature/e3fd288b-5f36-4f3c-a252-fedcbc3e21fe
b28f3f24-4969-11f1-0a80-03cf0029607a,02424,"Футболка Saint Laurent (Белый, S)",Футболки/Saint Laurent,1000.0,0.0,True,,https://miniature-prod.moysklad.ru/miniature/87fab22b-93c2-11f0-0a80-04c3000069c0/documentminiature/e3fd288b-5f36-4f3c-a252-fedcbc3e21fe
b295bc44-4969-11f1-0a80-03cf00296083,02425,"Футболка Saint Laurent (Белый, XL)",Футболки/Saint Laurent,1000.0,0.0,True,,https://miniature-prod.moysklad.ru/miniature/87fab22b-93c2-11f0-0a80-04c3000069c0/documentminiature/e3fd288b-5f36-4f3c-a252-fedcbc3e21fe
5ef48774-965a-11f0-0a80-0844001d1787,00091,Футболка Stussy Big Bear,Футболки/Stussy,1000.0,0.0,True,,https://miniature-prod.moysklad.ru/miniature/87fab22b-93c2-11f0-0a80-04c3000069c0/documentminiature/502bfc51-8ca2-4f14-8030-8205bf9c149a
6b7e1ac4-965a-11f0-0a80-058c001d4756,00820,"Футболка Stussy Big Bear (Белый, 2XL)",Футболки/Stussy,1000.0,0.0,True,,https://miniature-prod.moysklad.ru/miniature/87fab22b-93c2-11f0-0a80-04c3000069c0/documentminiature/502bfc51-8ca2-4f14-8030-8205bf9c149a
6b80f30b-965a-11f0-0a80-058c001d475d,00821,"Футболка Stussy Big Bear (Белый, L)",Футболки/Stussy,1000.0,0.0,True,,https://miniature-prod.moysklad.ru/miniature/87fab22b-93c2-11f0-0a80-04c3000069c0/documentminiature/502bfc51-8ca2-4f14-8030-8205bf9c149a
6b834b69-965a-11f0-0a80-058c001d4764,00822,"Футболка Stussy Big Bear (Белый, M)",Футболки/Stussy,1000.0,0.0,True,,https://miniature-prod.moysklad.ru/miniature/87fab22b-93c2-11f0-0a80-04c3000069c0/documentminiature/502bfc51-8ca2-4f14-8030-8205bf9c149a
6b85a3cb-965a-11f0-0a80-058c001d476b,00823,"Футболка Stussy Big Bear (Белый, S)",Футболки/Stussy,1000.0,0.0,True,,https://miniature-prod.moysklad.ru/miniature/87fab22b-93c2-11f0-0a80-04c3000069c0/documentminiature/502bfc51-8ca2-4f14-8030-8205bf9c149a
6b881619-965a-11f0-0a80-058c001d4772,00824,"Футболка Stussy Big Bear (Белый, XL)",Футболки/Stussy,1000.0,0.0,True,,https://miniature-prod.moysklad.ru/miniature/87fab22b-93c2-11f0-0a80-04c3000069c0/documentminiature/502bfc51-8ca2-4f14-8030-8205bf9c149a
344a3ade-965a-11f0-0a80-0844001d1706,00089,Футболка Stussy Dog,Футболки/Stussy,1000.0,0.0,True,,https://miniature-prod.moysklad.ru/miniature/87fab22b-93c2-11f0-0a80-04c3000069c0/documentminiature/3c9d383e-09f8-4c0d-ad02-b38751ea573e
3e7825e3-965a-11f0-0a80-19dd001d8461,00803,"Футболка Stussy Dog (Белый, 2XL)",Футболки/Stussy,1000.0,0.0,True,,https://miniature-prod.moysklad.ru/miniature/87fab22b-93c2-11f0-0a80-04c3000069c0/documentminiature/3c9d383e-09f8-4c0d-ad02-b38751ea573e
3e7c0c29-965a-11f0-0a80-19dd001d8468,00804,"Футболка Stussy Dog (Белый, L)",Футболки/Stussy,1000.0,0.0,True,,https://miniature-prod.moysklad.ru/miniature/87fab22b-93c2-11f0-0a80-04c3000069c0/documentminiature/3c9d383e-09f8-4c0d-ad02-b38751ea573e
3e7eeaab-965a-11f0-0a80-19dd001d846f,00805,"Футболка Stussy Dog (Белый, M)",Футболки/Stussy,1000.0,0.0,True,,https://miniature-prod.moysklad.ru/miniature/87fab22b-93c2-11f0-0a80-04c3000069c0/documentminiature/3c9d383e-09f8-4c0d-ad02-b38751ea573e
3e823d61-965a-11f0-0a80-19dd001d8476,00806,"Футболка Stussy Dog (Белый, S)",Футболки/Stussy,1000.0,0.0,True,,https://miniature-prod.moysklad.ru/miniature/87fab22b-93c2-11f0-0a80-04c3000069c0/documentminiature/3c9d383e-09f8-4c0d-ad02-b38751ea573e
3e853c50-965a-11f0-0a80-19dd001d847d,00807,"Футболка Stussy Dog (Белый, XL)",Футболки/Stussy,1000.0,0.0,True,,https://miniature-prod.moysklad.ru/miniature/87fab22b-93c2-11f0-0a80-04c3000069c0/documentminiature/3c9d383e-09f8-4c0d-ad02-b38751ea573e
3e87e1e3-965a-11f0-0a80-19dd001d8484,00808,"Футболка Stussy Dog (Черный, 2XL)",Футболки/Stussy,1000.0,0.0,True,,https://miniature-prod.moysklad.ru/miniature/87fab22b-93c2-11f0-0a80-04c3000069c0/documentminiature/3c9d383e-09f8-4c0d-ad02-b38751ea573e
3e8ba2e0-965a-11f0-0a80-19dd001d848b,00809,"Футболка Stussy Dog (Черный, L)",Футболки/Stussy,1000.0,0.0,True,,https://miniature-prod.moysklad.ru/miniature/87fab22b-93c2-11f0-0a80-04c3000069c0/documentminiature/3c9d383e-09f8-4c0d-ad02-b38751ea573e
3e8e86a8-965a-11f0-0a80-19dd001d8492,00810,"Футболка Stussy Dog (Черный, M)",Футболки/Stussy,1000.0,0.0,True,,https://miniature-prod.moysklad.ru/miniature/87fab22b-93c2-11f0-0a80-04c3000069c0/documentminiature/3c9d383e-09f8-4c0d-ad02-b38751ea573e
3e910dd1-965a-11f0-0a80-19dd001d8499,00811,"Футболка Stussy Dog (Черный, S)",Футболки/Stussy,1000.0,0.0,True,,https://miniature-prod.moysklad.ru/miniature/87fab22b-93c2-11f0-0a80-04c3000069c0/documentminiature/3c9d383e-09f8-4c0d-ad02-b38751ea573e
3e943ba2-965a-11f0-0a80-19dd001d84a0,00812,"Футболка Stussy Dog (Черный, XL)",Футболки/Stussy,1000.0,0.0,True,,https://miniature-prod.moysklad.ru/miniature/87fab22b-93c2-11f0-0a80-04c3000069c0/documentminiature/3c9d383e-09f8-4c0d-ad02-b38751ea573e
a5813dba-965d-11f0-0a80-0df4001d68a6,00125,Футболка Supreme,Футболки/Supreme,1000.0,0.0,True,,https://miniature-prod.moysklad.ru/miniature/87fab22b-93c2-11f0-0a80-04c3000069c0/documentminiature/6546405b-5eca-4266-9f4b-58007b957746
c454f12a-965d-11f0-0a80-0cc6001d5b70,00127,Футболка Supreme,Футболки/Supreme,1000.0,0.0,True,,https://miniature-prod.moysklad.ru/miniature/87fab22b-93c2-11f0-0a80-04c3000069c0/documentminiature/5c3ef734-9d1e-44b2-898c-dd11d274c17c
92960689-965e-11f0-0a80-19dd001d9382,00134,Футболка Supreme,Футболки/Supreme,1000.0,0.0,True,,https://miniature-prod.moysklad.ru/miniature/87fab22b-93c2-11f0-0a80-04c3000069c0/documentminiature/7f09809a-f9cd-46a1-a8f3-621a59fcda79
a81acf2e-965e-11f0-0a80-0cc6001d5e82,00136,Футболка Supreme,Футболки/Supreme,1000.0,0.0,True,,https://miniature-prod.moysklad.ru/miniature/87fab22b-93c2-11f0-0a80-04c3000069c0/documentminiature/86edd84d-606a-40ea-a994-d8e4cca7bbe7
c19e1499-965e-11f0-0a80-0df4001d6a9e,00138,Футболка Supreme,Футболки/Supreme,1000.0,0.0,True,,https://miniature-prod.moysklad.ru/miniature/87fab22b-93c2-11f0-0a80-04c3000069c0/documentminiature/e282027d-b35d-4d53-a1b1-b21b8a91bc18
e4c8b440-965e-11f0-0a80-16d9001db162,00140,Футболка Supreme,Футболки/Supreme,1000.0,0.0,True,,https://miniature-prod.moysklad.ru/miniature/87fab22b-93c2-11f0-0a80-04c3000069c0/documentminiature/d9bf0130-e537-4c7a-9d7c-088bcda05dcd
8238b0d0-965f-11f0-0a80-16d9001db396,00145,Футболка Supreme,Футболки/Supreme,1000.0,0.0,True,,https://miniature-prod.moysklad.ru/miniature/87fab22b-93c2-11f0-0a80-04c3000069c0/documentminiature/36093f1a-b527-4283-8d24-3bf2f3c24720
17594473-9660-11f0-0a80-090b001c37b9,00150,Футболка Supreme,Футболки/Supreme,1000.0,0.0,True,,https://miniature-prod.moysklad.ru/miniature/87fab22b-93c2-11f0-0a80-04c3000069c0/documentminiature/bc31f895-c814-4668-b628-c6333ae8605c
3336649d-9660-11f0-0a80-19dd001d9882,00151,Футболка Supreme,Футболки/Supreme,1000.0,0.0,True,,https://miniature-prod.moysklad.ru/miniature/87fab22b-93c2-11f0-0a80-04c3000069c0/documentminiature/d720d520-5eda-4151-aaee-3906a9818737
cf444722-f7c1-11f0-0a80-19e00000f13e,00256,Футболка Supreme,Футболки/Supreme,1000.0,0.0,True,,https://miniature-prod.moysklad.ru/miniature/87fab22b-93c2-11f0-0a80-04c3000069c0/documentminiature/735bf938-a12d-4733-bdda-86f62a7d70f8
5c4eb161-494c-11f1-0a80-19750026986e,00306,Футболка Supreme,Футболки/Supreme,1000.0,0.0,True,,https://miniature-prod.moysklad.ru/miniature/87fab22b-93c2-11f0-0a80-04c3000069c0/documentminiature/d0ab8c3e-c4b1-4f11-a3c8-d4db33a2e55e
3da630cb-4967-11f1-0a80-00ca002afea0,00308,Футболка Supreme,Футболки/Supreme,1000.0,0.0,True,,https://miniature-prod.moysklad.ru/miniature/87fab22b-93c2-11f0-0a80-04c3000069c0/documentminiature/e203d776-65f7-4334-8a78-fd49d02a13d8
65bf818e-4967-11f1-0a80-0145002a68c9,02411,"Футболка Supreme (2XL, Белый)",Футболки/Supreme,1000.0,0.0,True,,https://miniature-prod.moysklad.ru/miniature/87fab22b-93c2-11f0-0a80-04c3000069c0/documentminiature/e203d776-65f7-4334-8a78-fd49d02a13d8
65c37049-4967-11f1-0a80-0145002a68d2,02412,"Футболка Supreme (L, Белый)",Футболки/Supreme,1000.0,0.0,True,,https://miniature-prod.moysklad.ru/miniature/87fab22b-93c2-11f0-0a80-04c3000069c0/documentminiature/e203d776-65f7-4334-8a78-fd49d02a13d8
65c6a08f-4967-11f1-0a80-0145002a68db,02413,"Футболка Supreme (M, Белый)",Футболки/Supreme,1000.0,0.0,True,,https://miniature-prod.moysklad.ru/miniature/87fab22b-93c2-11f0-0a80-04c3000069c0/documentminiature/e203d776-65f7-4334-8a78-fd49d02a13d8
65cadb26-4967-11f1-0a80-0145002a68e4,02414,"Футболка Supreme (S, Белый)",Футболки/Supreme,1000.0,0.0,True,,https://miniature-prod.moysklad.ru/miniature/87fab22b-93c2-11f0-0a80-04c3000069c0/documentminiature/e203d776-65f7-4334-8a78-fd49d02a13d8
65ce7cc1-4967-11f1-0a80-0145002a68ed,02415,"Футболка Supreme (XL, Белый)",Футболки/Supreme,1000.0,0.0,True,,https://miniature-prod.moysklad.ru/miniature/87fab22b-93c2-11f0-0a80-04c3000069c0/documentminiature/e203d776-65f7-4334-8a78-fd49d02a13d8
0c678505-965f-11f0-0a80-16d9001db1df,01295,"Футболка Supreme (Белый с Черным, 2XL)",Футболки/Supreme,1000.0,0.0,True,,https://miniature-prod.moysklad.ru/miniature/87fab22b-93c2-11f0-0a80-04c3000069c0/documentminiature/d9bf0130-e537-4c7a-9d7c-088bcda05dcd
0c69885a-965f-11f0-0a80-16d9001db1e6,01296,"Футболка Supreme (Белый с Черным, L)",Футболки/Supreme,1000.0,0.0,True,,https://miniature-prod.moysklad.ru/miniature/87fab22b-93c2-11f0-0a80-04c3000069c0/documentminiature/d9bf0130-e537-4c7a-9d7c-088bcda05dcd
0c6b4c8c-965f-11f0-0a80-16d9001db1ed,01297,"Футболка Supreme (Белый с Черным, M)",Футболки/Supreme,1000.0,0.0,True,,https://miniature-prod.moysklad.ru/miniature/87fab22b-93c2-11f0-0a80-04c3000069c0/documentminiature/d9bf0130-e537-4c7a-9d7c-088bcda05dcd
0c6cf4e8-965f-11f0-0a80-16d9001db1f4,01298,"Футболка Supreme (Белый с Черным, S)",Футболки/Supreme,1000.0,0.0,True,,https://miniature-prod.moysklad.ru/miniature/87fab22b-93c2-11f0-0a80-04c3000069c0/documentminiature/d9bf0130-e537-4c7a-9d7c-088bcda05dcd
0c6ea55d-965f-11f0-0a80-16d9001db1fb,01299,"Футболка Supreme (Белый с Черным, XL)",Футболки/Supreme,1000.0,0.0,True,,https://miniature-prod.moysklad.ru/miniature/87fab22b-93c2-11f0-0a80-04c3000069c0/documentminiature/d9bf0130-e537-4c7a-9d7c-088bcda05dcd
0c70472c-965f-11f0-0a80-16d9001db202,01300,"Футболка Supreme (Белый с Черным, XS)",Футболки/Supreme,1000.0,0.0,True,,https://miniature-prod.moysklad.ru/miniature/87fab22b-93c2-11f0-0a80-04c3000069c0/documentminiature/d9bf0130-e537-4c7a-9d7c-088bcda05dcd
0c71e361-965f-11f0-0a80-16d9001db209,01301,"Футболка Supreme (Белый с Черным, XXS)",Футболки/Supreme,1000.0,0.0,True,,https://miniature-prod.moysklad.ru/miniature/87fab22b-93c2-11f0-0a80-04c3000069c0/documentminiature/d9bf0130-e537-4c7a-9d7c-088bcda05dcd
0c7393b6-965f-11f0-0a80-16d9001db210,01302,"Футболка Supreme (Белый с красным, 2XL)",Футболки/Supreme,1000.0,0.0,True,,https://miniature-prod.moysklad.ru/miniature/87fab22b-93c2-11f0-0a80-04c3000069c0/documentminiature/d9bf0130-e537-4c7a-9d7c-088bcda05dcd
0c757ace-965f-11f0-0a80-16d9001db217,01303,"Футболка Supreme (Белый с красным, L)",Футболки/Supreme,1000.0,0.0,True,,https://miniature-prod.moysklad.ru/miniature/87fab22b-93c2-11f0-0a80-04c3000069c0/documentminiature/d9bf0130-e537-4c7a-9d7c-088bcda05dcd
0c77642b-965f-11f0-0a80-16d9001db21e,01304,"Футболка Supreme (Белый с красным, M)",Футболки/Supreme,1000.0,0.0,True,,https://miniature-prod.moysklad.ru/miniature/87fab22b-93c2-11f0-0a80-04c3000069c0/documentminiature/d9bf0130-e537-4c7a-9d7c-088bcda05dcd
0c79286e-965f-11f0-0a80-16d9001db225,01305,"Футболка Supreme (Белый с красным, S)",Футболки/Supreme,1000.0,0.0,True,,https://miniature-prod.moysklad.ru/miniature/87fab22b-93c2-11f0-0a80-04c3000069c0/documentminiature/d9bf0130-e537-4c7a-9d7c-088bcda05dcd
0c7aec4a-965f-11f0-0a80-16d9001db22c,01306,"Футболка Supreme (Белый с красным, XL)",Футболки/Supreme,1000.0,0.0,True,,https://miniature-prod.moysklad.ru/miniature/87fab22b-93c2-11f0-0a80-04c3000069c0/documentminiature/d9bf0130-e537-4c7a-9d7c-088bcda05dcd
0c7ca962-965f-11f0-0a80-16d9001db233,01307,"Футболка Supreme (Белый с красным, XS)",Футболки/Supreme,1000.0,0.0,True,,https://miniature-prod.moysklad.ru/miniature/87fab22b-93c2-11f0-0a80-04c3000069c0/documentminiature/d9bf0130-e537-4c7a-9d7c-088bcda05dcd
0c7e6d79-965f-11f0-0a80-16d9001db23a,01308,"Футболка Supreme (Белый с красным, XXS)",Футболки/Supreme,1000.0,0.0,True,,https://miniature-prod.moysklad.ru/miniature/87fab22b-93c2-11f0-0a80-04c3000069c0/documentminiature/d9bf0130-e537-4c7a-9d7c-088bcda05dcd
ae7d31a2-965d-11f0-0a80-187f001e19ec,01099,"Футболка Supreme (Белый, 2XL)",Футболки/Supreme,1000.0,0.0,True,,https://miniature-prod.moysklad.ru/miniature/87fab22b-93c2-11f0-0a80-04c3000069c0/documentminiature/6546405b-5eca-4266-9f4b-58007b957746
cfa6356b-965d-11f0-0a80-0cc6001d5b9b,01127,"Футболка Supreme (Белый, 2XL)",Футболки/Supreme,1000.0,0.0,True,,https://miniature-prod.moysklad.ru/miniature/87fab22b-93c2-11f0-0a80-04c3000069c0/documentminiature/5c3ef734-9d1e-44b2-898c-dd11d274c17c
9bf45a00-965e-11f0-0a80-0844001d28d3,01232,"Футболка Supreme (Белый, 2XL)",Футболки/Supreme,1000.0,0.0,True,,https://miniature-prod.moysklad.ru/miniature/87fab22b-93c2-11f0-0a80-04c3000069c0/documentminiature/7f09809a-f9cd-46a1-a8f3-621a59fcda79
c9e033cf-965e-11f0-0a80-0729001e07c1,01274,"Футболка Supreme (Белый, 2XL)",Футболки/Supreme,1000.0,0.0,True,,https://miniature-prod.moysklad.ru/miniature/87fab22b-93c2-11f0-0a80-04c3000069c0/documentminiature/e282027d-b35d-4d53-a1b1-b21b8a91bc18
1fb3e4d3-9660-11f0-0a80-058c001d5738,01393,"Футболка Supreme (Белый, 2XL)",Футболки/Supreme,1000.0,0.0,True,,https://miniature-prod.moysklad.ru/miniature/87fab22b-93c2-11f0-0a80-04c3000069c0/documentminiature/bc31f895-c814-4668-b628-c6333ae8605c
3cec0519-9660-11f0-0a80-0df4001d8337,01407,"Футболка Supreme (Белый, 2XL)",Футболки/Supreme,1000.0,0.0,True,,https://miniature-prod.moysklad.ru/miniature/87fab22b-93c2-11f0-0a80-04c3000069c0/documentminiature/d720d520-5eda-4151-aaee-3906a9818737
63d7cd2f-494c-11f1-0a80-0ee0002702ab,02401,"Футболка Supreme (Белый, 2XL)",Футболки/Supreme,1000.0,0.0,True,,https://miniature-prod.moysklad.ru/miniature/87fab22b-93c2-11f0-0a80-04c3000069c0/documentminiature/d0ab8c3e-c4b1-4f11-a3c8-d4db33a2e55e
187fc194-4fd5-11f1-0a80-1565000167b7,02549,"Футболка Supreme (Белый, 2XL)",Футболки/Supreme,1000.0,0.0,True,,https://miniature-prod.moysklad.ru/miniature/87fab22b-93c2-11f0-0a80-04c3000069c0/documentminiature/86edd84d-606a-40ea-a994-d8e4cca7bbe7
ae7ff34a-965d-11f0-0a80-187f001e19f3,01100,"Футболка Supreme (Белый, L)",Футболки/Supreme,1000.0,0.0,True,,https://miniature-prod.moysklad.ru/miniature/87fab22b-93c2-11f0-0a80-04c3000069c0/documentminiature/6546405b-5eca-4266-9f4b-58007b957746
cfa96c0a-965d-11f0-0a80-0cc6001d5ba2,01128,"Футболка Supreme (Белый, L)",Футболки/Supreme,1000.0,0.0,True,,https://miniature-prod.moysklad.ru/miniature/87fab22b-93c2-11f0-0a80-04c3000069c0/documentminiature/5c3ef734-9d1e-44b2-898c-dd11d274c17c
9bf72b82-965e-11f0-0a80-0844001d28da,01233,"Футболка Supreme (Белый, L)",Футболки/Supreme,1000.0,0.0,True,,https://miniature-prod.moysklad.ru/miniature/87fab22b-93c2-11f0-0a80-04c3000069c0/documentminiature/7f09809a-f9cd-46a1-a8f3-621a59fcda79
c9e2afb7-965e-11f0-0a80-0729001e07c8,01275,"Футболка Supreme (Белый, L)",Футболки/Supreme,1000.0,0.0,True,,https://miniature-prod.moysklad.ru/miniature/87fab22b-93c2-11f0-0a80-04c3000069c0/documentminiature/e282027d-b35d-4d53-a1b1-b21b8a91bc18
1fb7318d-9660-11f0-0a80-058c001d573f,01394,"Футболка Supreme (Белый, L)",Футболки/Supreme,1000.0,0.0,True,,https://miniature-prod.moysklad.ru/miniature/87fab22b-93c2-11f0-0a80-04c3000069c0/documentminiature/bc31f895-c814-4668-b628-c6333ae8605c
3cee0b4b-9660-11f0-0a80-0df4001d833e,01408,"Футболка Supreme (Белый, L)",Футболки/Supreme,1000.0,0.0,True,,https://miniature-prod.moysklad.ru/miniature/87fab22b-93c2-11f0-0a80-04c3000069c0/documentminiature/d720d520-5eda-4151-aaee-3906a9818737
63dcedfc-494c-11f1-0a80-0ee0002702ba,02402,"Футболка Supreme (Белый, L)",Футболки/Supreme,1000.0,0.0,True,,https://miniature-prod.moysklad.ru/miniature/87fab22b-93c2-11f0-0a80-04c3000069c0/documentminiature/d0ab8c3e-c4b1-4f11-a3c8-d4db33a2e55e
0906979f-4fd5-11f1-0a80-0fd3000178ca,02547,"Футболка Supreme (Белый, L)",Футболки/Supreme,1000.0,0.0,True,,https://miniature-prod.moysklad.ru/miniature/87fab22b-93c2-11f0-0a80-04c3000069c0/documentminiature/86edd84d-606a-40ea-a994-d8e4cca7bbe7
ae828481-965d-11f0-0a80-187f001e19fa,01101,"Футболка Supreme (Белый, M)",Футболки/Supreme,1000.0,0.0,True,,https://miniature-prod.moysklad.ru/miniature/87fab22b-93c2-11f0-0a80-04c3000069c0/documentminiature/6546405b-5eca-4266-9f4b-58007b957746
cfaca215-965d-11f0-0a80-0cc6001d5ba9,01129,"Футболка Supreme (Белый, M)",Футболки/Supreme,1000.0,0.0,True,,https://miniature-prod.moysklad.ru/miniature/87fab22b-93c2-11f0-0a80-04c3000069c0/documentminiature/5c3ef734-9d1e-44b2-898c-dd11d274c17c
9bfa2e57-965e-11f0-0a80-0844001d28e1,01234,"Футболка Supreme (Белый, M)",Футболки/Supreme,1000.0,-1.0,True,,https://miniature-prod.moysklad.ru/miniature/87fab22b-93c2-11f0-0a80-04c3000069c0/documentminiature/7f09809a-f9cd-46a1-a8f3-621a59fcda79
c9e4c875-965e-11f0-0a80-0729001e07cf,01276,"Футболка Supreme (Белый, M)",Футболки/Supreme,1000.0,0.0,True,,https://miniature-prod.moysklad.ru/miniature/87fab22b-93c2-11f0-0a80-04c3000069c0/documentminiature/e282027d-b35d-4d53-a1b1-b21b8a91bc18
1fb9e8c0-9660-11f0-0a80-058c001d5746,01395,"Футболка Supreme (Белый, M)",Футболки/Supreme,1000.0,0.0,True,,https://miniature-prod.moysklad.ru/miniature/87fab22b-93c2-11f0-0a80-04c3000069c0/documentminiature/bc31f895-c814-4668-b628-c6333ae8605c
3cefecb3-9660-11f0-0a80-0df4001d8345,01409,"Футболка Supreme (Белый, M)",Футболки/Supreme,1000.0,0.0,True,,https://miniature-prod.moysklad.ru/miniature/87fab22b-93c2-11f0-0a80-04c3000069c0/documentminiature/d720d520-5eda-4151-aaee-3906a9818737
63e17015-494c-11f1-0a80-0ee0002702c3,02403,"Футболка Supreme (Белый, M)",Футболки/Supreme,1000.0,0.0,True,,https://miniature-prod.moysklad.ru/miniature/87fab22b-93c2-11f0-0a80-04c3000069c0/documentminiature/d0ab8c3e-c4b1-4f11-a3c8-d4db33a2e55e
0053d4db-4fd5-11f1-0a80-1b6e00018f52,02546,"Футболка Supreme (Белый, M)",Футболки/Supreme,1000.0,0.0,True,,https://miniature-prod.moysklad.ru/miniature/87fab22b-93c2-11f0-0a80-04c3000069c0/documentminiature/86edd84d-606a-40ea-a994-d8e4cca7bbe7
ae84cab3-965d-11f0-0a80-187f001e1a01,01102,"Футболка Supreme (Белый, S)",Футболки/Supreme,1000.0,0.0,True,,https://miniature-prod.moysklad.ru/miniature/87fab22b-93c2-11f0-0a80-04c3000069c0/documentminiature/6546405b-5eca-4266-9f4b-58007b957746
cfafb9d6-965d-11f0-0a80-0cc6001d5bb0,01130,"Футболка Supreme (Белый, S)",Футболки/Supreme,1000.0,0.0,True,,https://miniature-prod.moysklad.ru/miniature/87fab22b-93c2-11f0-0a80-04c3000069c0/documentminiature/5c3ef734-9d1e-44b2-898c-dd11d274c17c
9bfd1e79-965e-11f0-0a80-0844001d28e8,01235,"Футболка Supreme (Белый, S)",Футболки/Supreme,1000.0,1.0,True,,https://miniature-prod.moysklad.ru/miniature/87fab22b-93c2-11f0-0a80-04c3000069c0/documentminiature/7f09809a-f9cd-46a1-a8f3-621a59fcda79
c9e6c6ff-965e-11f0-0a80-0729001e07d6,01277,"Футболка Supreme (Белый, S)",Футболки/Supreme,1000.0,0.0,True,,https://miniature-prod.moysklad.ru/miniature/87fab22b-93c2-11f0-0a80-04c3000069c0/documentminiature/e282027d-b35d-4d53-a1b1-b21b8a91bc18
1fbc77f3-9660-11f0-0a80-058c001d574d,01396,"Футболка Supreme (Белый, S)",Футболки/Supreme,1000.0,0.0,True,,https://miniature-prod.moysklad.ru/miniature/87fab22b-93c2-11f0-0a80-04c3000069c0/documentminiature/bc31f895-c814-4668-b628-c6333ae8605c
3cf1ee38-9660-11f0-0a80-0df4001d834c,01410,"Футболка Supreme (Белый, S)",Футболки/Supreme,1000.0,0.0,True,,https://miniature-prod.moysklad.ru/miniature/87fab22b-93c2-11f0-0a80-04c3000069c0/documentminiature/d720d520-5eda-4151-aaee-3906a9818737
63e63c57-494c-11f1-0a80-0ee0002702cc,02404,"Футболка Supreme (Белый, S)",Футболки/Supreme,1000.0,0.0,True,,https://miniature-prod.moysklad.ru/miniature/87fab22b-93c2-11f0-0a80-04c3000069c0/documentminiature/d0ab8c3e-c4b1-4f11-a3c8-d4db33a2e55e
f983e00c-4fd4-11f1-0a80-1d35000170cc,02545,"Футболка Supreme (Белый, S)",Футболки/Supreme,1000.0,0.0,True,,https://miniature-prod.moysklad.ru/miniature/87fab22b-93c2-11f0-0a80-04c3000069c0/documentminiature/86edd84d-606a-40ea-a994-d8e4cca7bbe7
ae86dd09-965d-11f0-0a80-187f001e1a08,01103,"Футболка Supreme (Белый, XL)",Футболки/Supreme,1000.0,0.0,True,,https://miniature-prod.moysklad.ru/miniature/87fab22b-93c2-11f0-0a80-04c3000069c0/documentminiature/6546405b-5eca-4266-9f4b-58007b957746
cfb30777-965d-11f0-0a80-0cc6001d5bb7,01131,"Футболка Supreme (Белый, XL)",Футболки/Supreme,1000.0,0.0,True,,https://miniature-prod.moysklad.ru/miniature/87fab22b-93c2-11f0-0a80-04c3000069c0/documentminiature/5c3ef734-9d1e-44b2-898c-dd11d274c17c
9c003048-965e-11f0-0a80-0844001d28ef,01236,"Футболка Supreme (Белый, XL)",Футболки/Supreme,1000.0,0.0,True,,https://miniature-prod.moysklad.ru/miniature/87fab22b-93c2-11f0-0a80-04c3000069c0/documentminiature/7f09809a-f9cd-46a1-a8f3-621a59fcda79
c9ea101a-965e-11f0-0a80-0729001e07dd,01278,"Футболка Supreme (Белый, XL)",Футболки/Supreme,1000.0,0.0,True,,https://miniature-prod.moysklad.ru/miniature/87fab22b-93c2-11f0-0a80-04c3000069c0/documentminiature/e282027d-b35d-4d53-a1b1-b21b8a91bc18
1fbf23ef-9660-11f0-0a80-058c001d5754,01397,"Футболка Supreme (Белый, XL)",Футболки/Supreme,1000.0,0.0,True,,https://miniature-prod.moysklad.ru/miniature/87fab22b-93c2-11f0-0a80-04c3000069c0/documentminiature/bc31f895-c814-4668-b628-c6333ae8605c
3cf40041-9660-11f0-0a80-0df4001d8353,01411,"Футболка Supreme (Белый, XL)",Футболки/Supreme,1000.0,0.0,True,,https://miniature-prod.moysklad.ru/miniature/87fab22b-93c2-11f0-0a80-04c3000069c0/documentminiature/d720d520-5eda-4151-aaee-3906a9818737
63ea74fa-494c-11f1-0a80-0ee0002702d5,02405,"Футболка Supreme (Белый, XL)",Футболки/Supreme,1000.0,0.0,True,,https://miniature-prod.moysklad.ru/miniature/87fab22b-93c2-11f0-0a80-04c3000069c0/documentminiature/d0ab8c3e-c4b1-4f11-a3c8-d4db33a2e55e
0ead54f0-4fd5-11f1-0a80-188a00015062,02548,"Футболка Supreme (Белый, XL)",Футболки/Supreme,1000.0,0.0,True,,https://miniature-prod.moysklad.ru/miniature/87fab22b-93c2-11f0-0a80-04c3000069c0/documentminiature/86edd84d-606a-40ea-a994-d8e4cca7bbe7
ae8959bf-965d-11f0-0a80-187f001e1a0f,01104,"Футболка Supreme (Белый, XS)",Футболки/Supreme,1000.0,0.0,True,,https://miniature-prod.moysklad.ru/miniature/87fab22b-93c2-11f0-0a80-04c3000069c0/documentminiature/6546405b-5eca-4266-9f4b-58007b957746
cfb645a3-965d-11f0-0a80-0cc6001d5bbe,01132,"Футболка Supreme (Белый, XS)",Футболки/Supreme,1000.0,0.0,True,,https://miniature-prod.moysklad.ru/miniature/87fab22b-93c2-11f0-0a80-04c3000069c0/documentminiature/5c3ef734-9d1e-44b2-898c-dd11d274c17c
9c02f69a-965e-11f0-0a80-0844001d28f6,01237,"Футболка Supreme (Белый, XS)",Футболки/Supreme,1000.0,0.0,True,,https://miniature-prod.moysklad.ru/miniature/87fab22b-93c2-11f0-0a80-04c3000069c0/documentminiature/7f09809a-f9cd-46a1-a8f3-621a59fcda79
c9ec4958-965e-11f0-0a80-0729001e07e4,01279,"Футболка Supreme (Белый, XS)",Футболки/Supreme,1000.0,0.0,True,,https://miniature-prod.moysklad.ru/miniature/87fab22b-93c2-11f0-0a80-04c3000069c0/documentminiature/e282027d-b35d-4d53-a1b1-b21b8a91bc18
1fc18e11-9660-11f0-0a80-058c001d575b,01398,"Футболка Supreme (Белый, XS)",Футболки/Supreme,1000.0,0.0,True,,https://miniature-prod.moysklad.ru/miniature/87fab22b-93c2-11f0-0a80-04c3000069c0/documentminiature/bc31f895-c814-4668-b628-c6333ae8605c
3cf5e6f8-9660-11f0-0a80-0df4001d835a,01412,"Футболка Supreme (Белый, XS)",Футболки/Supreme,1000.0,0.0,True,,https://miniature-prod.moysklad.ru/miniature/87fab22b-93c2-11f0-0a80-04c3000069c0/documentminiature/d720d520-5eda-4151-aaee-3906a9818737
ae8b98d3-965d-11f0-0a80-187f001e1a16,01105,"Футболка Supreme (Белый, XXS)",Футболки/Supreme,1000.0,0.0,True,,https://miniature-prod.moysklad.ru/miniature/87fab22b-93c2-11f0-0a80-04c3000069c0/documentminiature/6546405b-5eca-4266-9f4b-58007b957746
cfb8ff3e-965d-11f0-0a80-0cc6001d5bc5,01133,"Футболка Supreme (Белый, XXS)",Футболки/Supreme,1000.0,0.0,True,,https://miniature-prod.moysklad.ru/miniature/87fab22b-93c2-11f0-0a80-04c3000069c0/documentminiature/5c3ef734-9d1e-44b2-898c-dd11d274c17c
9c0649ce-965e-11f0-0a80-0844001d28fd,01238,"Футболка Supreme (Белый, XXS)",Футболки/Supreme,1000.0,0.0,True,,https://miniature-prod.moysklad.ru/miniature/87fab22b-93c2-11f0-0a80-04c3000069c0/documentminiature/7f09809a-f9cd-46a1-a8f3-621a59fcda79
c9ee5b00-965e-11f0-0a80-0729001e07eb,01280,"Футболка Supreme (Белый, XXS)",Футболки/Supreme,1000.0,0.0,True,,https://miniature-prod.moysklad.ru/miniature/87fab22b-93c2-11f0-0a80-04c3000069c0/documentminiature/e282027d-b35d-4d53-a1b1-b21b8a91bc18
1fc3eaa5-9660-11f0-0a80-058c001d5762,01399,"Футболка Supreme (Белый, XXS)",Футболки/Supreme,1000.0,0.0,True,,https://miniature-prod.moysklad.ru/miniature/87fab22b-93c2-11f0-0a80-04c3000069c0/documentminiature/bc31f895-c814-4668-b628-c6333ae8605c
3cf7c203-9660-11f0-0a80-0df4001d8361,01413,"Футболка Supreme (Белый, XXS)",Футболки/Supreme,1000.0,0.0,True,,https://miniature-prod.moysklad.ru/miniature/87fab22b-93c2-11f0-0a80-04c3000069c0/documentminiature/d720d520-5eda-4151-aaee-3906a9818737
f05d1f6d-f7c1-11f0-0a80-0b3c000119e0,02144,"Футболка Supreme (Красный, 2XL)",Футболки/Supreme,1000.0,1.0,True,,https://miniature-prod.moysklad.ru/miniature/87fab22b-93c2-11f0-0a80-04c3000069c0/documentminiature/735bf938-a12d-4733-bdda-86f62a7d70f8
f06014ea-f7c1-11f0-0a80-0b3c000119e7,02145,"Футболка Supreme (Красный, L)",Футболки/Supreme,1000.0,0.0,True,,https://miniature-prod.moysklad.ru/miniature/87fab22b-93c2-11f0-0a80-04c3000069c0/documentminiature/735bf938-a12d-4733-bdda-86f62a7d70f8
f0624214-f7c1-11f0-0a80-0b3c000119ee,02146,"Футболка Supreme (Красный, M)",Футболки/Supreme,1000.0,0.0,True,,https://miniature-prod.moysklad.ru/miniature/87fab22b-93c2-11f0-0a80-04c3000069c0/documentminiature/735bf938-a12d-4733-bdda-86f62a7d70f8
f0648aae-f7c1-11f0-0a80-0b3c000119f5,02147,"Футболка Supreme (Красный, S)",Футболки/Supreme,1000.0,0.0,True,,https://miniature-prod.moysklad.ru/miniature/87fab22b-93c2-11f0-0a80-04c3000069c0/documentminiature/735bf938-a12d-4733-bdda-86f62a7d70f8
f066bfe3-f7c1-11f0-0a80-0b3c000119fc,02148,"Футболка Supreme (Красный, XL)",Футболки/Supreme,1000.0,0.0,True,,https://miniature-prod.moysklad.ru/miniature/87fab22b-93c2-11f0-0a80-04c3000069c0/documentminiature/735bf938-a12d-4733-bdda-86f62a7d70f8
f068c91e-f7c1-11f0-0a80-0b3c00011a03,02149,"Футболка Supreme (Красный, XS)",Футболки/Supreme,1000.0,0.0,True,,https://miniature-prod.moysklad.ru/miniature/87fab22b-93c2-11f0-0a80-04c3000069c0/documentminiature/735bf938-a12d-4733-bdda-86f62a7d70f8
0c803117-965f-11f0-0a80-16d9001db244,01309,"Футболка Supreme (Черный с Белым, 2XL)",Футболки/Supreme,1000.0,0.0,True,,https://miniature-prod.moysklad.ru/miniature/87fab22b-93c2-11f0-0a80-04c3000069c0/documentminiature/d9bf0130-e537-4c7a-9d7c-088bcda05dcd
0c81fcd0-965f-11f0-0a80-16d9001db24b,01310,"Футболка Supreme (Черный с Белым, L)",Футболки/Supreme,1000.0,0.0,True,,https://miniature-prod.moysklad.ru/miniature/87fab22b-93c2-11f0-0a80-04c3000069c0/documentminiature/d9bf0130-e537-4c7a-9d7c-088bcda05dcd
0c83dc7c-965f-11f0-0a80-16d9001db252,01311,"Футболка Supreme (Черный с Белым, M)",Футболки/Supreme,1000.0,0.0,True,,https://miniature-prod.moysklad.ru/miniature/87fab22b-93c2-11f0-0a80-04c3000069c0/documentminiature/d9bf0130-e537-4c7a-9d7c-088bcda05dcd
0c85adb3-965f-11f0-0a80-16d9001db259,01312,"Футболка Supreme (Черный с Белым, S)",Футболки/Supreme,1000.0,0.0,True,,https://miniature-prod.moysklad.ru/miniature/87fab22b-93c2-11f0-0a80-04c3000069c0/documentminiature/d9bf0130-e537-4c7a-9d7c-088bcda05dcd
0c87808a-965f-11f0-0a80-16d9001db260,01313,"Футболка Supreme (Черный с Белым, XL)",Футболки/Supreme,1000.0,0.0,True,,https://miniature-prod.moysklad.ru/miniature/87fab22b-93c2-11f0-0a80-04c3000069c0/documentminiature/d9bf0130-e537-4c7a-9d7c-088bcda05dcd
0c897372-965f-11f0-0a80-16d9001db267,01314,"Футболка Supreme (Черный с Белым, XS)",Футболки/Supreme,1000.0,0.0,True,,https://miniature-prod.moysklad.ru/miniature/87fab22b-93c2-11f0-0a80-04c3000069c0/documentminiature/d9bf0130-e537-4c7a-9d7c-088bcda05dcd
0c8b811b-965f-11f0-0a80-16d9001db26e,01315,"Футболка Supreme (Черный с Белым, XXS)",Футболки/Supreme,1000.0,0.0,True,,https://miniature-prod.moysklad.ru/miniature/87fab22b-93c2-11f0-0a80-04c3000069c0/documentminiature/d9bf0130-e537-4c7a-9d7c-088bcda05dcd
ae8dd5ba-965d-11f0-0a80-187f001e1a1d,01106,"Футболка Supreme (Черный, 2XL)",Футболки/Supreme,1000.0,0.0,True,,https://miniature-prod.moysklad.ru/miniature/87fab22b-93c2-11f0-0a80-04c3000069c0/documentminiature/6546405b-5eca-4266-9f4b-58007b957746
cfbc155b-965d-11f0-0a80-0cc6001d5bcc,01134,"Футболка Supreme (Черный, 2XL)",Футболки/Supreme,1000.0,0.0,True,,https://miniature-prod.moysklad.ru/miniature/87fab22b-93c2-11f0-0a80-04c3000069c0/documentminiature/5c3ef734-9d1e-44b2-898c-dd11d274c17c
9c0975b9-965e-11f0-0a80-0844001d2904,01239,"Футболка Supreme (Черный, 2XL)",Футболки/Supreme,1000.0,0.0,True,,https://miniature-prod.moysklad.ru/miniature/87fab22b-93c2-11f0-0a80-04c3000069c0/documentminiature/7f09809a-f9cd-46a1-a8f3-621a59fcda79
b5054b87-965e-11f0-0a80-187f001e1d8c,01253,"Футболка Supreme (Черный, 2XL)",Футболки/Supreme,1000.0,0.0,True,,https://miniature-prod.moysklad.ru/miniature/87fab22b-93c2-11f0-0a80-04c3000069c0/documentminiature/86edd84d-606a-40ea-a994-d8e4cca7bbe7
8ac163fb-965f-11f0-0a80-0844001d2b71,01358,"Футболка Supreme (Черный, 2XL)",Футболки/Supreme,1000.0,0.0,True,,https://miniature-prod.moysklad.ru/miniature/87fab22b-93c2-11f0-0a80-04c3000069c0/documentminiature/36093f1a-b527-4283-8d24-3bf2f3c24720
1fc637a1-9660-11f0-0a80-058c001d5769,01400,"Футболка Supreme (Черный, 2XL)",Футболки/Supreme,1000.0,0.0,True,,https://miniature-prod.moysklad.ru/miniature/87fab22b-93c2-11f0-0a80-04c3000069c0/documentminiature/bc31f895-c814-4668-b628-c6333ae8605c
3cf99078-9660-11f0-0a80-0df4001d8368,01414,"Футболка Supreme (Черный, 2XL)",Футболки/Supreme,1000.0,0.0,True,,https://miniature-prod.moysklad.ru/miniature/87fab22b-93c2-11f0-0a80-04c3000069c0/documentminiature/d720d520-5eda-4151-aaee-3906a9818737
ae900ec1-965d-11f0-0a80-187f001e1a24,01107,"Футболка Supreme (Черный, L)",Футболки/Supreme,1000.0,0.0,True,,https://miniature-prod.moysklad.ru/miniature/87fab22b-93c2-11f0-0a80-04c3000069c0/documentminiature/6546405b-5eca-4266-9f4b-58007b957746
cfbf5175-965d-11f0-0a80-0cc6001d5bd3,01135,"Футболка Supreme (Черный, L)",Футболки/Supreme,1000.0,0.0,True,,https://miniature-prod.moysklad.ru/miniature/87fab22b-93c2-11f0-0a80-04c3000069c0/documentminiature/5c3ef734-9d1e-44b2-898c-dd11d274c17c
9c0c5758-965e-11f0-0a80-0844001d290b,01240,"Футболка Supreme (Черный, L)",Футболки/Supreme,1000.0,0.0,True,,https://miniature-prod.moysklad.ru/miniature/87fab22b-93c2-11f0-0a80-04c3000069c0/documentminiature/7f09809a-f9cd-46a1-a8f3-621a59fcda79
b507b8e1-965e-11f0-0a80-187f001e1d93,01254,"Футболка Supreme (Черный, L)",Футболки/Supreme,1000.0,0.0,True,,https://miniature-prod.moysklad.ru/miniature/87fab22b-93c2-11f0-0a80-04c3000069c0/documentminiature/86edd84d-606a-40ea-a994-d8e4cca7bbe7
8ac56c64-965f-11f0-0a80-0844001d2b78,01359,"Футболка Supreme (Черный, L)",Футболки/Supreme,1000.0,0.0,True,,https://miniature-prod.moysklad.ru/miniature/87fab22b-93c2-11f0-0a80-04c3000069c0/documentminiature/36093f1a-b527-4283-8d24-3bf2f3c24720
1fc8af83-9660-11f0-0a80-058c001d5770,01401,"Футболка Supreme (Черный, L)",Футболки/Supreme,1000.0,0.0,True,,https://miniature-prod.moysklad.ru/miniature/87fab22b-93c2-11f0-0a80-04c3000069c0/documentminiature/bc31f895-c814-4668-b628-c6333ae8605c
3cfb689f-9660-11f0-0a80-0df4001d836f,01415,"Футболка Supreme (Черный, L)",Футболки/Supreme,1000.0,0.0,True,,https://miniature-prod.moysklad.ru/miniature/87fab22b-93c2-11f0-0a80-04c3000069c0/documentminiature/d720d520-5eda-4151-aaee-3906a9818737
ae92570b-965d-11f0-0a80-187f001e1a2b,01108,"Футболка Supreme (Черный, M)",Футболки/Supreme,1000.0,0.0,True,,https://miniature-prod.moysklad.ru/miniature/87fab22b-93c2-11f0-0a80-04c3000069c0/documentminiature/6546405b-5eca-4266-9f4b-58007b957746
cfc269ff-965d-11f0-0a80-0cc6001d5bda,01136,"Футболка Supreme (Черный, M)",Футболки/Supreme,1000.0,-1.0,True,,https://miniature-prod.moysklad.ru/miniature/87fab22b-93c2-11f0-0a80-04c3000069c0/documentminiature/5c3ef734-9d1e-44b2-898c-dd11d274c17c
9c0e97cf-965e-11f0-0a80-0844001d2912,01241,"Футболка Supreme (Черный, M)",Футболки/Supreme,1000.0,0.0,True,,https://miniature-prod.moysklad.ru/miniature/87fab22b-93c2-11f0-0a80-04c3000069c0/documentminiature/7f09809a-f9cd-46a1-a8f3-621a59fcda79
b509a9ea-965e-11f0-0a80-187f001e1d9a,01255,"Футболка Supreme (Черный, M)",Футболки/Supreme,1000.0,0.0,True,,https://miniature-prod.moysklad.ru/miniature/87fab22b-93c2-11f0-0a80-04c3000069c0/documentminiature/86edd84d-606a-40ea-a994-d8e4cca7bbe7
8ac842f1-965f-11f0-0a80-0844001d2b7f,01360,"Футболка Supreme (Черный, M)",Футболки/Supreme,1000.0,0.0,True,,https://miniature-prod.moysklad.ru/miniature/87fab22b-93c2-11f0-0a80-04c3000069c0/documentminiature/36093f1a-b527-4283-8d24-3bf2f3c24720
1fcb296d-9660-11f0-0a80-058c001d5777,01402,"Футболка Supreme (Черный, M)",Футболки/Supreme,1000.0,0.0,True,,https://miniature-prod.moysklad.ru/miniature/87fab22b-93c2-11f0-0a80-04c3000069c0/documentminiature/bc31f895-c814-4668-b628-c6333ae8605c
3cfd4945-9660-11f0-0a80-0df4001d8376,01416,"Футболка Supreme (Черный, M)",Футболки/Supreme,1000.0,0.0,True,,https://miniature-prod.moysklad.ru/miniature/87fab22b-93c2-11f0-0a80-04c3000069c0/documentminiature/d720d520-5eda-4151-aaee-3906a9818737
ae956815-965d-11f0-0a80-187f001e1a32,01109,"Футболка Supreme (Черный, S)",Футболки/Supreme,1000.0,0.0,True,,https://miniature-prod.moysklad.ru/miniature/87fab22b-93c2-11f0-0a80-04c3000069c0/documentminiature/6546405b-5eca-4266-9f4b-58007b957746
cfc559be-965d-11f0-0a80-0cc6001d5be1,01137,"Футболка Supreme (Черный, S)",Футболки/Supreme,1000.0,0.0,True,,https://miniature-prod.moysklad.ru/miniature/87fab22b-93c2-11f0-0a80-04c3000069c0/documentminiature/5c3ef734-9d1e-44b2-898c-dd11d274c17c
9c10f1af-965e-11f0-0a80-0844001d2919,01242,"Футболка Supreme (Черный, S)",Футболки/Supreme,1000.0,0.0,True,,https://miniature-prod.moysklad.ru/miniature/87fab22b-93c2-11f0-0a80-04c3000069c0/documentminiature/7f09809a-f9cd-46a1-a8f3-621a59fcda79
b50c7a8c-965e-11f0-0a80-187f001e1da1,01256,"Футболка Supreme (Черный, S)",Футболки/Supreme,1000.0,0.0,True,,https://miniature-prod.moysklad.ru/miniature/87fab22b-93c2-11f0-0a80-04c3000069c0/documentminiature/86edd84d-606a-40ea-a994-d8e4cca7bbe7
8aca94c3-965f-11f0-0a80-0844001d2b86,01361,"Футболка Supreme (Черный, S)",Футболки/Supreme,1000.0,0.0,True,,https://miniature-prod.moysklad.ru/miniature/87fab22b-93c2-11f0-0a80-04c3000069c0/documentminiature/36093f1a-b527-4283-8d24-3bf2f3c24720
1fcd9e91-9660-11f0-0a80-058c001d577e,01403,"Футболка Supreme (Черный, S)",Футболки/Supreme,1000.0,0.0,True,,https://miniature-prod.moysklad.ru/miniature/87fab22b-93c2-11f0-0a80-04c3000069c0/documentminiature/bc31f895-c814-4668-b628-c6333ae8605c
3cff1d15-9660-11f0-0a80-0df4001d837d,01417,"Футболка Supreme (Черный, S)",Футболки/Supreme,1000.0,0.0,True,,https://miniature-prod.moysklad.ru/miniature/87fab22b-93c2-11f0-0a80-04c3000069c0/documentminiature/d720d520-5eda-4151-aaee-3906a9818737
ae97ec63-965d-11f0-0a80-187f001e1a39,01110,"Футболка Supreme (Черный, XL)",Футболки/Supreme,1000.0,0.0,True,,https://miniature-prod.moysklad.ru/miniature/87fab22b-93c2-11f0-0a80-04c3000069c0/documentminiature/6546405b-5eca-4266-9f4b-58007b957746
cfc8449c-965d-11f0-0a80-0cc6001d5be8,01138,"Футболка Supreme (Черный, XL)",Футболки/Supreme,1000.0,0.0,True,,https://miniature-prod.moysklad.ru/miniature/87fab22b-93c2-11f0-0a80-04c3000069c0/documentminiature/5c3ef734-9d1e-44b2-898c-dd11d274c17c
9c13d2dc-965e-11f0-0a80-0844001d2920,01243,"Футболка Supreme (Черный, XL)",Футболки/Supreme,1000.0,0.0,True,,https://miniature-prod.moysklad.ru/miniature/87fab22b-93c2-11f0-0a80-04c3000069c0/documentminiature/7f09809a-f9cd-46a1-a8f3-621a59fcda79
b50ea1d0-965e-11f0-0a80-187f001e1da8,01257,"Футболка Supreme (Черный, XL)",Футболки/Supreme,1000.0,0.0,True,,https://miniature-prod.moysklad.ru/miniature/87fab22b-93c2-11f0-0a80-04c3000069c0/documentminiature/86edd84d-606a-40ea-a994-d8e4cca7bbe7
8accaea3-965f-11f0-0a80-0844001d2b8d,01362,"Футболка Supreme (Черный, XL)",Футболки/Supreme,1000.0,0.0,True,,https://miniature-prod.moysklad.ru/miniature/87fab22b-93c2-11f0-0a80-04c3000069c0/documentminiature/36093f1a-b527-4283-8d24-3bf2f3c24720
1fd037e5-9660-11f0-0a80-058c001d5785,01404,"Футболка Supreme (Черный, XL)",Футболки/Supreme,1000.0,0.0,True,,https://miniature-prod.moysklad.ru/miniature/87fab22b-93c2-11f0-0a80-04c3000069c0/documentminiature/bc31f895-c814-4668-b628-c6333ae8605c
3d0110f5-9660-11f0-0a80-0df4001d8384,01418,"Футболка Supreme (Черный, XL)",Футболки/Supreme,1000.0,0.0,True,,https://miniature-prod.moysklad.ru/miniature/87fab22b-93c2-11f0-0a80-04c3000069c0/documentminiature/d720d520-5eda-4151-aaee-3906a9818737
ae9ae1de-965d-11f0-0a80-187f001e1a40,01111,"Футболка Supreme (Черный, XS)",Футболки/Supreme,1000.0,0.0,True,,https://miniature-prod.moysklad.ru/miniature/87fab22b-93c2-11f0-0a80-04c3000069c0/documentminiature/6546405b-5eca-4266-9f4b-58007b957746
cfcc7196-965d-11f0-0a80-0cc6001d5bef,01139,"Футболка Supreme (Черный, XS)",Футболки/Supreme,1000.0,0.0,True,,https://miniature-prod.moysklad.ru/miniature/87fab22b-93c2-11f0-0a80-04c3000069c0/documentminiature/5c3ef734-9d1e-44b2-898c-dd11d274c17c
9c1646b5-965e-11f0-0a80-0844001d2927,01244,"Футболка Supreme (Черный, XS)",Футболки/Supreme,1000.0,0.0,True,,https://miniature-prod.moysklad.ru/miniature/87fab22b-93c2-11f0-0a80-04c3000069c0/documentminiature/7f09809a-f9cd-46a1-a8f3-621a59fcda79
b511c2cd-965e-11f0-0a80-187f001e1daf,01258,"Футболка Supreme (Черный, XS)",Футболки/Supreme,1000.0,0.0,True,,https://miniature-prod.moysklad.ru/miniature/87fab22b-93c2-11f0-0a80-04c3000069c0/documentminiature/86edd84d-606a-40ea-a994-d8e4cca7bbe7
8aced2e9-965f-11f0-0a80-0844001d2b94,01363,"Футболка Supreme (Черный, XS)",Футболки/Supreme,1000.0,0.0,True,,https://miniature-prod.moysklad.ru/miniature/87fab22b-93c2-11f0-0a80-04c3000069c0/documentminiature/36093f1a-b527-4283-8d24-3bf2f3c24720
1fd2c9f9-9660-11f0-0a80-058c001d578c,01405,"Футболка Supreme (Черный, XS)",Футболки/Supreme,1000.0,0.0,True,,https://miniature-prod.moysklad.ru/miniature/87fab22b-93c2-11f0-0a80-04c3000069c0/documentminiature/bc31f895-c814-4668-b628-c6333ae8605c
3d02efee-9660-11f0-0a80-0df4001d838b,01419,"Футболка Supreme (Черный, XS)",Футболки/Supreme,1000.0,0.0,True,,https://miniature-prod.moysklad.ru/miniature/87fab22b-93c2-11f0-0a80-04c3000069c0/documentminiature/d720d520-5eda-4151-aaee-3906a9818737
ae9d9262-965d-11f0-0a80-187f001e1a47,01112,"Футболка Supreme (Черный, XXS)",Футболки/Supreme,1000.0,0.0,True,,https://miniature-prod.moysklad.ru/miniature/87fab22b-93c2-11f0-0a80-04c3000069c0/documentminiature/6546405b-5eca-4266-9f4b-58007b957746
cfcf908c-965d-11f0-0a80-0cc6001d5bf6,01140,"Футболка Supreme (Черный, XXS)",Футболки/Supreme,1000.0,0.0,True,,https://miniature-prod.moysklad.ru/miniature/87fab22b-93c2-11f0-0a80-04c3000069c0/documentminiature/5c3ef734-9d1e-44b2-898c-dd11d274c17c
9c186bd6-965e-11f0-0a80-0844001d292e,01245,"Футболка Supreme (Черный, XXS)",Футболки/Supreme,1000.0,0.0,True,,https://miniature-prod.moysklad.ru/miniature/87fab22b-93c2-11f0-0a80-04c3000069c0/documentminiature/7f09809a-f9cd-46a1-a8f3-621a59fcda79
b514896c-965e-11f0-0a80-187f001e1db6,01259,"Футболка Supreme (Черный, XXS)",Футболки/Supreme,1000.0,0.0,True,,https://miniature-prod.moysklad.ru/miniature/87fab22b-93c2-11f0-0a80-04c3000069c0/documentminiature/86edd84d-606a-40ea-a994-d8e4cca7bbe7
8ad0ef8f-965f-11f0-0a80-0844001d2b9b,01364,"Футболка Supreme (Черный, XXS)",Футболки/Supreme,1000.0,0.0,True,,https://miniature-prod.moysklad.ru/miniature/87fab22b-93c2-11f0-0a80-04c3000069c0/documentminiature/36093f1a-b527-4283-8d24-3bf2f3c24720
1fd53778-9660-11f0-0a80-058c001d5793,01406,"Футболка Supreme (Черный, XXS)",Футболки/Supreme,1000.0,0.0,True,,https://miniature-prod.moysklad.ru/miniature/87fab22b-93c2-11f0-0a80-04c3000069c0/documentminiature/bc31f895-c814-4668-b628-c6333ae8605c
3d04e1e2-9660-11f0-0a80-0df4001d8392,01420,"Футболка Supreme (Черный, XXS)",Футболки/Supreme,1000.0,0.0,True,,https://miniature-prod.moysklad.ru/miniature/87fab22b-93c2-11f0-0a80-04c3000069c0/documentminiature/d720d520-5eda-4151-aaee-3906a9818737
32b13184-965f-11f0-0a80-058c001d553e,00142,Футболка Supreme Ducati,Футболки/Supreme,1300.0,0.0,True,,https://miniature-prod.moysklad.ru/miniature/87fab22b-93c2-11f0-0a80-04c3000069c0/documentminiature/a90ffc71-c740-456c-a71e-79416398f46b
3dac83e1-965f-11f0-0a80-1435001d9b32,01330,"Футболка Supreme Ducati (Черный, 2XL)",Футболки/Supreme,1300.0,0.0,True,,https://miniature-prod.moysklad.ru/miniature/87fab22b-93c2-11f0-0a80-04c3000069c0/documentminiature/a90ffc71-c740-456c-a71e-79416398f46b
3db00d55-965f-11f0-0a80-1435001d9b39,01331,"Футболка Supreme Ducati (Черный, L)",Футболки/Supreme,1300.0,0.0,True,,https://miniature-prod.moysklad.ru/miniature/87fab22b-93c2-11f0-0a80-04c3000069c0/documentminiature/a90ffc71-c740-456c-a71e-79416398f46b
3db2f91c-965f-11f0-0a80-1435001d9b40,01332,"Футболка Supreme Ducati (Черный, M)",Футболки/Supreme,1300.0,0.0,True,,https://miniature-prod.moysklad.ru/miniature/87fab22b-93c2-11f0-0a80-04c3000069c0/documentminiature/a90ffc71-c740-456c-a71e-79416398f46b
3db5940a-965f-11f0-0a80-1435001d9b47,01333,"Футболка Supreme Ducati (Черный, S)",Футболки/Supreme,1300.0,0.0,True,,https://miniature-prod.moysklad.ru/miniature/87fab22b-93c2-11f0-0a80-04c3000069c0/documentminiature/a90ffc71-c740-456c-a71e-79416398f46b
3db84eaa-965f-11f0-0a80-1435001d9b4e,01334,"Футболка Supreme Ducati (Черный, XL)",Футболки/Supreme,1300.0,0.0,True,,https://miniature-prod.moysklad.ru/miniature/87fab22b-93c2-11f0-0a80-04c3000069c0/documentminiature/a90ffc71-c740-456c-a71e-79416398f46b
3dbb5da0-965f-11f0-0a80-1435001d9b55,01335,"Футболка Supreme Ducati (Черный, XS)",Футболки/Supreme,1300.0,0.0,True,,https://miniature-prod.moysklad.ru/miniature/87fab22b-93c2-11f0-0a80-04c3000069c0/documentminiature/a90ffc71-c740-456c-a71e-79416398f46b
3dbe32e0-965f-11f0-0a80-1435001d9b5c,01336,"Футболка Supreme Ducati (Черный, XXS)",Футболки/Supreme,1300.0,0.0,True,,https://miniature-prod.moysklad.ru/miniature/87fab22b-93c2-11f0-0a80-04c3000069c0/documentminiature/a90ffc71-c740-456c-a71e-79416398f46b
f2c3e3cc-965f-11f0-0a80-0df4001d7fcd,00149,Футболка Supreme Maradona ''No Drug'',Футболки/Supreme,1000.0,0.0,True,,https://miniature-prod.moysklad.ru/miniature/87fab22b-93c2-11f0-0a80-04c3000069c0/documentminiature/2c41b762-8eca-46fa-ba12-3063ea866c0c
fa3e02e1-965f-11f0-0a80-19dd001d973d,01386,"Футболка Supreme Maradona ''No Drug'' (Белый, 2XL)",Футболки/Supreme,1000.0,0.0,True,,https://miniature-prod.moysklad.ru/miniature/87fab22b-93c2-11f0-0a80-04c3000069c0/documentminiature/2c41b762-8eca-46fa-ba12-3063ea866c0c
fa41f9cf-965f-11f0-0a80-19dd001d9744,01387,"Футболка Supreme Maradona ''No Drug'' (Белый, L)",Футболки/Supreme,1000.0,0.0,True,,https://miniature-prod.moysklad.ru/miniature/87fab22b-93c2-11f0-0a80-04c3000069c0/documentminiature/2c41b762-8eca-46fa-ba12-3063ea866c0c
fa45c7fb-965f-11f0-0a80-19dd001d974b,01388,"Футболка Supreme Maradona ''No Drug'' (Белый, M)",Футболки/Supreme,1000.0,0.0,True,,https://miniature-prod.moysklad.ru/miniature/87fab22b-93c2-11f0-0a80-04c3000069c0/documentminiature/2c41b762-8eca-46fa-ba12-3063ea866c0c
fa497c73-965f-11f0-0a80-19dd001d9752,01389,"Футболка Supreme Maradona ''No Drug'' (Белый, S)",Футболки/Supreme,1000.0,0.0,True,,https://miniature-prod.moysklad.ru/miniature/87fab22b-93c2-11f0-0a80-04c3000069c0/documentminiature/2c41b762-8eca-46fa-ba12-3063ea866c0c
fa4d0efb-965f-11f0-0a80-19dd001d9759,01390,"Футболка Supreme Maradona ''No Drug'' (Белый, XL)",Футболки/Supreme,1000.0,0.0,True,,https://miniature-prod.moysklad.ru/miniature/87fab22b-93c2-11f0-0a80-04c3000069c0/documentminiature/2c41b762-8eca-46fa-ba12-3063ea866c0c
fa50e1d9-965f-11f0-0a80-19dd001d9760,01391,"Футболка Supreme Maradona ''No Drug'' (Белый, XS)",Футболки/Supreme,1000.0,0.0,True,,https://miniature-prod.moysklad.ru/miniature/87fab22b-93c2-11f0-0a80-04c3000069c0/documentminiature/2c41b762-8eca-46fa-ba12-3063ea866c0c
fa549cb7-965f-11f0-0a80-19dd001d9767,01392,"Футболка Supreme Maradona ''No Drug'' (Белый, XXS)",Футболки/Supreme,1000.0,0.0,True,,https://miniature-prod.moysklad.ru/miniature/87fab22b-93c2-11f0-0a80-04c3000069c0/documentminiature/2c41b762-8eca-46fa-ba12-3063ea866c0c
549a6bd2-965f-11f0-0a80-0159001d52c4,00143,Футболка Supreme Shrek,Футболки/Supreme,1000.0,0.0,True,,https://miniature-prod.moysklad.ru/miniature/87fab22b-93c2-11f0-0a80-04c3000069c0/documentminiature/c6e84507-a7fe-4059-949b-3dc32913a83f
5c3c2390-965f-11f0-0a80-1bbe001ca98a,01337,"Футболка Supreme Shrek (Белый, 2XL)",Футболки/Supreme,1000.0,0.0,True,,https://miniature-prod.moysklad.ru/miniature/87fab22b-93c2-11f0-0a80-04c3000069c0/documentminiature/c6e84507-a7fe-4059-949b-3dc32913a83f
5c3e57d1-965f-11f0-0a80-1bbe001ca991,01338,"Футболка Supreme Shrek (Белый, L)",Футболки/Supreme,1000.0,0.0,True,,https://miniature-prod.moysklad.ru/miniature/87fab22b-93c2-11f0-0a80-04c3000069c0/documentminiature/c6e84507-a7fe-4059-949b-3dc32913a83f
5c4029a3-965f-11f0-0a80-1bbe001ca998,01339,"Футболка Supreme Shrek (Белый, M)",Футболки/Supreme,1000.0,0.0,True,,https://miniature-prod.moysklad.ru/miniature/87fab22b-93c2-11f0-0a80-04c3000069c0/documentminiature/c6e84507-a7fe-4059-949b-3dc32913a83f
5c41edac-965f-11f0-0a80-1bbe001ca99f,01340,"Футболка Supreme Shrek (Белый, S)",Футболки/Supreme,1000.0,0.0,True,,https://miniature-prod.moysklad.ru/miniature/87fab22b-93c2-11f0-0a80-04c3000069c0/documentminiature/c6e84507-a7fe-4059-949b-3dc32913a83f
5c43aab3-965f-11f0-0a80-1bbe001ca9a6,01341,"Футболка Supreme Shrek (Белый, XL)",Футболки/Supreme,1000.0,0.0,True,,https://miniature-prod.moysklad.ru/miniature/87fab22b-93c2-11f0-0a80-04c3000069c0/documentminiature/c6e84507-a7fe-4059-949b-3dc32913a83f
5c45808f-965f-11f0-0a80-1bbe001ca9ad,01342,"Футболка Supreme Shrek (Белый, XS)",Футболки/Supreme,1000.0,0.0,True,,https://miniature-prod.moysklad.ru/miniature/87fab22b-93c2-11f0-0a80-04c3000069c0/documentminiature/c6e84507-a7fe-4059-949b-3dc32913a83f
5c4785ae-965f-11f0-0a80-1bbe001ca9b4,01343,"Футболка Supreme Shrek (Белый, XXS)",Футболки/Supreme,1000.0,0.0,True,,https://miniature-prod.moysklad.ru/miniature/87fab22b-93c2-11f0-0a80-04c3000069c0/documentminiature/c6e84507-a7fe-4059-949b-3dc32913a83f
5e4ea753-494e-11f1-0a80-104f00260a10,00307,Футболка Supreme Texas,Футболки/Supreme,1000.0,0.0,True,,https://miniature-prod.moysklad.ru/miniature/87fab22b-93c2-11f0-0a80-04c3000069c0/documentminiature/4de26941-1289-4f2d-95e5-0fc745909ba1
66633f13-494e-11f1-0a80-00ca0027d683,02406,"Футболка Supreme Texas (Белый, 2XL)",Футболки/Supreme,1000.0,0.0,True,,https://miniature-prod.moysklad.ru/miniature/87fab22b-93c2-11f0-0a80-04c3000069c0/documentminiature/4de26941-1289-4f2d-95e5-0fc745909ba1
666eda7b-494e-11f1-0a80-00ca0027d696,02407,"Футболка Supreme Texas (Белый, L)",Футболки/Supreme,1000.0,0.0,True,,https://miniature-prod.moysklad.ru/miniature/87fab22b-93c2-11f0-0a80-04c3000069c0/documentminiature/4de26941-1289-4f2d-95e5-0fc745909ba1
667557dd-494e-11f1-0a80-00ca0027d6a8,02408,"Футболка Supreme Texas (Белый, M)",Футболки/Supreme,1000.0,0.0,True,,https://miniature-prod.moysklad.ru/miniature/87fab22b-93c2-11f0-0a80-04c3000069c0/documentminiature/4de26941-1289-4f2d-95e5-0fc745909ba1
6681c25a-494e-11f1-0a80-00ca0027d6b3,02409,"Футболка Supreme Texas (Белый, S)",Футболки/Supreme,1000.0,0.0,True,,https://miniature-prod.moysklad.ru/miniature/87fab22b-93c2-11f0-0a80-04c3000069c0/documentminiature/4de26941-1289-4f2d-95e5-0fc745909ba1
668bff75-494e-11f1-0a80-00ca0027d6c0,02410,"Футболка Supreme Texas (Белый, XL)",Футболки/Supreme,1000.0,0.0,True,,https://miniature-prod.moysklad.ru/miniature/87fab22b-93c2-11f0-0a80-04c3000069c0/documentminiature/4de26941-1289-4f2d-95e5-0fc745909ba1
3ad38f02-965e-11f0-0a80-17d5001db8aa,00132,Футболка Supreme Thrasher,Футболки/Supreme,1300.0,0.0,True,,https://miniature-prod.moysklad.ru/miniature/87fab22b-93c2-11f0-0a80-04c3000069c0/documentminiature/e97e620a-758e-4ec7-aa34-6ce3881039e1
63daba68-965e-11f0-0a80-0729001e0689,01197,"Футболка Supreme Thrasher (Белая с Черным, 2XL)",Футболки/Supreme,1300.0,0.0,True,,https://miniature-prod.moysklad.ru/miniature/87fab22b-93c2-11f0-0a80-04c3000069c0/documentminiature/e97e620a-758e-4ec7-aa34-6ce3881039e1
63dda808-965e-11f0-0a80-0729001e0690,01198,"Футболка Supreme Thrasher (Белая с Черным, L)",Футболки/Supreme,1300.0,0.0,True,,https://miniature-prod.moysklad.ru/miniature/87fab22b-93c2-11f0-0a80-04c3000069c0/documentminiature/e97e620a-758e-4ec7-aa34-6ce3881039e1
63e00049-965e-11f0-0a80-0729001e0697,01199,"Футболка Supreme Thrasher (Белая с Черным, M)",Футболки/Supreme,1300.0,0.0,True,,https://miniature-prod.moysklad.ru/miniature/87fab22b-93c2-11f0-0a80-04c3000069c0/documentminiature/e97e620a-758e-4ec7-aa34-6ce3881039e1
63e24901-965e-11f0-0a80-0729001e069e,01200,"Футболка Supreme Thrasher (Белая с Черным, S)",Футболки/Supreme,1300.0,0.0,True,,https://miniature-prod.moysklad.ru/miniature/87fab22b-93c2-11f0-0a80-04c3000069c0/documentminiature/e97e620a-758e-4ec7-aa34-6ce3881039e1
63e48273-965e-11f0-0a80-0729001e06a5,01201,"Футболка Supreme Thrasher (Белая с Черным, XL)",Футболки/Supreme,1300.0,0.0,True,,https://miniature-prod.moysklad.ru/miniature/87fab22b-93c2-11f0-0a80-04c3000069c0/documentminiature/e97e620a-758e-4ec7-aa34-6ce3881039e1
63e73941-965e-11f0-0a80-0729001e06ac,01202,"Футболка Supreme Thrasher (Белая с Черным, XS)",Футболки/Supreme,1300.0,0.0,True,,https://miniature-prod.moysklad.ru/miniature/87fab22b-93c2-11f0-0a80-04c3000069c0/documentminiature/e97e620a-758e-4ec7-aa34-6ce3881039e1
63e99bbf-965e-11f0-0a80-0729001e06b3,01203,"Футболка Supreme Thrasher (Белая с Черным, XXS)",Футболки/Supreme,1300.0,0.0,True,,https://miniature-prod.moysklad.ru/miniature/87fab22b-93c2-11f0-0a80-04c3000069c0/documentminiature/e97e620a-758e-4ec7-aa34-6ce3881039e1
63ec4c6d-965e-11f0-0a80-0729001e06ba,01204,"Футболка Supreme Thrasher (Черная с Белым, 2XL)",Футболки/Supreme,1300.0,0.0,True,,https://miniature-prod.moysklad.ru/miniature/87fab22b-93c2-11f0-0a80-04c3000069c0/documentminiature/e97e620a-758e-4ec7-aa34-6ce3881039e1
63ee95ec-965e-11f0-0a80-0729001e06c1,01205,"Футболка Supreme Thrasher (Черная с Белым, L)",Футболки/Supreme,1300.0,0.0,True,,https://miniature-prod.moysklad.ru/miniature/87fab22b-93c2-11f0-0a80-04c3000069c0/documentminiature/e97e620a-758e-4ec7-aa34-6ce3881039e1
63f126b4-965e-11f0-0a80-0729001e06c8,01206,"Футболка Supreme Thrasher (Черная с Белым, M)",Футболки/Supreme,1300.0,0.0,True,,https://miniature-prod.moysklad.ru/miniature/87fab22b-93c2-11f0-0a80-04c3000069c0/documentminiature/e97e620a-758e-4ec7-aa34-6ce3881039e1
63f3e0f7-965e-11f0-0a80-0729001e06cf,01207,"Футболка Supreme Thrasher (Черная с Белым, S)",Футболки/Supreme,1300.0,0.0,True,,https://miniature-prod.moysklad.ru/miniature/87fab22b-93c2-11f0-0a80-04c3000069c0/documentminiature/e97e620a-758e-4ec7-aa34-6ce3881039e1
63f6209a-965e-11f0-0a80-0729001e06d6,01208,"Футболка Supreme Thrasher (Черная с Белым, XL)",Футболки/Supreme,1300.0,0.0,True,,https://miniature-prod.moysklad.ru/miniature/87fab22b-93c2-11f0-0a80-04c3000069c0/documentminiature/e97e620a-758e-4ec7-aa34-6ce3881039e1
63f976a9-965e-11f0-0a80-0729001e06dd,01209,"Футболка Supreme Thrasher (Черная с Белым, XS)",Футболки/Supreme,1300.0,0.0,True,,https://miniature-prod.moysklad.ru/miniature/87fab22b-93c2-11f0-0a80-04c3000069c0/documentminiature/e97e620a-758e-4ec7-aa34-6ce3881039e1
63fbb6a6-965e-11f0-0a80-0729001e06e4,01210,"Футболка Supreme Thrasher (Черная с Белым, XXS)",Футболки/Supreme,1300.0,0.0,True,,https://miniature-prod.moysklad.ru/miniature/87fab22b-93c2-11f0-0a80-04c3000069c0/documentminiature/e97e620a-758e-4ec7-aa34-6ce3881039e1
63fdfe5e-965e-11f0-0a80-0729001e06eb,01211,"Футболка Supreme Thrasher (Черная с розовым, 2XL)",Футболки/Supreme,1300.0,0.0,True,,https://miniature-prod.moysklad.ru/miniature/87fab22b-93c2-11f0-0a80-04c3000069c0/documentminiature/e97e620a-758e-4ec7-aa34-6ce3881039e1
64006f00-965e-11f0-0a80-0729001e06f2,01212,"Футболка Supreme Thrasher (Черная с розовым, L)",Футболки/Supreme,1300.0,0.0,True,,https://miniature-prod.moysklad.ru/miniature/87fab22b-93c2-11f0-0a80-04c3000069c0/documentminiature/e97e620a-758e-4ec7-aa34-6ce3881039e1
6402c1d5-965e-11f0-0a80-0729001e06f9,01213,"Футболка Supreme Thrasher (Черная с розовым, M)",Футболки/Supreme,1300.0,0.0,True,,https://miniature-prod.moysklad.ru/miniature/87fab22b-93c2-11f0-0a80-04c3000069c0/documentminiature/e97e620a-758e-4ec7-aa34-6ce3881039e1
6404b889-965e-11f0-0a80-0729001e0700,01214,"Футболка Supreme Thrasher (Черная с розовым, S)",Футболки/Supreme,1300.0,0.0,True,,https://miniature-prod.moysklad.ru/miniature/87fab22b-93c2-11f0-0a80-04c3000069c0/documentminiature/e97e620a-758e-4ec7-aa34-6ce3881039e1
6406be5a-965e-11f0-0a80-0729001e0707,01215,"Футболка Supreme Thrasher (Черная с розовым, XL)",Футболки/Supreme,1300.0,0.0,True,,https://miniature-prod.moysklad.ru/miniature/87fab22b-93c2-11f0-0a80-04c3000069c0/documentminiature/e97e620a-758e-4ec7-aa34-6ce3881039e1
6408e712-965e-11f0-0a80-0729001e070e,01216,"Футболка Supreme Thrasher (Черная с розовым, XS)",Футболки/Supreme,1300.0,0.0,True,,https://miniature-prod.moysklad.ru/miniature/87fab22b-93c2-11f0-0a80-04c3000069c0/documentminiature/e97e620a-758e-4ec7-aa34-6ce3881039e1
640b6f62-965e-11f0-0a80-0729001e0715,01217,"Футболка Supreme Thrasher (Черная с розовым, XXS)",Футболки/Supreme,1300.0,0.0,True,,https://miniature-prod.moysklad.ru/miniature/87fab22b-93c2-11f0-0a80-04c3000069c0/documentminiature/e97e620a-758e-4ec7-aa34-6ce3881039e1
a40081d2-965f-11f0-0a80-090b001c3488,00147,Футболка Supreme Woman Cat,Футболки/Supreme,1000.0,0.0,True,,https://miniature-prod.moysklad.ru/miniature/87fab22b-93c2-11f0-0a80-04c3000069c0/documentminiature/36887ef5-7e05-47b9-bbdc-cf544ce75f48
aba7b1b4-965f-11f0-0a80-0f42001d760e,01372,"Футболка Supreme Woman Cat (Черный, 2XL)",Футболки/Supreme,1000.0,0.0,True,,https://miniature-prod.moysklad.ru/miniature/87fab22b-93c2-11f0-0a80-04c3000069c0/documentminiature/36887ef5-7e05-47b9-bbdc-cf544ce75f48
abaade58-965f-11f0-0a80-0f42001d7615,01373,"Футболка Supreme Woman Cat (Черный, L)",Футболки/Supreme,1000.0,0.0,True,,https://miniature-prod.moysklad.ru/miniature/87fab22b-93c2-11f0-0a80-04c3000069c0/documentminiature/36887ef5-7e05-47b9-bbdc-cf544ce75f48
abad912e-965f-11f0-0a80-0f42001d761c,01374,"Футболка Supreme Woman Cat (Черный, M)",Футболки/Supreme,1000.0,0.0,True,,https://miniature-prod.moysklad.ru/miniature/87fab22b-93c2-11f0-0a80-04c3000069c0/documentminiature/36887ef5-7e05-47b9-bbdc-cf544ce75f48
abb040d5-965f-11f0-0a80-0f42001d7623,01375,"Футболка Supreme Woman Cat (Черный, S)",Футболки/Supreme,1000.0,0.0,True,,https://miniature-prod.moysklad.ru/miniature/87fab22b-93c2-11f0-0a80-04c3000069c0/documentminiature/36887ef5-7e05-47b9-bbdc-cf544ce75f48
abb2d50f-965f-11f0-0a80-0f42001d762a,01376,"Футболка Supreme Woman Cat (Черный, XL)",Футболки/Supreme,1000.0,0.0,True,,https://miniature-prod.moysklad.ru/miniature/87fab22b-93c2-11f0-0a80-04c3000069c0/documentminiature/36887ef5-7e05-47b9-bbdc-cf544ce75f48
abb5771a-965f-11f0-0a80-0f42001d7631,01377,"Футболка Supreme Woman Cat (Черный, XS)",Футболки/Supreme,1000.0,0.0,True,,https://miniature-prod.moysklad.ru/miniature/87fab22b-93c2-11f0-0a80-04c3000069c0/documentminiature/36887ef5-7e05-47b9-bbdc-cf544ce75f48
abb7f4fb-965f-11f0-0a80-0f42001d7638,01378,"Футболка Supreme Woman Cat (Черный, XXS)",Футболки/Supreme,1000.0,0.0,True,,https://miniature-prod.moysklad.ru/miniature/87fab22b-93c2-11f0-0a80-04c3000069c0/documentminiature/36887ef5-7e05-47b9-bbdc-cf544ce75f48
297f3c66-4948-11f1-0a80-03cf00250a96,00303,Футболка Supreme ass Girl,Футболки/Supreme,1000.0,0.0,True,,https://miniature-prod.moysklad.ru/miniature/87fab22b-93c2-11f0-0a80-04c3000069c0/documentminiature/cf31aa72-8303-4883-9b06-16671b93cce2
34b888e1-4948-11f1-0a80-03cf00250e82,02386,"Футболка Supreme ass Girl (Черный, 2XL)",Футболки/Supreme,1000.0,0.0,True,,https://miniature-prod.moysklad.ru/miniature/87fab22b-93c2-11f0-0a80-04c3000069c0/documentminiature/cf31aa72-8303-4883-9b06-16671b93cce2
34bf0ccd-4948-11f1-0a80-03cf00250e8b,02387,"Футболка Supreme ass Girl (Черный, L)",Футболки/Supreme,1000.0,0.0,True,,https://miniature-prod.moysklad.ru/miniature/87fab22b-93c2-11f0-0a80-04c3000069c0/documentminiature/cf31aa72-8303-4883-9b06-16671b93cce2
34c4f1f1-4948-11f1-0a80-03cf00250e94,02388,"Футболка Supreme ass Girl (Черный, M)",Футболки/Supreme,1000.0,0.0,True,,https://miniature-prod.moysklad.ru/miniature/87fab22b-93c2-11f0-0a80-04c3000069c0/documentminiature/cf31aa72-8303-4883-9b06-16671b93cce2
34ca04e6-4948-11f1-0a80-03cf00250eb1,02389,"Футболка Supreme ass Girl (Черный, S)",Футболки/Supreme,1000.0,0.0,True,,https://miniature-prod.moysklad.ru/miniature/87fab22b-93c2-11f0-0a80-04c3000069c0/documentminiature/cf31aa72-8303-4883-9b06-16671b93cce2
34cee291-4948-11f1-0a80-03cf00250ec7,02390,"Футболка Supreme ass Girl (Черный, XL)",Футболки/Supreme,1000.0,0.0,True,,https://miniature-prod.moysklad.ru/miniature/87fab22b-93c2-11f0-0a80-04c3000069c0/documentminiature/cf31aa72-8303-4883-9b06-16671b93cce2
dd9c26fd-4949-11f1-0a80-1a3e0025fd87,00304,Футболка Supreme dollar,Футболки/Supreme,1000.0,0.0,True,,https://miniature-prod.moysklad.ru/miniature/87fab22b-93c2-11f0-0a80-04c3000069c0/documentminiature/f805fe37-5346-4ce4-804d-28ce82bfb9f5
26459b71-494b-11f1-0a80-144c0026250d,00305,Футболка Supreme dollar,Футболки/Supreme,1000.0,0.0,True,,https://miniature-prod.moysklad.ru/miniature/87fab22b-93c2-11f0-0a80-04c3000069c0/documentminiature/01b6d408-c14f-4d05-b755-4bb481d204d7
eb404346-4949-11f1-0a80-1a3e00260025,02391,"Футболка Supreme dollar (Белый, 2XL)",Футболки/Supreme,1000.0,0.0,True,,https://miniature-prod.moysklad.ru/miniature/87fab22b-93c2-11f0-0a80-04c3000069c0/documentminiature/f805fe37-5346-4ce4-804d-28ce82bfb9f5
eb5e6c22-4949-11f1-0a80-1a3e0026002e,02392,"Футболка Supreme dollar (Белый, L)",Футболки/Supreme,1000.0,0.0,True,,https://miniature-prod.moysklad.ru/miniature/87fab22b-93c2-11f0-0a80-04c3000069c0/documentminiature/f805fe37-5346-4ce4-804d-28ce82bfb9f5
eb744b28-4949-11f1-0a80-1a3e00260037,02393,"Футболка Supreme dollar (Белый, M)",Футболки/Supreme,1000.0,-1.0,True,,https://miniature-prod.moysklad.ru/miniature/87fab22b-93c2-11f0-0a80-04c3000069c0/documentminiature/f805fe37-5346-4ce4-804d-28ce82bfb9f5
eb8df6b2-4949-11f1-0a80-1a3e00260041,02394,"Футболка Supreme dollar (Белый, S)",Футболки/Supreme,1000.0,0.0,True,,https://miniature-prod.moysklad.ru/miniature/87fab22b-93c2-11f0-0a80-04c3000069c0/documentminiature/f805fe37-5346-4ce4-804d-28ce82bfb9f5
ebb1171e-4949-11f1-0a80-1a3e0026004c,02395,"Футболка Supreme dollar (Белый, XL)",Футболки/Supreme,1000.0,0.0,True,,https://miniature-prod.moysklad.ru/miniature/87fab22b-93c2-11f0-0a80-04c3000069c0/documentminiature/f805fe37-5346-4ce4-804d-28ce82bfb9f5
2f23039e-494b-11f1-0a80-1a3e00263b04,02396,"Футболка Supreme dollar (Черный, 2XL)",Футболки/Supreme,1000.0,0.0,True,,https://miniature-prod.moysklad.ru/miniature/87fab22b-93c2-11f0-0a80-04c3000069c0/documentminiature/01b6d408-c14f-4d05-b755-4bb481d204d7
2f2ab3e2-494b-11f1-0a80-1a3e00263b0e,02397,"Футболка Supreme dollar (Черный, L)",Футболки/Supreme,1000.0,0.0,True,,https://miniature-prod.moysklad.ru/miniature/87fab22b-93c2-11f0-0a80-04c3000069c0/documentminiature/01b6d408-c14f-4d05-b755-4bb481d204d7
2f2f7fff-494b-11f1-0a80-1a3e00263b18,02398,"Футболка Supreme dollar (Черный, M)",Футболки/Supreme,1000.0,0.0,True,,https://miniature-prod.moysklad.ru/miniature/87fab22b-93c2-11f0-0a80-04c3000069c0/documentminiature/01b6d408-c14f-4d05-b755-4bb481d204d7
2f3407c4-494b-11f1-0a80-1a3e00263b21,02399,"Футболка Supreme dollar (Черный, S)",Футболки/Supreme,1000.0,0.0,True,,https://miniature-prod.moysklad.ru/miniature/87fab22b-93c2-11f0-0a80-04c3000069c0/documentminiature/01b6d408-c14f-4d05-b755-4bb481d204d7
2f397972-494b-11f1-0a80-1a3e00263b2a,02400,"Футболка Supreme dollar (Черный, XL)",Футболки/Supreme,1000.0,0.0,True,,https://miniature-prod.moysklad.ru/miniature/87fab22b-93c2-11f0-0a80-04c3000069c0/documentminiature/01b6d408-c14f-4d05-b755-4bb481d204d7
c66e26eb-965f-11f0-0a80-17d5001dca16,00148,Футболка Supreme x Balenciaga,Футболки/Supreme,1000.0,0.0,True,,https://miniature-prod.moysklad.ru/miniature/87fab22b-93c2-11f0-0a80-04c3000069c0/documentminiature/da7eea7f-e4d3-456f-b7b9-b4ad0ffd2126
d0e8798c-965f-11f0-0a80-0efd001db2cc,01379,"Футболка Supreme x Balenciaga (Белый, 2XL)",Футболки/Supreme,1000.0,0.0,True,,https://miniature-prod.moysklad.ru/miniature/87fab22b-93c2-11f0-0a80-04c3000069c0/documentminiature/da7eea7f-e4d3-456f-b7b9-b4ad0ffd2126
d0eb5b77-965f-11f0-0a80-0efd001db2d3,01380,"Футболка Supreme x Balenciaga (Белый, L)",Футболки/Supreme,1000.0,0.0,True,,https://miniature-prod.moysklad.ru/miniature/87fab22b-93c2-11f0-0a80-04c3000069c0/documentminiature/da7eea7f-e4d3-456f-b7b9-b4ad0ffd2126
d0eda337-965f-11f0-0a80-0efd001db2da,01381,"Футболка Supreme x Balenciaga (Белый, M)",Футболки/Supreme,1000.0,0.0,True,,https://miniature-prod.moysklad.ru/miniature/87fab22b-93c2-11f0-0a80-04c3000069c0/documentminiature/da7eea7f-e4d3-456f-b7b9-b4ad0ffd2126
d0effaac-965f-11f0-0a80-0efd001db2e1,01382,"Футболка Supreme x Balenciaga (Белый, S)",Футболки/Supreme,1000.0,0.0,True,,https://miniature-prod.moysklad.ru/miniature/87fab22b-93c2-11f0-0a80-04c3000069c0/documentminiature/da7eea7f-e4d3-456f-b7b9-b4ad0ffd2126
d0f21773-965f-11f0-0a80-0efd001db2e8,01383,"Футболка Supreme x Balenciaga (Белый, XL)",Футболки/Supreme,1000.0,0.0,True,,https://miniature-prod.moysklad.ru/miniature/87fab22b-93c2-11f0-0a80-04c3000069c0/documentminiature/da7eea7f-e4d3-456f-b7b9-b4ad0ffd2126
d0f41d44-965f-11f0-0a80-0efd001db2ef,01384,"Футболка Supreme x Balenciaga (Белый, XS)",Футболки/Supreme,1000.0,0.0,True,,https://miniature-prod.moysklad.ru/miniature/87fab22b-93c2-11f0-0a80-04c3000069c0/documentminiature/da7eea7f-e4d3-456f-b7b9-b4ad0ffd2126
d0f67c43-965f-11f0-0a80-0efd001db2f6,01385,"Футболка Supreme x Balenciaga (Белый, XXS)",Футболки/Supreme,1000.0,0.0,True,,https://miniature-prod.moysklad.ru/miniature/87fab22b-93c2-11f0-0a80-04c3000069c0/documentminiature/da7eea7f-e4d3-456f-b7b9-b4ad0ffd2126
5b149e61-9660-11f0-0a80-0729001e0a3d,00152,Футболка Supreme x CDG 15-16,Футболки/Supreme,1000.0,0.0,True,,https://miniature-prod.moysklad.ru/miniature/87fab22b-93c2-11f0-0a80-04c3000069c0/documentminiature/f38864a4-5823-46c9-90ae-84bde08ee609
642b3c5a-9660-11f0-0a80-0159001d5528,01421,"Футболка Supreme x CDG 15-16 (Белый, 2XL)",Футболки/Supreme,1000.0,0.0,True,,https://miniature-prod.moysklad.ru/miniature/87fab22b-93c2-11f0-0a80-04c3000069c0/documentminiature/f38864a4-5823-46c9-90ae-84bde08ee609
642dc634-9660-11f0-0a80-0159001d552f,01422,"Футболка Supreme x CDG 15-16 (Белый, L)",Футболки/Supreme,1000.0,0.0,True,,https://miniature-prod.moysklad.ru/miniature/87fab22b-93c2-11f0-0a80-04c3000069c0/documentminiature/f38864a4-5823-46c9-90ae-84bde08ee609
64301bb4-9660-11f0-0a80-0159001d5536,01423,"Футболка Supreme x CDG 15-16 (Белый, M)",Футболки/Supreme,1000.0,0.0,True,,https://miniature-prod.moysklad.ru/miniature/87fab22b-93c2-11f0-0a80-04c3000069c0/documentminiature/f38864a4-5823-46c9-90ae-84bde08ee609
6432501f-9660-11f0-0a80-0159001d553d,01424,"Футболка Supreme x CDG 15-16 (Белый, S)",Футболки/Supreme,1000.0,0.0,True,,https://miniature-prod.moysklad.ru/miniature/87fab22b-93c2-11f0-0a80-04c3000069c0/documentminiature/f38864a4-5823-46c9-90ae-84bde08ee609
64348c99-9660-11f0-0a80-0159001d5544,01425,"Футболка Supreme x CDG 15-16 (Белый, XL)",Футболки/Supreme,1000.0,0.0,True,,https://miniature-prod.moysklad.ru/miniature/87fab22b-93c2-11f0-0a80-04c3000069c0/documentminiature/f38864a4-5823-46c9-90ae-84bde08ee609
6436ad96-9660-11f0-0a80-0159001d554b,01426,"Футболка Supreme x CDG 15-16 (Белый, XS)",Футболки/Supreme,1000.0,0.0,True,,https://miniature-prod.moysklad.ru/miniature/87fab22b-93c2-11f0-0a80-04c3000069c0/documentminiature/f38864a4-5823-46c9-90ae-84bde08ee609
6438ca5b-9660-11f0-0a80-0159001d5552,01427,"Футболка Supreme x CDG 15-16 (Белый, XXS)",Футболки/Supreme,1000.0,0.0,True,,https://miniature-prod.moysklad.ru/miniature/87fab22b-93c2-11f0-0a80-04c3000069c0/documentminiature/f38864a4-5823-46c9-90ae-84bde08ee609
643ad9df-9660-11f0-0a80-0159001d5559,01428,"Футболка Supreme x CDG 15-16 (Черный, 2XL)",Футболки/Supreme,1000.0,0.0,True,,https://miniature-prod.moysklad.ru/miniature/87fab22b-93c2-11f0-0a80-04c3000069c0/documentminiature/f38864a4-5823-46c9-90ae-84bde08ee609
643d8857-9660-11f0-0a80-0159001d5560,01429,"Футболка Supreme x CDG 15-16 (Черный, L)",Футболки/Supreme,1000.0,0.0,True,,https://miniature-prod.moysklad.ru/miniature/87fab22b-93c2-11f0-0a80-04c3000069c0/documentminiature/f38864a4-5823-46c9-90ae-84bde08ee609
643f89e1-9660-11f0-0a80-0159001d5567,01430,"Футболка Supreme x CDG 15-16 (Черный, M)",Футболки/Supreme,1000.0,0.0,True,,https://miniature-prod.moysklad.ru/miniature/87fab22b-93c2-11f0-0a80-04c3000069c0/documentminiature/f38864a4-5823-46c9-90ae-84bde08ee609
64418d1a-9660-11f0-0a80-0159001d556e,01431,"Футболка Supreme x CDG 15-16 (Черный, S)",Футболки/Supreme,1000.0,0.0,True,,https://miniature-prod.moysklad.ru/miniature/87fab22b-93c2-11f0-0a80-04c3000069c0/documentminiature/f38864a4-5823-46c9-90ae-84bde08ee609
6443df30-9660-11f0-0a80-0159001d5575,01432,"Футболка Supreme x CDG 15-16 (Черный, XL)",Футболки/Supreme,1000.0,0.0,True,,https://miniature-prod.moysklad.ru/miniature/87fab22b-93c2-11f0-0a80-04c3000069c0/documentminiature/f38864a4-5823-46c9-90ae-84bde08ee609
6446fe8a-9660-11f0-0a80-0159001d557c,01433,"Футболка Supreme x CDG 15-16 (Черный, XS)",Футболки/Supreme,1000.0,0.0,True,,https://miniature-prod.moysklad.ru/miniature/87fab22b-93c2-11f0-0a80-04c3000069c0/documentminiature/f38864a4-5823-46c9-90ae-84bde08ee609
6449f34d-9660-11f0-0a80-0159001d5583,01434,"Футболка Supreme x CDG 15-16 (Черный, XXS)",Футболки/Supreme,1000.0,0.0,True,,https://miniature-prod.moysklad.ru/miniature/87fab22b-93c2-11f0-0a80-04c3000069c0/documentminiature/f38864a4-5823-46c9-90ae-84bde08ee609
d652754a-4968-11f1-0a80-1553002a0622,00309,Футболка Supreme всадник,Футболки/Supreme,1000.0,0.0,True,,https://miniature-prod.moysklad.ru/miniature/87fab22b-93c2-11f0-0a80-04c3000069c0/documentminiature/89707ea3-7d0e-4711-996f-81b9808a4fb2
df3b8ae4-4968-11f1-0a80-144c002a55c0,02416,"Футболка Supreme всадник (Белый, 2XL)",Футболки/Supreme,1000.0,0.0,True,,https://miniature-prod.moysklad.ru/miniature/87fab22b-93c2-11f0-0a80-04c3000069c0/documentminiature/89707ea3-7d0e-4711-996f-81b9808a4fb2
df479e88-4968-11f1-0a80-144c002a55c9,02417,"Футболка Supreme всадник (Белый, L)",Футболки/Supreme,1000.0,0.0,True,,https://miniature-prod.moysklad.ru/miniature/87fab22b-93c2-11f0-0a80-04c3000069c0/documentminiature/89707ea3-7d0e-4711-996f-81b9808a4fb2
df4dc04b-4968-11f1-0a80-144c002a55d2,02418,"Футболка Supreme всадник (Белый, M)",Футболки/Supreme,1000.0,0.0,True,,https://miniature-prod.moysklad.ru/miniature/87fab22b-93c2-11f0-0a80-04c3000069c0/documentminiature/89707ea3-7d0e-4711-996f-81b9808a4fb2
df52ad79-4968-11f1-0a80-144c002a55db,02419,"Футболка Supreme всадник (Белый, S)",Футболки/Supreme,1000.0,0.0,True,,https://miniature-prod.moysklad.ru/miniature/87fab22b-93c2-11f0-0a80-04c3000069c0/documentminiature/89707ea3-7d0e-4711-996f-81b9808a4fb2
df57912b-4968-11f1-0a80-144c002a55e4,02420,"Футболка Supreme всадник (Белый, XL)",Футболки/Supreme,1000.0,0.0,True,,https://miniature-prod.moysklad.ru/miniature/87fab22b-93c2-11f0-0a80-04c3000069c0/documentminiature/89707ea3-7d0e-4711-996f-81b9808a4fb2
e573b141-965d-11f0-0a80-16d9001daf3f,00129,Футболка Supreme ртуть,Футболки/Supreme,1000.0,0.0,True,,https://miniature-prod.moysklad.ru/miniature/87fab22b-93c2-11f0-0a80-04c3000069c0/documentminiature/57093be9-735e-4217-ab1f-f51e6630abe0
f7474c2a-965d-11f0-0a80-1bbe001ca5fb,01155,"Футболка Supreme ртуть (Белый, 2XL)",Футболки/Supreme,1000.0,0.0,True,,https://miniature-prod.moysklad.ru/miniature/87fab22b-93c2-11f0-0a80-04c3000069c0/documentminiature/57093be9-735e-4217-ab1f-f51e6630abe0
f7499c10-965d-11f0-0a80-1bbe001ca602,01156,"Футболка Supreme ртуть (Белый, L)",Футболки/Supreme,1000.0,0.0,True,,https://miniature-prod.moysklad.ru/miniature/87fab22b-93c2-11f0-0a80-04c3000069c0/documentminiature/57093be9-735e-4217-ab1f-f51e6630abe0
f74ba27a-965d-11f0-0a80-1bbe001ca609,01157,"Футболка Supreme ртуть (Белый, M)",Футболки/Supreme,1000.0,0.0,True,,https://miniature-prod.moysklad.ru/miniature/87fab22b-93c2-11f0-0a80-04c3000069c0/documentminiature/57093be9-735e-4217-ab1f-f51e6630abe0
f74d74d8-965d-11f0-0a80-1bbe001ca610,01158,"Футболка Supreme ртуть (Белый, S)",Футболки/Supreme,1000.0,0.0,True,,https://miniature-prod.moysklad.ru/miniature/87fab22b-93c2-11f0-0a80-04c3000069c0/documentminiature/57093be9-735e-4217-ab1f-f51e6630abe0
f74f4655-965d-11f0-0a80-1bbe001ca617,01159,"Футболка Supreme ртуть (Белый, XL)",Футболки/Supreme,1000.0,0.0,True,,https://miniature-prod.moysklad.ru/miniature/87fab22b-93c2-11f0-0a80-04c3000069c0/documentminiature/57093be9-735e-4217-ab1f-f51e6630abe0
f7511c38-965d-11f0-0a80-1bbe001ca61e,01160,"Футболка Supreme ртуть (Белый, XS)",Футболки/Supreme,1000.0,0.0,True,,https://miniature-prod.moysklad.ru/miniature/87fab22b-93c2-11f0-0a80-04c3000069c0/documentminiature/57093be9-735e-4217-ab1f-f51e6630abe0
f752f066-965d-11f0-0a80-1bbe001ca625,01161,"Футболка Supreme ртуть (Белый, XXS)",Футболки/Supreme,1000.0,0.0,True,,https://miniature-prod.moysklad.ru/miniature/87fab22b-93c2-11f0-0a80-04c3000069c0/documentminiature/57093be9-735e-4217-ab1f-f51e6630abe0
f754b8ba-965d-11f0-0a80-1bbe001ca62c,01162,"Футболка Supreme ртуть (Черный, 2XL)",Футболки/Supreme,1000.0,0.0,True,,https://miniature-prod.moysklad.ru/miniature/87fab22b-93c2-11f0-0a80-04c3000069c0/documentminiature/57093be9-735e-4217-ab1f-f51e6630abe0
f7569be9-965d-11f0-0a80-1bbe001ca633,01163,"Футболка Supreme ртуть (Черный, L)",Футболки/Supreme,1000.0,0.0,True,,https://miniature-prod.moysklad.ru/miniature/87fab22b-93c2-11f0-0a80-04c3000069c0/documentminiature/57093be9-735e-4217-ab1f-f51e6630abe0
f758b3d4-965d-11f0-0a80-1bbe001ca63a,01164,"Футболка Supreme ртуть (Черный, M)",Футболки/Supreme,1000.0,0.0,True,,https://miniature-prod.moysklad.ru/miniature/87fab22b-93c2-11f0-0a80-04c3000069c0/documentminiature/57093be9-735e-4217-ab1f-f51e6630abe0
f760d3de-965d-11f0-0a80-1bbe001ca641,01165,"Футболка Supreme ртуть (Черный, S)",Футболки/Supreme,1000.0,0.0,True,,https://miniature-prod.moysklad.ru/miniature/87fab22b-93c2-11f0-0a80-04c3000069c0/documentminiature/57093be9-735e-4217-ab1f-f51e6630abe0
f763036b-965d-11f0-0a80-1bbe001ca648,01166,"Футболка Supreme ртуть (Черный, XL)",Футболки/Supreme,1000.0,0.0,True,,https://miniature-prod.moysklad.ru/miniature/87fab22b-93c2-11f0-0a80-04c3000069c0/documentminiature/57093be9-735e-4217-ab1f-f51e6630abe0
f765ca02-965d-11f0-0a80-1bbe001ca64f,01167,"Футболка Supreme ртуть (Черный, XS)",Футболки/Supreme,1000.0,0.0,True,,https://miniature-prod.moysklad.ru/miniature/87fab22b-93c2-11f0-0a80-04c3000069c0/documentminiature/57093be9-735e-4217-ab1f-f51e6630abe0
f7687bc2-965d-11f0-0a80-1bbe001ca656,01168,"Футболка Supreme ртуть (Черный, XXS)",Футболки/Supreme,1000.0,0.0,True,,https://miniature-prod.moysklad.ru/miniature/87fab22b-93c2-11f0-0a80-04c3000069c0/documentminiature/57093be9-735e-4217-ab1f-f51e6630abe0
7e6cba1d-9660-11f0-0a80-0844001d2d41,00153,Футболки Supreme 6 Three Mafia Family,Футболки/Supreme,1000.0,0.0,True,,https://miniature-prod.moysklad.ru/miniature/87fab22b-93c2-11f0-0a80-04c3000069c0/documentminiature/49747128-9989-4582-8113-2f30e23a924d
876b7f94-9660-11f0-0a80-17d5001dcee5,01435,"Футболки Supreme 6 Three Mafia Family (Белый, 2XL)",Футболки/Supreme,1000.0,0.0,True,,https://miniature-prod.moysklad.ru/miniature/87fab22b-93c2-11f0-0a80-04c3000069c0/documentminiature/49747128-9989-4582-8113-2f30e23a924d
876dd92e-9660-11f0-0a80-17d5001dceec,01436,"Футболки Supreme 6 Three Mafia Family (Белый, L)",Футболки/Supreme,1000.0,0.0,True,,https://miniature-prod.moysklad.ru/miniature/87fab22b-93c2-11f0-0a80-04c3000069c0/documentminiature/49747128-9989-4582-8113-2f30e23a924d
876fd7e7-9660-11f0-0a80-17d5001dcef3,01437,"Футболки Supreme 6 Three Mafia Family (Белый, M)",Футболки/Supreme,1000.0,0.0,True,,https://miniature-prod.moysklad.ru/miniature/87fab22b-93c2-11f0-0a80-04c3000069c0/documentminiature/49747128-9989-4582-8113-2f30e23a924d
8771ed39-9660-11f0-0a80-17d5001dcefa,01438,"Футболки Supreme 6 Three Mafia Family (Белый, S)",Футболки/Supreme,1000.0,0.0,True,,https://miniature-prod.moysklad.ru/miniature/87fab22b-93c2-11f0-0a80-04c3000069c0/documentminiature/49747128-9989-4582-8113-2f30e23a924d
8773da52-9660-11f0-0a80-17d5001dcf01,01439,"Футболки Supreme 6 Three Mafia Family (Белый, XL)",Футболки/Supreme,1000.0,0.0,True,,https://miniature-prod.moysklad.ru/miniature/87fab22b-93c2-11f0-0a80-04c3000069c0/documentminiature/49747128-9989-4582-8113-2f30e23a924d
877aabec-9660-11f0-0a80-17d5001dcf16,01442,"Футболки Supreme 6 Three Mafia Family (Черный, 2XL)",Футболки/Supreme,1000.0,0.0,True,,https://miniature-prod.moysklad.ru/miniature/87fab22b-93c2-11f0-0a80-04c3000069c0/documentminiature/49747128-9989-4582-8113-2f30e23a924d
877c88a0-9660-11f0-0a80-17d5001dcf1d,01443,"Футболки Supreme 6 Three Mafia Family (Черный, L)",Футболки/Supreme,1000.0,0.0,True,,https://miniature-prod.moysklad.ru/miniature/87fab22b-93c2-11f0-0a80-04c3000069c0/documentminiature/49747128-9989-4582-8113-2f30e23a924d
877e52c5-9660-11f0-0a80-17d5001dcf24,01444,"Футболки Supreme 6 Three Mafia Family (Черный, M)",Футболки/Supreme,1000.0,0.0,True,,https://miniature-prod.moysklad.ru/miniature/87fab22b-93c2-11f0-0a80-04c3000069c0/documentminiature/49747128-9989-4582-8113-2f30e23a924d
87803768-9660-11f0-0a80-17d5001dcf2b,01445,"Футболки Supreme 6 Three Mafia Family (Черный, S)",Футболки/Supreme,1000.0,0.0,True,,https://miniature-prod.moysklad.ru/miniature/87fab22b-93c2-11f0-0a80-04c3000069c0/documentminiature/49747128-9989-4582-8113-2f30e23a924d
878261e4-9660-11f0-0a80-17d5001dcf32,01446,"Футболки Supreme 6 Three Mafia Family (Черный, XL)",Футболки/Supreme,1000.0,0.0,True,,https://miniature-prod.moysklad.ru/miniature/87fab22b-93c2-11f0-0a80-04c3000069c0/documentminiature/49747128-9989-4582-8113-2f30e23a924d
878462e7-9660-11f0-0a80-17d5001dcf39,01447,"Футболки Supreme 6 Three Mafia Family (Черный, XS)",Футболки/Supreme,1000.0,0.0,True,,https://miniature-prod.moysklad.ru/miniature/87fab22b-93c2-11f0-0a80-04c3000069c0/documentminiature/49747128-9989-4582-8113-2f30e23a924d
87864dfe-9660-11f0-0a80-17d5001dcf40,01448,"Футболки Supreme 6 Three Mafia Family (Черный, XXS)",Футболки/Supreme,1000.0,0.0,True,,https://miniature-prod.moysklad.ru/miniature/87fab22b-93c2-11f0-0a80-04c3000069c0/documentminiature/49747128-9989-4582-8113-2f30e23a924d
1b804d67-9663-11f0-0a80-0729001e10c5,00172,Футболки Supreme Balenciaga,Футболки/Supreme,1000.0,0.0,True,,https://miniature-prod.moysklad.ru/miniature/87fab22b-93c2-11f0-0a80-04c3000069c0/documentminiature/39206261-e629-4de8-b2e0-79f4e56704f0
2608e301-9663-11f0-0a80-16d9001dd4da,01638,"Футболки Supreme Balenciaga (Белый, 2XL)",Футболки/Supreme,1000.0,0.0,True,,https://miniature-prod.moysklad.ru/miniature/87fab22b-93c2-11f0-0a80-04c3000069c0/documentminiature/39206261-e629-4de8-b2e0-79f4e56704f0
260b85dc-9663-11f0-0a80-16d9001dd4e1,01639,"Футболки Supreme Balenciaga (Белый, L)",Футболки/Supreme,1000.0,0.0,True,,https://miniature-prod.moysklad.ru/miniature/87fab22b-93c2-11f0-0a80-04c3000069c0/documentminiature/39206261-e629-4de8-b2e0-79f4e56704f0
260db922-9663-11f0-0a80-16d9001dd4e8,01640,"Футболки Supreme Balenciaga (Белый, M)",Футболки/Supreme,1000.0,0.0,True,,https://miniature-prod.moysklad.ru/miniature/87fab22b-93c2-11f0-0a80-04c3000069c0/documentminiature/39206261-e629-4de8-b2e0-79f4e56704f0
260fd626-9663-11f0-0a80-16d9001dd4ef,01641,"Футболки Supreme Balenciaga (Белый, S)",Футболки/Supreme,1000.0,0.0,True,,https://miniature-prod.moysklad.ru/miniature/87fab22b-93c2-11f0-0a80-04c3000069c0/documentminiature/39206261-e629-4de8-b2e0-79f4e56704f0
2611f5cb-9663-11f0-0a80-16d9001dd4f6,01642,"Футболки Supreme Balenciaga (Белый, XL)",Футболки/Supreme,1000.0,0.0,True,,https://miniature-prod.moysklad.ru/miniature/87fab22b-93c2-11f0-0a80-04c3000069c0/documentminiature/39206261-e629-4de8-b2e0-79f4e56704f0
26140fa1-9663-11f0-0a80-16d9001dd4fd,01643,"Футболки Supreme Balenciaga (Белый, XS)",Футболки/Supreme,1000.0,0.0,True,,https://miniature-prod.moysklad.ru/miniature/87fab22b-93c2-11f0-0a80-04c3000069c0/documentminiature/39206261-e629-4de8-b2e0-79f4e56704f0
261615be-9663-11f0-0a80-16d9001dd504,01644,"Футболки Supreme Balenciaga (Белый, XXS)",Футболки/Supreme,1000.0,0.0,True,,https://miniature-prod.moysklad.ru/miniature/87fab22b-93c2-11f0-0a80-04c3000069c0/documentminiature/39206261-e629-4de8-b2e0-79f4e56704f0
26180f9e-9663-11f0-0a80-16d9001dd50b,01645,"Футболки Supreme Balenciaga (Черный, 2XL)",Футболки/Supreme,1000.0,0.0,True,,https://miniature-prod.moysklad.ru/miniature/87fab22b-93c2-11f0-0a80-04c3000069c0/documentminiature/39206261-e629-4de8-b2e0-79f4e56704f0
261a0ff6-9663-11f0-0a80-16d9001dd512,01646,"Футболки Supreme Balenciaga (Черный, L)",Футболки/Supreme,1000.0,0.0,True,,https://miniature-prod.moysklad.ru/miniature/87fab22b-93c2-11f0-0a80-04c3000069c0/documentminiature/39206261-e629-4de8-b2e0-79f4e56704f0
261bd19d-9663-11f0-0a80-16d9001dd519,01647,"Футболки Supreme Balenciaga (Черный, M)",Футболки/Supreme,1000.0,0.0,True,,https://miniature-prod.moysklad.ru/miniature/87fab22b-93c2-11f0-0a80-04c3000069c0/documentminiature/39206261-e629-4de8-b2e0-79f4e56704f0
261d866b-9663-11f0-0a80-16d9001dd520,01648,"Футболки Supreme Balenciaga (Черный, S)",Футболки/Supreme,1000.0,0.0,True,,https://miniature-prod.moysklad.ru/miniature/87fab22b-93c2-11f0-0a80-04c3000069c0/documentminiature/39206261-e629-4de8-b2e0-79f4e56704f0
261f36d1-9663-11f0-0a80-16d9001dd527,01649,"Футболки Supreme Balenciaga (Черный, XL)",Футболки/Supreme,1000.0,0.0,True,,https://miniature-prod.moysklad.ru/miniature/87fab22b-93c2-11f0-0a80-04c3000069c0/documentminiature/39206261-e629-4de8-b2e0-79f4e56704f0
2620f4c1-9663-11f0-0a80-16d9001dd52e,01650,"Футболки Supreme Balenciaga (Черный, XS)",Футболки/Supreme,1000.0,0.0,True,,https://miniature-prod.moysklad.ru/miniature/87fab22b-93c2-11f0-0a80-04c3000069c0/documentminiature/39206261-e629-4de8-b2e0-79f4e56704f0
2622b91f-9663-11f0-0a80-16d9001dd535,01651,"Футболки Supreme Balenciaga (Черный, XXS)",Футболки/Supreme,1000.0,0.0,True,,https://miniature-prod.moysklad.ru/miniature/87fab22b-93c2-11f0-0a80-04c3000069c0/documentminiature/39206261-e629-4de8-b2e0-79f4e56704f0
fb4ecb6f-9662-11f0-0a80-0f42001d7e26,00171,Футболки Supreme Fuck The President,Футболки/Supreme,1000.0,0.0,True,,https://miniature-prod.moysklad.ru/miniature/87fab22b-93c2-11f0-0a80-04c3000069c0/documentminiature/007997bc-20c4-4ee4-9cdd-caa79a9c373e
0bd4fb63-9663-11f0-0a80-0cc6001d730c,01631,"Футболки Supreme Fuck The President (Черный, 2XL)",Футболки/Supreme,1000.0,0.0,True,,https://miniature-prod.moysklad.ru/miniature/87fab22b-93c2-11f0-0a80-04c3000069c0/documentminiature/007997bc-20c4-4ee4-9cdd-caa79a9c373e
0bd7a1df-9663-11f0-0a80-0cc6001d7313,01632,"Футболки Supreme Fuck The President (Черный, L)",Футболки/Supreme,1000.0,0.0,True,,https://miniature-prod.moysklad.ru/miniature/87fab22b-93c2-11f0-0a80-04c3000069c0/documentminiature/007997bc-20c4-4ee4-9cdd-caa79a9c373e
0bda1549-9663-11f0-0a80-0cc6001d731a,01633,"Футболки Supreme Fuck The President (Черный, M)",Футболки/Supreme,1000.0,0.0,True,,https://miniature-prod.moysklad.ru/miniature/87fab22b-93c2-11f0-0a80-04c3000069c0/documentminiature/007997bc-20c4-4ee4-9cdd-caa79a9c373e
0bdc40e0-9663-11f0-0a80-0cc6001d7321,01634,"Футболки Supreme Fuck The President (Черный, S)",Футболки/Supreme,1000.0,0.0,True,,https://miniature-prod.moysklad.ru/miniature/87fab22b-93c2-11f0-0a80-04c3000069c0/documentminiature/007997bc-20c4-4ee4-9cdd-caa79a9c373e
0bded1b9-9663-11f0-0a80-0cc6001d7328,01635,"Футболки Supreme Fuck The President (Черный, XL)",Футболки/Supreme,1000.0,0.0,True,,https://miniature-prod.moysklad.ru/miniature/87fab22b-93c2-11f0-0a80-04c3000069c0/documentminiature/007997bc-20c4-4ee4-9cdd-caa79a9c373e
0be277c2-9663-11f0-0a80-0cc6001d732f,01636,"Футболки Supreme Fuck The President (Черный, XS)",Футболки/Supreme,1000.0,0.0,True,,https://miniature-prod.moysklad.ru/miniature/87fab22b-93c2-11f0-0a80-04c3000069c0/documentminiature/007997bc-20c4-4ee4-9cdd-caa79a9c373e
0be50309-9663-11f0-0a80-0cc6001d7336,01637,"Футболки Supreme Fuck The President (Черный, XXS)",Футболки/Supreme,1000.0,0.0,True,,https://miniature-prod.moysklad.ru/miniature/87fab22b-93c2-11f0-0a80-04c3000069c0/documentminiature/007997bc-20c4-4ee4-9cdd-caa79a9c373e
e1097084-9660-11f0-0a80-0066001d627f,00156,Футболки Supreme Records,Футболки/Supreme,1000.0,0.0,True,,https://miniature-prod.moysklad.ru/miniature/87fab22b-93c2-11f0-0a80-04c3000069c0/documentminiature/88350598-126f-4486-bf74-4b6876e1b4eb
e943d998-9660-11f0-0a80-090b001c3948,01463,"Футболки Supreme Records (Белый, 2XL)",Футболки/Supreme,1000.0,0.0,True,,https://miniature-prod.moysklad.ru/miniature/87fab22b-93c2-11f0-0a80-04c3000069c0/documentminiature/88350598-126f-4486-bf74-4b6876e1b4eb
e946b95c-9660-11f0-0a80-090b001c394f,01464,"Футболки Supreme Records (Белый, L)",Футболки/Supreme,1000.0,0.0,True,,https://miniature-prod.moysklad.ru/miniature/87fab22b-93c2-11f0-0a80-04c3000069c0/documentminiature/88350598-126f-4486-bf74-4b6876e1b4eb
e9494d6c-9660-11f0-0a80-090b001c3956,01465,"Футболки Supreme Records (Белый, M)",Футболки/Supreme,1000.0,0.0,True,,https://miniature-prod.moysklad.ru/miniature/87fab22b-93c2-11f0-0a80-04c3000069c0/documentminiature/88350598-126f-4486-bf74-4b6876e1b4eb
e94c80ca-9660-11f0-0a80-090b001c395d,01466,"Футболки Supreme Records (Белый, S)",Футболки/Supreme,1000.0,0.0,True,,https://miniature-prod.moysklad.ru/miniature/87fab22b-93c2-11f0-0a80-04c3000069c0/documentminiature/88350598-126f-4486-bf74-4b6876e1b4eb
e94e907d-9660-11f0-0a80-090b001c3964,01467,"Футболки Supreme Records (Белый, XL)",Футболки/Supreme,1000.0,0.0,True,,https://miniature-prod.moysklad.ru/miniature/87fab22b-93c2-11f0-0a80-04c3000069c0/documentminiature/88350598-126f-4486-bf74-4b6876e1b4eb
e9504689-9660-11f0-0a80-090b001c396b,01468,"Футболки Supreme Records (Белый, XS)",Футболки/Supreme,1000.0,0.0,True,,https://miniature-prod.moysklad.ru/miniature/87fab22b-93c2-11f0-0a80-04c3000069c0/documentminiature/88350598-126f-4486-bf74-4b6876e1b4eb
e9522293-9660-11f0-0a80-090b001c3972,01469,"Футболки Supreme Records (Белый, XXS)",Футболки/Supreme,1000.0,0.0,True,,https://miniature-prod.moysklad.ru/miniature/87fab22b-93c2-11f0-0a80-04c3000069c0/documentminiature/88350598-126f-4486-bf74-4b6876e1b4eb
9eceddae-9660-11f0-0a80-0cc6001d6d4c,00154,Футболки Supreme Scarface,Футболки/Supreme,1000.0,0.0,True,,https://miniature-prod.moysklad.ru/miniature/87fab22b-93c2-11f0-0a80-04c3000069c0/documentminiature/03e237f6-9ac1-4c07-98db-790264eb8932
abfeca29-9660-11f0-0a80-0f42001d7877,01449,"Футболки Supreme Scarface (Черныq, 2XL)",Футболки/Supreme,1000.0,0.0,True,,https://miniature-prod.moysklad.ru/miniature/87fab22b-93c2-11f0-0a80-04c3000069c0/documentminiature/03e237f6-9ac1-4c07-98db-790264eb8932
ac012a9b-9660-11f0-0a80-0f42001d787e,01450,"Футболки Supreme Scarface (Черныq, L)",Футболки/Supreme,1000.0,0.0,True,,https://miniature-prod.moysklad.ru/miniature/87fab22b-93c2-11f0-0a80-04c3000069c0/documentminiature/03e237f6-9ac1-4c07-98db-790264eb8932
ac034cbb-9660-11f0-0a80-0f42001d7885,01451,"Футболки Supreme Scarface (Черныq, M)",Футболки/Supreme,1000.0,0.0,True,,https://miniature-prod.moysklad.ru/miniature/87fab22b-93c2-11f0-0a80-04c3000069c0/documentminiature/03e237f6-9ac1-4c07-98db-790264eb8932
ac05c801-9660-11f0-0a80-0f42001d788c,01452,"Футболки Supreme Scarface (Черныq, S)",Футболки/Supreme,1000.0,0.0,True,,https://miniature-prod.moysklad.ru/miniature/87fab22b-93c2-11f0-0a80-04c3000069c0/documentminiature/03e237f6-9ac1-4c07-98db-790264eb8932
ac085507-9660-11f0-0a80-0f42001d7893,01453,"Футболки Supreme Scarface (Черныq, XL)",Футболки/Supreme,1000.0,0.0,True,,https://miniature-prod.moysklad.ru/miniature/87fab22b-93c2-11f0-0a80-04c3000069c0/documentminiature/03e237f6-9ac1-4c07-98db-790264eb8932
ac0a93cc-9660-11f0-0a80-0f42001d789a,01454,"Футболки Supreme Scarface (Черныq, XS)",Футболки/Supreme,1000.0,0.0,True,,https://miniature-prod.moysklad.ru/miniature/87fab22b-93c2-11f0-0a80-04c3000069c0/documentminiature/03e237f6-9ac1-4c07-98db-790264eb8932
ac0cd4c0-9660-11f0-0a80-0f42001d78a1,01455,"Футболки Supreme Scarface (Черныq, XXS)",Футболки/Supreme,1000.0,0.0,True,,https://miniature-prod.moysklad.ru/miniature/87fab22b-93c2-11f0-0a80-04c3000069c0/documentminiature/03e237f6-9ac1-4c07-98db-790264eb8932
da97d1a1-9662-11f0-0a80-16d9001dd407,00170,Футболки Supreme poster,Футболки/Supreme,1000.0,0.0,True,,https://miniature-prod.moysklad.ru/miniature/87fab22b-93c2-11f0-0a80-04c3000069c0/documentminiature/5b4cfd1b-fd7b-4c73-b94c-8afc32bbf74e
e5579919-9662-11f0-0a80-0f42001d7d9e,01617,"Футболки Supreme poster (Белый, 2XL)",Футболки/Supreme,1000.0,0.0,True,,https://miniature-prod.moysklad.ru/miniature/87fab22b-93c2-11f0-0a80-04c3000069c0/documentminiature/5b4cfd1b-fd7b-4c73-b94c-8afc32bbf74e
e55a2022-9662-11f0-0a80-0f42001d7da5,01618,"Футболки Supreme poster (Белый, L)",Футболки/Supreme,1000.0,0.0,True,,https://miniature-prod.moysklad.ru/miniature/87fab22b-93c2-11f0-0a80-04c3000069c0/documentminiature/5b4cfd1b-fd7b-4c73-b94c-8afc32bbf74e
e55c3cc3-9662-11f0-0a80-0f42001d7dac,01619,"Футболки Supreme poster (Белый, M)",Футболки/Supreme,1000.0,0.0,True,,https://miniature-prod.moysklad.ru/miniature/87fab22b-93c2-11f0-0a80-04c3000069c0/documentminiature/5b4cfd1b-fd7b-4c73-b94c-8afc32bbf74e
e55e4690-9662-11f0-0a80-0f42001d7db3,01620,"Футболки Supreme poster (Белый, S)",Футболки/Supreme,1000.0,0.0,True,,https://miniature-prod.moysklad.ru/miniature/87fab22b-93c2-11f0-0a80-04c3000069c0/documentminiature/5b4cfd1b-fd7b-4c73-b94c-8afc32bbf74e
e5604d66-9662-11f0-0a80-0f42001d7dba,01621,"Футболки Supreme poster (Белый, XL)",Футболки/Supreme,1000.0,0.0,True,,https://miniature-prod.moysklad.ru/miniature/87fab22b-93c2-11f0-0a80-04c3000069c0/documentminiature/5b4cfd1b-fd7b-4c73-b94c-8afc32bbf74e
e5624415-9662-11f0-0a80-0f42001d7dc1,01622,"Футболки Supreme poster (Белый, XS)",Футболки/Supreme,1000.0,0.0,True,,https://miniature-prod.moysklad.ru/miniature/87fab22b-93c2-11f0-0a80-04c3000069c0/documentminiature/5b4cfd1b-fd7b-4c73-b94c-8afc32bbf74e
e56452ed-9662-11f0-0a80-0f42001d7dc8,01623,"Футболки Supreme poster (Белый, XXS)",Футболки/Supreme,1000.0,0.0,True,,https://miniature-prod.moysklad.ru/miniature/87fab22b-93c2-11f0-0a80-04c3000069c0/documentminiature/5b4cfd1b-fd7b-4c73-b94c-8afc32bbf74e
e5663652-9662-11f0-0a80-0f42001d7dcf,01624,"Футболки Supreme poster (Черный, 2XL)",Футболки/Supreme,1000.0,0.0,True,,https://miniature-prod.moysklad.ru/miniature/87fab22b-93c2-11f0-0a80-04c3000069c0/documentminiature/5b4cfd1b-fd7b-4c73-b94c-8afc32bbf74e
e568439f-9662-11f0-0a80-0f42001d7dd6,01625,"Футболки Supreme poster (Черный, L)",Футболки/Supreme,1000.0,0.0,True,,https://miniature-prod.moysklad.ru/miniature/87fab22b-93c2-11f0-0a80-04c3000069c0/documentminiature/5b4cfd1b-fd7b-4c73-b94c-8afc32bbf74e
e56a3674-9662-11f0-0a80-0f42001d7ddd,01626,"Футболки Supreme poster (Черный, M)",Футболки/Supreme,1000.0,0.0,True,,https://miniature-prod.moysklad.ru/miniature/87fab22b-93c2-11f0-0a80-04c3000069c0/documentminiature/5b4cfd1b-fd7b-4c73-b94c-8afc32bbf74e
e56c4272-9662-11f0-0a80-0f42001d7de4,01627,"Футболки Supreme poster (Черный, S)",Футболки/Supreme,1000.0,0.0,True,,https://miniature-prod.moysklad.ru/miniature/87fab22b-93c2-11f0-0a80-04c3000069c0/documentminiature/5b4cfd1b-fd7b-4c73-b94c-8afc32bbf74e
e56e5906-9662-11f0-0a80-0f42001d7deb,01628,"Футболки Supreme poster (Черный, XL)",Футболки/Supreme,1000.0,0.0,True,,https://miniature-prod.moysklad.ru/miniature/87fab22b-93c2-11f0-0a80-04c3000069c0/documentminiature/5b4cfd1b-fd7b-4c73-b94c-8afc32bbf74e
e5708992-9662-11f0-0a80-0f42001d7df2,01629,"Футболки Supreme poster (Черный, XS)",Футболки/Supreme,1000.0,0.0,True,,https://miniature-prod.moysklad.ru/miniature/87fab22b-93c2-11f0-0a80-04c3000069c0/documentminiature/5b4cfd1b-fd7b-4c73-b94c-8afc32bbf74e
e572c48a-9662-11f0-0a80-0f42001d7df9,01630,"Футболки Supreme poster (Черный, XXS)",Футболки/Supreme,1000.0,0.0,True,,https://miniature-prod.moysklad.ru/miniature/87fab22b-93c2-11f0-0a80-04c3000069c0/documentminiature/5b4cfd1b-fd7b-4c73-b94c-8afc32bbf74e
418fd1a1-9663-11f0-0a80-0cc6001d7393,00173,Футболки Supreme retro,Футболки/Supreme,1000.0,0.0,True,,https://miniature-prod.moysklad.ru/miniature/87fab22b-93c2-11f0-0a80-04c3000069c0/documentminiature/4747fad6-864f-4cdb-9c82-25dceecbc50f
4b6f7dfb-9663-11f0-0a80-17d5001dd711,01652,"Футболки Supreme retro (Белый, 2XL)",Футболки/Supreme,1000.0,0.0,True,,https://miniature-prod.moysklad.ru/miniature/87fab22b-93c2-11f0-0a80-04c3000069c0/documentminiature/4747fad6-864f-4cdb-9c82-25dceecbc50f
4b73696c-9663-11f0-0a80-17d5001dd718,01653,"Футболки Supreme retro (Белый, L)",Футболки/Supreme,1000.0,0.0,True,,https://miniature-prod.moysklad.ru/miniature/87fab22b-93c2-11f0-0a80-04c3000069c0/documentminiature/4747fad6-864f-4cdb-9c82-25dceecbc50f
4b778483-9663-11f0-0a80-17d5001dd71f,01654,"Футболки Supreme retro (Белый, M)",Футболки/Supreme,1000.0,0.0,True,,https://miniature-prod.moysklad.ru/miniature/87fab22b-93c2-11f0-0a80-04c3000069c0/documentminiature/4747fad6-864f-4cdb-9c82-25dceecbc50f
4b7b2fd5-9663-11f0-0a80-17d5001dd726,01655,"Футболки Supreme retro (Белый, S)",Футболки/Supreme,1000.0,0.0,True,,https://miniature-prod.moysklad.ru/miniature/87fab22b-93c2-11f0-0a80-04c3000069c0/documentminiature/4747fad6-864f-4cdb-9c82-25dceecbc50f
4b7eb38a-9663-11f0-0a80-17d5001dd72d,01656,"Футболки Supreme retro (Белый, XL)",Футболки/Supreme,1000.0,0.0,True,,https://miniature-prod.moysklad.ru/miniature/87fab22b-93c2-11f0-0a80-04c3000069c0/documentminiature/4747fad6-864f-4cdb-9c82-25dceecbc50f
4b825acd-9663-11f0-0a80-17d5001dd734,01657,"Футболки Supreme retro (Белый, XS)",Футболки/Supreme,1000.0,0.0,True,,https://miniature-prod.moysklad.ru/miniature/87fab22b-93c2-11f0-0a80-04c3000069c0/documentminiature/4747fad6-864f-4cdb-9c82-25dceecbc50f
4b85ce1f-9663-11f0-0a80-17d5001dd73b,01658,"Футболки Supreme retro (Белый, XXS)",Футболки/Supreme,1000.0,0.0,True,,https://miniature-prod.moysklad.ru/miniature/87fab22b-93c2-11f0-0a80-04c3000069c0/documentminiature/4747fad6-864f-4cdb-9c82-25dceecbc50f
4b88debd-9663-11f0-0a80-17d5001dd742,01659,"Футболки Supreme retro (Черный, 2XL)",Футболки/Supreme,1000.0,0.0,True,,https://miniature-prod.moysklad.ru/miniature/87fab22b-93c2-11f0-0a80-04c3000069c0/documentminiature/4747fad6-864f-4cdb-9c82-25dceecbc50f
4b8c1499-9663-11f0-0a80-17d5001dd749,01660,"Футболки Supreme retro (Черный, L)",Футболки/Supreme,1000.0,0.0,True,,https://miniature-prod.moysklad.ru/miniature/87fab22b-93c2-11f0-0a80-04c3000069c0/documentminiature/4747fad6-864f-4cdb-9c82-25dceecbc50f
4b8f450a-9663-11f0-0a80-17d5001dd750,01661,"Футболки Supreme retro (Черный, M)",Футболки/Supreme,1000.0,0.0,True,,https://miniature-prod.moysklad.ru/miniature/87fab22b-93c2-11f0-0a80-04c3000069c0/documentminiature/4747fad6-864f-4cdb-9c82-25dceecbc50f
4b926e26-9663-11f0-0a80-17d5001dd757,01662,"Футболки Supreme retro (Черный, S)",Футболки/Supreme,1000.0,0.0,True,,https://miniature-prod.moysklad.ru/miniature/87fab22b-93c2-11f0-0a80-04c3000069c0/documentminiature/4747fad6-864f-4cdb-9c82-25dceecbc50f
4b95afb0-9663-11f0-0a80-17d5001dd75e,01663,"Футболки Supreme retro (Черный, XL)",Футболки/Supreme,1000.0,0.0,True,,https://miniature-prod.moysklad.ru/miniature/87fab22b-93c2-11f0-0a80-04c3000069c0/documentminiature/4747fad6-864f-4cdb-9c82-25dceecbc50f
4b98b389-9663-11f0-0a80-17d5001dd765,01664,"Футболки Supreme retro (Черный, XS)",Футболки/Supreme,1000.0,0.0,True,,https://miniature-prod.moysklad.ru/miniature/87fab22b-93c2-11f0-0a80-04c3000069c0/documentminiature/4747fad6-864f-4cdb-9c82-25dceecbc50f
4b9bbc3a-9663-11f0-0a80-17d5001dd76c,01665,"Футболки Supreme retro (Черный, XXS)",Футболки/Supreme,1000.0,0.0,True,,https://miniature-prod.moysklad.ru/miniature/87fab22b-93c2-11f0-0a80-04c3000069c0/documentminiature/4747fad6-864f-4cdb-9c82-25dceecbc50f
c26d941b-9660-11f0-0a80-0066001d624a,00155,Футболки Supreme teg box,Футболки/Supreme,1000.0,0.0,True,,https://miniature-prod.moysklad.ru/miniature/87fab22b-93c2-11f0-0a80-04c3000069c0/documentminiature/7c3b3b08-0da9-4d0a-959a-533c93abe14a
cdfcb3bc-9660-11f0-0a80-0cc6001d6da0,01456,"Футболки Supreme teg box (Белый, 2XL)",Футболки/Supreme,1000.0,0.0,True,,https://miniature-prod.moysklad.ru/miniature/87fab22b-93c2-11f0-0a80-04c3000069c0/documentminiature/7c3b3b08-0da9-4d0a-959a-533c93abe14a
cdffc031-9660-11f0-0a80-0cc6001d6da7,01457,"Футболки Supreme teg box (Белый, L)",Футболки/Supreme,1000.0,0.0,True,,https://miniature-prod.moysklad.ru/miniature/87fab22b-93c2-11f0-0a80-04c3000069c0/documentminiature/7c3b3b08-0da9-4d0a-959a-533c93abe14a
ce02b4d7-9660-11f0-0a80-0cc6001d6dae,01458,"Футболки Supreme teg box (Белый, M)",Футболки/Supreme,1000.0,0.0,True,,https://miniature-prod.moysklad.ru/miniature/87fab22b-93c2-11f0-0a80-04c3000069c0/documentminiature/7c3b3b08-0da9-4d0a-959a-533c93abe14a
ce059ef5-9660-11f0-0a80-0cc6001d6db5,01459,"Футболки Supreme teg box (Белый, S)",Футболки/Supreme,1000.0,0.0,True,,https://miniature-prod.moysklad.ru/miniature/87fab22b-93c2-11f0-0a80-04c3000069c0/documentminiature/7c3b3b08-0da9-4d0a-959a-533c93abe14a
ce088747-9660-11f0-0a80-0cc6001d6dbc,01460,"Футболки Supreme teg box (Белый, XL)",Футболки/Supreme,1000.0,0.0,True,,https://miniature-prod.moysklad.ru/miniature/87fab22b-93c2-11f0-0a80-04c3000069c0/documentminiature/7c3b3b08-0da9-4d0a-959a-533c93abe14a
ce0b6d23-9660-11f0-0a80-0cc6001d6dc3,01461,"Футболки Supreme teg box (Белый, XS)",Футболки/Supreme,1000.0,0.0,True,,https://miniature-prod.moysklad.ru/miniature/87fab22b-93c2-11f0-0a80-04c3000069c0/documentminiature/7c3b3b08-0da9-4d0a-959a-533c93abe14a
ce0e59a6-9660-11f0-0a80-0cc6001d6dca,01462,"Футболки Supreme teg box (Белый, XXS)",Футболки/Supreme,1000.0,0.0,True,,https://miniature-prod.moysklad.ru/miniature/87fab22b-93c2-11f0-0a80-04c3000069c0/documentminiature/7c3b3b08-0da9-4d0a-959a-533c93abe14a
566a82e4-965b-11f0-0a80-0efd001da718,00100,Футболка Syna No Gimmics,Футболки/Syna World,1000.0,0.0,True,,https://miniature-prod.moysklad.ru/miniature/87fab22b-93c2-11f0-0a80-04c3000069c0/documentminiature/1433afdf-1a98-4df8-9586-b8a53f3f777a
5f2a8fe7-965b-11f0-0a80-0efd001da73a,00885,"Футболка Syna No Gimmics (Белый, 2XL)",Футболки/Syna World,1000.0,0.0,True,,https://miniature-prod.moysklad.ru/miniature/87fab22b-93c2-11f0-0a80-04c3000069c0/documentminiature/1433afdf-1a98-4df8-9586-b8a53f3f777a
5f2cd29d-965b-11f0-0a80-0efd001da741,00886,"Футболка Syna No Gimmics (Белый, L)",Футболки/Syna World,1000.0,0.0,True,,https://miniature-prod.moysklad.ru/miniature/87fab22b-93c2-11f0-0a80-04c3000069c0/documentminiature/1433afdf-1a98-4df8-9586-b8a53f3f777a
5f2ebe55-965b-11f0-0a80-0efd001da748,00887,"Футболка Syna No Gimmics (Белый, M)",Футболки/Syna World,1000.0,0.0,True,,https://miniature-prod.moysklad.ru/miniature/87fab22b-93c2-11f0-0a80-04c3000069c0/documentminiature/1433afdf-1a98-4df8-9586-b8a53f3f777a
5f309b0b-965b-11f0-0a80-0efd001da74f,00888,"Футболка Syna No Gimmics (Белый, S)",Футболки/Syna World,1000.0,0.0,True,,https://miniature-prod.moysklad.ru/miniature/87fab22b-93c2-11f0-0a80-04c3000069c0/documentminiature/1433afdf-1a98-4df8-9586-b8a53f3f777a
5f32ad74-965b-11f0-0a80-0efd001da756,00889,"Футболка Syna No Gimmics (Белый, XL)",Футболки/Syna World,1000.0,0.0,True,,https://miniature-prod.moysklad.ru/miniature/87fab22b-93c2-11f0-0a80-04c3000069c0/documentminiature/1433afdf-1a98-4df8-9586-b8a53f3f777a
5f34f462-965b-11f0-0a80-0efd001da75d,00890,"Футболка Syna No Gimmics (Черный, 2XL)",Футболки/Syna World,1000.0,0.0,True,,https://miniature-prod.moysklad.ru/miniature/87fab22b-93c2-11f0-0a80-04c3000069c0/documentminiature/1433afdf-1a98-4df8-9586-b8a53f3f777a
5f36fd0b-965b-11f0-0a80-0efd001da764,00891,"Футболка Syna No Gimmics (Черный, L)",Футболки/Syna World,1000.0,0.0,True,,https://miniature-prod.moysklad.ru/miniature/87fab22b-93c2-11f0-0a80-04c3000069c0/documentminiature/1433afdf-1a98-4df8-9586-b8a53f3f777a
5f390e96-965b-11f0-0a80-0efd001da76b,00892,"Футболка Syna No Gimmics (Черный, M)",Футболки/Syna World,1000.0,0.0,True,,https://miniature-prod.moysklad.ru/miniature/87fab22b-93c2-11f0-0a80-04c3000069c0/documentminiature/1433afdf-1a98-4df8-9586-b8a53f3f777a
5f3b3a30-965b-11f0-0a80-0efd001da772,00893,"Футболка Syna No Gimmics (Черный, S)",Футболки/Syna World,1000.0,0.0,True,,https://miniature-prod.moysklad.ru/miniature/87fab22b-93c2-11f0-0a80-04c3000069c0/documentminiature/1433afdf-1a98-4df8-9586-b8a53f3f777a
5f3d9f53-965b-11f0-0a80-0efd001da779,00894,"Футболка Syna No Gimmics (Черный, XL)",Футболки/Syna World,1000.0,0.0,True,,https://miniature-prod.moysklad.ru/miniature/87fab22b-93c2-11f0-0a80-04c3000069c0/documentminiature/1433afdf-1a98-4df8-9586-b8a53f3f777a
7a19ed24-965b-11f0-0a80-0844001d1f46,00102,Футболка Syna cant rush,Футболки/Syna World,1000.0,0.0,True,,https://miniature-prod.moysklad.ru/miniature/87fab22b-93c2-11f0-0a80-04c3000069c0/documentminiature/17a31e0e-1e48-4efe-9f05-2fa2d5c77b8d
857a1690-965b-11f0-0a80-0844001d1f64,00902,"Футболка Syna cant rush (Белый, 2XL)",Футболки/Syna World,1000.0,0.0,True,,https://miniature-prod.moysklad.ru/miniature/87fab22b-93c2-11f0-0a80-04c3000069c0/documentminiature/17a31e0e-1e48-4efe-9f05-2fa2d5c77b8d
857e0fbe-965b-11f0-0a80-0844001d1f6b,00903,"Футболка Syna cant rush (Белый, L)",Футболки/Syna World,1000.0,0.0,True,,https://miniature-prod.moysklad.ru/miniature/87fab22b-93c2-11f0-0a80-04c3000069c0/documentminiature/17a31e0e-1e48-4efe-9f05-2fa2d5c77b8d
8580f724-965b-11f0-0a80-0844001d1f72,00904,"Футболка Syna cant rush (Белый, M)",Футболки/Syna World,1000.0,0.0,True,,https://miniature-prod.moysklad.ru/miniature/87fab22b-93c2-11f0-0a80-04c3000069c0/documentminiature/17a31e0e-1e48-4efe-9f05-2fa2d5c77b8d
85836ec9-965b-11f0-0a80-0844001d1f79,00905,"Футболка Syna cant rush (Белый, S)",Футболки/Syna World,1000.0,0.0,True,,https://miniature-prod.moysklad.ru/miniature/87fab22b-93c2-11f0-0a80-04c3000069c0/documentminiature/17a31e0e-1e48-4efe-9f05-2fa2d5c77b8d
858620f2-965b-11f0-0a80-0844001d1f80,00906,"Футболка Syna cant rush (Белый, XL)",Футболки/Syna World,1000.0,0.0,True,,https://miniature-prod.moysklad.ru/miniature/87fab22b-93c2-11f0-0a80-04c3000069c0/documentminiature/17a31e0e-1e48-4efe-9f05-2fa2d5c77b8d
85890eec-965b-11f0-0a80-0844001d1f87,00907,"Футболка Syna cant rush (Черный, 2XL)",Футболки/Syna World,1000.0,0.0,True,,https://miniature-prod.moysklad.ru/miniature/87fab22b-93c2-11f0-0a80-04c3000069c0/documentminiature/17a31e0e-1e48-4efe-9f05-2fa2d5c77b8d
858b36b7-965b-11f0-0a80-0844001d1f8e,00908,"Футболка Syna cant rush (Черный, L)",Футболки/Syna World,1000.0,0.0,True,,https://miniature-prod.moysklad.ru/miniature/87fab22b-93c2-11f0-0a80-04c3000069c0/documentminiature/17a31e0e-1e48-4efe-9f05-2fa2d5c77b8d
858d796d-965b-11f0-0a80-0844001d1f95,00909,"Футболка Syna cant rush (Черный, M)",Футболки/Syna World,1000.0,0.0,True,,https://miniature-prod.moysklad.ru/miniature/87fab22b-93c2-11f0-0a80-04c3000069c0/documentminiature/17a31e0e-1e48-4efe-9f05-2fa2d5c77b8d
85910cdb-965b-11f0-0a80-0844001d1f9c,00910,"Футболка Syna cant rush (Черный, S)",Футболки/Syna World,1000.0,0.0,True,,https://miniature-prod.moysklad.ru/miniature/87fab22b-93c2-11f0-0a80-04c3000069c0/documentminiature/17a31e0e-1e48-4efe-9f05-2fa2d5c77b8d
859458fa-965b-11f0-0a80-0844001d1fa3,00911,"Футболка Syna cant rush (Черный, XL)",Футболки/Syna World,1000.0,0.0,True,,https://miniature-prod.moysklad.ru/miniature/87fab22b-93c2-11f0-0a80-04c3000069c0/documentminiature/17a31e0e-1e48-4efe-9f05-2fa2d5c77b8d
1edbaed7-965b-11f0-0a80-17d5001db054,00098,Футболка Syna x 6PM,Футболки/Syna World,1000.0,0.0,True,,https://miniature-prod.moysklad.ru/miniature/87fab22b-93c2-11f0-0a80-04c3000069c0/documentminiature/69c8454e-8831-4edf-8225-08069681ec53
33117212-965b-11f0-0a80-0844001d1e79,00868,"Футболка Syna x 6PM (Белый, 2XL)",Футболки/Syna World,1000.0,0.0,True,,https://miniature-prod.moysklad.ru/miniature/87fab22b-93c2-11f0-0a80-04c3000069c0/documentminiature/69c8454e-8831-4edf-8225-08069681ec53
33148b3e-965b-11f0-0a80-0844001d1e80,00869,"Футболка Syna x 6PM (Белый, L)",Футболки/Syna World,1000.0,0.0,True,,https://miniature-prod.moysklad.ru/miniature/87fab22b-93c2-11f0-0a80-04c3000069c0/documentminiature/69c8454e-8831-4edf-8225-08069681ec53
33171722-965b-11f0-0a80-0844001d1e87,00870,"Футболка Syna x 6PM (Белый, M)",Футболки/Syna World,1000.0,0.0,True,,https://miniature-prod.moysklad.ru/miniature/87fab22b-93c2-11f0-0a80-04c3000069c0/documentminiature/69c8454e-8831-4edf-8225-08069681ec53
3319a038-965b-11f0-0a80-0844001d1e8e,00871,"Футболка Syna x 6PM (Белый, S)",Футболки/Syna World,1000.0,0.0,True,,https://miniature-prod.moysklad.ru/miniature/87fab22b-93c2-11f0-0a80-04c3000069c0/documentminiature/69c8454e-8831-4edf-8225-08069681ec53
331bd4f8-965b-11f0-0a80-0844001d1e95,00872,"Футболка Syna x 6PM (Белый, XL)",Футболки/Syna World,1000.0,0.0,True,,https://miniature-prod.moysklad.ru/miniature/87fab22b-93c2-11f0-0a80-04c3000069c0/documentminiature/69c8454e-8831-4edf-8225-08069681ec53
331fb7db-965b-11f0-0a80-0844001d1e9c,00873,"Футболка Syna x 6PM (Черный, 2XL)",Футболки/Syna World,1000.0,0.0,True,,https://miniature-prod.moysklad.ru/miniature/87fab22b-93c2-11f0-0a80-04c3000069c0/documentminiature/69c8454e-8831-4edf-8225-08069681ec53
33231477-965b-11f0-0a80-0844001d1ea3,00874,"Футболка Syna x 6PM (Черный, L)",Футболки/Syna World,1000.0,0.0,True,,https://miniature-prod.moysklad.ru/miniature/87fab22b-93c2-11f0-0a80-04c3000069c0/documentminiature/69c8454e-8831-4edf-8225-08069681ec53
332686eb-965b-11f0-0a80-0844001d1eaa,00875,"Футболка Syna x 6PM (Черный, M)",Футболки/Syna World,1000.0,0.0,True,,https://miniature-prod.moysklad.ru/miniature/87fab22b-93c2-11f0-0a80-04c3000069c0/documentminiature/69c8454e-8831-4edf-8225-08069681ec53
3328d6cc-965b-11f0-0a80-0844001d1eb1,00876,"Футболка Syna x 6PM (Черный, S)",Футболки/Syna World,1000.0,0.0,True,,https://miniature-prod.moysklad.ru/miniature/87fab22b-93c2-11f0-0a80-04c3000069c0/documentminiature/69c8454e-8831-4edf-8225-08069681ec53
332b2be8-965b-11f0-0a80-0844001d1eb8,00877,"Футболка Syna x 6PM (Черный, XL)",Футболки/Syna World,1000.0,0.0,True,,https://miniature-prod.moysklad.ru/miniature/87fab22b-93c2-11f0-0a80-04c3000069c0/documentminiature/69c8454e-8831-4edf-8225-08069681ec53
f5de4732-955a-11f0-0a80-07290010ccd3,00002,Футболка Tupac Shakur 2pac,Футболки/Tupac Shakur 2pac,350.0,0.0,True,,https://miniature-prod.moysklad.ru/miniature/87fab22b-93c2-11f0-0a80-04c3000069c0/documentminiature/00663052-350b-4d71-91bd-b0136c0d7676
1a1ba0a1-955b-11f0-0a80-006600100a57,00107,"Футболка Tupac Shakur 2pac (Бежевый, 2XL)",Футболки/Tupac Shakur 2pac,350.0,4.0,True,,https://miniature-prod.moysklad.ru/miniature/87fab22b-93c2-11f0-0a80-04c3000069c0/documentminiature/00663052-350b-4d71-91bd-b0136c0d7676
1a1e96f5-955b-11f0-0a80-006600100a5e,00108,"Футболка Tupac Shakur 2pac (Бежевый, 3XL)",Футболки/Tupac Shakur 2pac,350.0,10.0,True,,https://miniature-prod.moysklad.ru/miniature/87fab22b-93c2-11f0-0a80-04c3000069c0/documentminiature/00663052-350b-4d71-91bd-b0136c0d7676
1a20f7f8-955b-11f0-0a80-006600100a65,00109,"Футболка Tupac Shakur 2pac (Бежевый, 4XL)",Футболки/Tupac Shakur 2pac,350.0,0.0,True,,https://miniature-prod.moysklad.ru/miniature/87fab22b-93c2-11f0-0a80-04c3000069c0/documentminiature/00663052-350b-4d71-91bd-b0136c0d7676
1a236ce0-955b-11f0-0a80-006600100a6c,00110,"Футболка Tupac Shakur 2pac (Бежевый, L)",Футболки/Tupac Shakur 2pac,350.0,1.0,True,,https://miniature-prod.moysklad.ru/miniature/87fab22b-93c2-11f0-0a80-04c3000069c0/documentminiature/00663052-350b-4d71-91bd-b0136c0d7676
1a25df21-955b-11f0-0a80-006600100a73,00111,"Футболка Tupac Shakur 2pac (Бежевый, M)",Футболки/Tupac Shakur 2pac,350.0,0.0,True,,https://miniature-prod.moysklad.ru/miniature/87fab22b-93c2-11f0-0a80-04c3000069c0/documentminiature/00663052-350b-4d71-91bd-b0136c0d7676
1a282d76-955b-11f0-0a80-006600100a7a,00112,"Футболка Tupac Shakur 2pac (Бежевый, XL)",Футболки/Tupac Shakur 2pac,350.0,4.0,True,,https://miniature-prod.moysklad.ru/miniature/87fab22b-93c2-11f0-0a80-04c3000069c0/documentminiature/00663052-350b-4d71-91bd-b0136c0d7676
1a2a77ac-955b-11f0-0a80-006600100a81,00113,"Футболка Tupac Shakur 2pac (Белый, 2XL)",Футболки/Tupac Shakur 2pac,350.0,0.0,True,,https://miniature-prod.moysklad.ru/miniature/87fab22b-93c2-11f0-0a80-04c3000069c0/documentminiature/00663052-350b-4d71-91bd-b0136c0d7676
1a2cb04e-955b-11f0-0a80-006600100a88,00114,"Футболка Tupac Shakur 2pac (Белый, 3XL)",Футболки/Tupac Shakur 2pac,350.0,0.0,True,,https://miniature-prod.moysklad.ru/miniature/87fab22b-93c2-11f0-0a80-04c3000069c0/documentminiature/00663052-350b-4d71-91bd-b0136c0d7676
1a2efcd2-955b-11f0-0a80-006600100a8f,00115,"Футболка Tupac Shakur 2pac (Белый, 4XL)",Футболки/Tupac Shakur 2pac,350.0,1.0,True,,https://miniature-prod.moysklad.ru/miniature/87fab22b-93c2-11f0-0a80-04c3000069c0/documentminiature/00663052-350b-4d71-91bd-b0136c0d7676
1a312a7b-955b-11f0-0a80-006600100a96,00116,"Футболка Tupac Shakur 2pac (Белый, L)",Футболки/Tupac Shakur 2pac,350.0,0.0,True,,https://miniature-prod.moysklad.ru/miniature/87fab22b-93c2-11f0-0a80-04c3000069c0/documentminiature/00663052-350b-4d71-91bd-b0136c0d7676
1a33c12d-955b-11f0-0a80-006600100a9d,00117,"Футболка Tupac Shakur 2pac (Белый, M)",Футболки/Tupac Shakur 2pac,350.0,0.0,True,,https://miniature-prod.moysklad.ru/miniature/87fab22b-93c2-11f0-0a80-04c3000069c0/documentminiature/00663052-350b-4d71-91bd-b0136c0d7676
1a363145-955b-11f0-0a80-006600100aa4,00118,"Футболка Tupac Shakur 2pac (Белый, XL)",Футболки/Tupac Shakur 2pac,350.0,0.0,True,,https://miniature-prod.moysklad.ru/miniature/87fab22b-93c2-11f0-0a80-04c3000069c0/documentminiature/00663052-350b-4d71-91bd-b0136c0d7676
1a3851c6-955b-11f0-0a80-006600100aab,00119,"Футболка Tupac Shakur 2pac (Варенка, 2XL)",Футболки/Tupac Shakur 2pac,350.0,4.0,True,,https://miniature-prod.moysklad.ru/miniature/87fab22b-93c2-11f0-0a80-04c3000069c0/documentminiature/00663052-350b-4d71-91bd-b0136c0d7676
1a3ac939-955b-11f0-0a80-006600100ab2,00120,"Футболка Tupac Shakur 2pac (Варенка, 3XL)",Футболки/Tupac Shakur 2pac,350.0,9.0,True,,https://miniature-prod.moysklad.ru/miniature/87fab22b-93c2-11f0-0a80-04c3000069c0/documentminiature/00663052-350b-4d71-91bd-b0136c0d7676
1a3cfcf9-955b-11f0-0a80-006600100ab9,00121,"Футболка Tupac Shakur 2pac (Варенка, 4XL)",Футболки/Tupac Shakur 2pac,350.0,0.0,True,,https://miniature-prod.moysklad.ru/miniature/87fab22b-93c2-11f0-0a80-04c3000069c0/documentminiature/00663052-350b-4d71-91bd-b0136c0d7676
1a3f8dfe-955b-11f0-0a80-006600100ac0,00122,"Футболка Tupac Shakur 2pac (Варенка, L)",Футболки/Tupac Shakur 2pac,350.0,16.0,True,,https://miniature-prod.moysklad.ru/miniature/87fab22b-93c2-11f0-0a80-04c3000069c0/documentminiature/00663052-350b-4d71-91bd-b0136c0d7676
1a422a34-955b-11f0-0a80-006600100ac7,00123,"Футболка Tupac Shakur 2pac (Варенка, M)",Футболки/Tupac Shakur 2pac,350.0,7.0,True,,https://miniature-prod.moysklad.ru/miniature/87fab22b-93c2-11f0-0a80-04c3000069c0/documentminiature/00663052-350b-4d71-91bd-b0136c0d7676
1a456a6b-955b-11f0-0a80-006600100ace,00124,"Футболка Tupac Shakur 2pac (Варенка, XL)",Футболки/Tupac Shakur 2pac,350.0,5.0,True,,https://miniature-prod.moysklad.ru/miniature/87fab22b-93c2-11f0-0a80-04c3000069c0/documentminiature/00663052-350b-4d71-91bd-b0136c0d7676
1a48695c-955b-11f0-0a80-006600100ad6,00125,"Футболка Tupac Shakur 2pac (Зеленый, 2XL)",Футболки/Tupac Shakur 2pac,350.0,0.0,True,,https://miniature-prod.moysklad.ru/miniature/87fab22b-93c2-11f0-0a80-04c3000069c0/documentminiature/00663052-350b-4d71-91bd-b0136c0d7676
1a4b195e-955b-11f0-0a80-006600100add,00126,"Футболка Tupac Shakur 2pac (Зеленый, 3XL)",Футболки/Tupac Shakur 2pac,350.0,2.0,True,,https://miniature-prod.moysklad.ru/miniature/87fab22b-93c2-11f0-0a80-04c3000069c0/documentminiature/00663052-350b-4d71-91bd-b0136c0d7676
1a4e490c-955b-11f0-0a80-006600100ae5,00127,"Футболка Tupac Shakur 2pac (Зеленый, 4XL)",Футболки/Tupac Shakur 2pac,350.0,0.0,True,,https://miniature-prod.moysklad.ru/miniature/87fab22b-93c2-11f0-0a80-04c3000069c0/documentminiature/00663052-350b-4d71-91bd-b0136c0d7676
1a50e131-955b-11f0-0a80-006600100aed,00128,"Футболка Tupac Shakur 2pac (Зеленый, L)",Футболки/Tupac Shakur 2pac,350.0,0.0,True,,https://miniature-prod.moysklad.ru/miniature/87fab22b-93c2-11f0-0a80-04c3000069c0/documentminiature/00663052-350b-4d71-91bd-b0136c0d7676
1a538013-955b-11f0-0a80-006600100b02,00129,"Футболка Tupac Shakur 2pac (Зеленый, M)",Футболки/Tupac Shakur 2pac,350.0,1.0,True,,https://miniature-prod.moysklad.ru/miniature/87fab22b-93c2-11f0-0a80-04c3000069c0/documentminiature/00663052-350b-4d71-91bd-b0136c0d7676
1a567893-955b-11f0-0a80-006600100b09,00130,"Футболка Tupac Shakur 2pac (Зеленый, XL)",Футболки/Tupac Shakur 2pac,350.0,0.0,True,,https://miniature-prod.moysklad.ru/miniature/87fab22b-93c2-11f0-0a80-04c3000069c0/documentminiature/00663052-350b-4d71-91bd-b0136c0d7676
1a595394-955b-11f0-0a80-006600100b10,00131,"Футболка Tupac Shakur 2pac (Серый, 2XL)",Футболки/Tupac Shakur 2pac,350.0,2.0,True,,https://miniature-prod.moysklad.ru/miniature/87fab22b-93c2-11f0-0a80-04c3000069c0/documentminiature/00663052-350b-4d71-91bd-b0136c0d7676
1a5c0568-955b-11f0-0a80-006600100b17,00132,"Футболка Tupac Shakur 2pac (Серый, 3XL)",Футболки/Tupac Shakur 2pac,350.0,0.0,True,,https://miniature-prod.moysklad.ru/miniature/87fab22b-93c2-11f0-0a80-04c3000069c0/documentminiature/00663052-350b-4d71-91bd-b0136c0d7676
1a5eade3-955b-11f0-0a80-006600100b1e,00133,"Футболка Tupac Shakur 2pac (Серый, 4XL)",Футболки/Tupac Shakur 2pac,350.0,0.0,True,,https://miniature-prod.moysklad.ru/miniature/87fab22b-93c2-11f0-0a80-04c3000069c0/documentminiature/00663052-350b-4d71-91bd-b0136c0d7676
1a616686-955b-11f0-0a80-006600100b25,00134,"Футболка Tupac Shakur 2pac (Серый, L)",Футболки/Tupac Shakur 2pac,350.0,1.0,True,,https://miniature-prod.moysklad.ru/miniature/87fab22b-93c2-11f0-0a80-04c3000069c0/documentminiature/00663052-350b-4d71-91bd-b0136c0d7676
1a649635-955b-11f0-0a80-006600100b2c,00135,"Футболка Tupac Shakur 2pac (Серый, M)",Футболки/Tupac Shakur 2pac,350.0,0.0,True,,https://miniature-prod.moysklad.ru/miniature/87fab22b-93c2-11f0-0a80-04c3000069c0/documentminiature/00663052-350b-4d71-91bd-b0136c0d7676
1a6763f6-955b-11f0-0a80-006600100b33,00136,"Футболка Tupac Shakur 2pac (Серый, XL)",Футболки/Tupac Shakur 2pac,350.0,0.0,True,,https://miniature-prod.moysklad.ru/miniature/87fab22b-93c2-11f0-0a80-04c3000069c0/documentminiature/00663052-350b-4d71-91bd-b0136c0d7676
1a6b2428-955b-11f0-0a80-006600100b3a,00137,"Футболка Tupac Shakur 2pac (Черный, 2XL)",Футболки/Tupac Shakur 2pac,350.0,9.0,True,,https://miniature-prod.moysklad.ru/miniature/87fab22b-93c2-11f0-0a80-04c3000069c0/documentminiature/00663052-350b-4d71-91bd-b0136c0d7676
1a6efb88-955b-11f0-0a80-006600100b41,00138,"Футболка Tupac Shakur 2pac (Черный, 3XL)",Футболки/Tupac Shakur 2pac,350.0,8.0,True,,https://miniature-prod.moysklad.ru/miniature/87fab22b-93c2-11f0-0a80-04c3000069c0/documentminiature/00663052-350b-4d71-91bd-b0136c0d7676
1a71f98c-955b-11f0-0a80-006600100b48,00139,"Футболка Tupac Shakur 2pac (Черный, 4XL)",Футболки/Tupac Shakur 2pac,350.0,7.0,True,,https://miniature-prod.moysklad.ru/miniature/87fab22b-93c2-11f0-0a80-04c3000069c0/documentminiature/00663052-350b-4d71-91bd-b0136c0d7676
1a750287-955b-11f0-0a80-006600100b4f,00140,"Футболка Tupac Shakur 2pac (Черный, L)",Футболки/Tupac Shakur 2pac,350.0,2.0,True,,https://miniature-prod.moysklad.ru/miniature/87fab22b-93c2-11f0-0a80-04c3000069c0/documentminiature/00663052-350b-4d71-91bd-b0136c0d7676
1a77f721-955b-11f0-0a80-006600100b56,00141,"Футболка Tupac Shakur 2pac (Черный, M)",Футболки/Tupac Shakur 2pac,350.0,0.0,True,,https://miniature-prod.moysklad.ru/miniature/87fab22b-93c2-11f0-0a80-04c3000069c0/documentminiature/00663052-350b-4d71-91bd-b0136c0d7676
1a7a9a02-955b-11f0-0a80-006600100b5d,00142,"Футболка Tupac Shakur 2pac (Черный, XL)",Футболки/Tupac Shakur 2pac,350.0,0.0,True,,https://miniature-prod.moysklad.ru/miniature/87fab22b-93c2-11f0-0a80-04c3000069c0/documentminiature/00663052-350b-4d71-91bd-b0136c0d7676
63b7b29b-6eee-11f1-0a80-0e6e0044a733,00670,Футболка Valentino,Футболки/Valentino,1000.0,0.0,True,,https://miniature-prod.moysklad.ru/miniature/87fab22b-93c2-11f0-0a80-04c3000069c0/documentminiature/d5e357fa-abf5-4774-96d7-c90ef16df1a8
6b157158-6eee-11f1-0a80-0e6e0044a8a3,05605,"Футболка Valentino (Белый, 2XL)",Футболки/Valentino,1000.0,0.0,True,,https://miniature-prod.moysklad.ru/miniature/87fab22b-93c2-11f0-0a80-04c3000069c0/documentminiature/d5e357fa-abf5-4774-96d7-c90ef16df1a8
6b19d814-6eee-11f1-0a80-0e6e0044a8ac,05606,"Футболка Valentino (Белый, L)",Футболки/Valentino,1000.0,0.0,True,,https://miniature-prod.moysklad.ru/miniature/87fab22b-93c2-11f0-0a80-04c3000069c0/documentminiature/d5e357fa-abf5-4774-96d7-c90ef16df1a8
6b1dc274-6eee-11f1-0a80-0e6e0044a8b5,05607,"Футболка Valentino (Белый, M)",Футболки/Valentino,1000.0,0.0,True,,https://miniature-prod.moysklad.ru/miniature/87fab22b-93c2-11f0-0a80-04c3000069c0/documentminiature/d5e357fa-abf5-4774-96d7-c90ef16df1a8
6b21d2e7-6eee-11f1-0a80-0e6e0044a8be,05608,"Футболка Valentino (Белый, S)",Футболки/Valentino,1000.0,2.0,True,,https://miniature-prod.moysklad.ru/miniature/87fab22b-93c2-11f0-0a80-04c3000069c0/documentminiature/d5e357fa-abf5-4774-96d7-c90ef16df1a8
6b25dcf1-6eee-11f1-0a80-0e6e0044a8c7,05609,"Футболка Valentino (Белый, XL)",Футболки/Valentino,1000.0,0.0,True,,https://miniature-prod.moysklad.ru/miniature/87fab22b-93c2-11f0-0a80-04c3000069c0/documentminiature/d5e357fa-abf5-4774-96d7-c90ef16df1a8
8593e98e-965d-11f0-0a80-19dd001d8dc4,00124,Футболка Vetements,Футболки/Vetements,1100.0,0.0,True,,https://miniature-prod.moysklad.ru/miniature/87fab22b-93c2-11f0-0a80-04c3000069c0/documentminiature/621e795f-2baf-4516-90e5-db26af18cfa1
9444a98b-965d-11f0-0a80-19dd001d8def,01085,"Футболка Vetements (Белый, 2XL)",Футболки/Vetements,1100.0,0.0,True,,https://miniature-prod.moysklad.ru/miniature/87fab22b-93c2-11f0-0a80-04c3000069c0/documentminiature/621e795f-2baf-4516-90e5-db26af18cfa1
94476cac-965d-11f0-0a80-19dd001d8df6,01086,"Футболка Vetements (Белый, L)",Футболки/Vetements,1100.0,0.0,True,,https://miniature-prod.moysklad.ru/miniature/87fab22b-93c2-11f0-0a80-04c3000069c0/documentminiature/621e795f-2baf-4516-90e5-db26af18cfa1
944a55f3-965d-11f0-0a80-19dd001d8dfd,01087,"Футболка Vetements (Белый, M)",Футболки/Vetements,1100.0,-1.0,True,,https://miniature-prod.moysklad.ru/miniature/87fab22b-93c2-11f0-0a80-04c3000069c0/documentminiature/621e795f-2baf-4516-90e5-db26af18cfa1
944c5888-965d-11f0-0a80-19dd001d8e04,01088,"Футболка Vetements (Белый, S)",Футболки/Vetements,1100.0,0.0,True,,https://miniature-prod.moysklad.ru/miniature/87fab22b-93c2-11f0-0a80-04c3000069c0/documentminiature/621e795f-2baf-4516-90e5-db26af18cfa1
944ef429-965d-11f0-0a80-19dd001d8e0b,01089,"Футболка Vetements (Белый, XL)",Футболки/Vetements,1100.0,0.0,True,,https://miniature-prod.moysklad.ru/miniature/87fab22b-93c2-11f0-0a80-04c3000069c0/documentminiature/621e795f-2baf-4516-90e5-db26af18cfa1
94521737-965d-11f0-0a80-19dd001d8e12,01090,"Футболка Vetements (Белый, XS)",Футболки/Vetements,1100.0,0.0,True,,https://miniature-prod.moysklad.ru/miniature/87fab22b-93c2-11f0-0a80-04c3000069c0/documentminiature/621e795f-2baf-4516-90e5-db26af18cfa1
9454da66-965d-11f0-0a80-19dd001d8e19,01091,"Футболка Vetements (Белый, XXS)",Футболки/Vetements,1100.0,0.0,True,,https://miniature-prod.moysklad.ru/miniature/87fab22b-93c2-11f0-0a80-04c3000069c0/documentminiature/621e795f-2baf-4516-90e5-db26af18cfa1
945751ce-965d-11f0-0a80-19dd001d8e20,01092,"Футболка Vetements (Черный, 2XL)",Футболки/Vetements,1100.0,0.0,True,,https://miniature-prod.moysklad.ru/miniature/87fab22b-93c2-11f0-0a80-04c3000069c0/documentminiature/621e795f-2baf-4516-90e5-db26af18cfa1
945a4afc-965d-11f0-0a80-19dd001d8e27,01093,"Футболка Vetements (Черный, L)",Футболки/Vetements,1100.0,0.0,True,,https://miniature-prod.moysklad.ru/miniature/87fab22b-93c2-11f0-0a80-04c3000069c0/documentminiature/621e795f-2baf-4516-90e5-db26af18cfa1
945c7dab-965d-11f0-0a80-19dd001d8e2e,01094,"Футболка Vetements (Черный, M)",Футболки/Vetements,1100.0,0.0,True,,https://miniature-prod.moysklad.ru/miniature/87fab22b-93c2-11f0-0a80-04c3000069c0/documentminiature/621e795f-2baf-4516-90e5-db26af18cfa1
945fe4b8-965d-11f0-0a80-19dd001d8e35,01095,"Футболка Vetements (Черный, S)",Футболки/Vetements,1100.0,0.0,True,,https://miniature-prod.moysklad.ru/miniature/87fab22b-93c2-11f0-0a80-04c3000069c0/documentminiature/621e795f-2baf-4516-90e5-db26af18cfa1
94629d65-965d-11f0-0a80-19dd001d8e3c,01096,"Футболка Vetements (Черный, XL)",Футболки/Vetements,1100.0,1.0,True,,https://miniature-prod.moysklad.ru/miniature/87fab22b-93c2-11f0-0a80-04c3000069c0/documentminiature/621e795f-2baf-4516-90e5-db26af18cfa1
94659365-965d-11f0-0a80-19dd001d8e43,01097,"Футболка Vetements (Черный, XS)",Футболки/Vetements,1100.0,0.0,True,,https://miniature-prod.moysklad.ru/miniature/87fab22b-93c2-11f0-0a80-04c3000069c0/documentminiature/621e795f-2baf-4516-90e5-db26af18cfa1
94682a3f-965d-11f0-0a80-19dd001d8e4a,01098,"Футболка Vetements (Черный, XXS)",Футболки/Vetements,1100.0,0.0,True,,https://miniature-prod.moysklad.ru/miniature/87fab22b-93c2-11f0-0a80-04c3000069c0/documentminiature/621e795f-2baf-4516-90e5-db26af18cfa1
a4ae8dcd-050a-11f1-0a80-02850024080e,00260,Футболка Vetements Camera,Футболки/Vetements,1000.0,0.0,True,,https://miniature-prod.moysklad.ru/miniature/87fab22b-93c2-11f0-0a80-04c3000069c0/documentminiature/d161950c-5635-49ac-94fe-2255dd775b25
c43cc58b-050a-11f1-0a80-09c900254ff4,02166,"Футболка Vetements Camera (2XL, Черный)",Футболки/Vetements,1000.0,0.0,True,,https://miniature-prod.moysklad.ru/miniature/87fab22b-93c2-11f0-0a80-04c3000069c0/documentminiature/d161950c-5635-49ac-94fe-2255dd775b25
c4409325-050a-11f1-0a80-09c900254ffc,02167,"Футболка Vetements Camera (L, Черный)",Футболки/Vetements,1000.0,0.0,True,,https://miniature-prod.moysklad.ru/miniature/87fab22b-93c2-11f0-0a80-04c3000069c0/documentminiature/d161950c-5635-49ac-94fe-2255dd775b25
c44438d1-050a-11f1-0a80-09c900255004,02168,"Футболка Vetements Camera (M, Черный)",Футболки/Vetements,1000.0,0.0,True,,https://miniature-prod.moysklad.ru/miniature/87fab22b-93c2-11f0-0a80-04c3000069c0/documentminiature/d161950c-5635-49ac-94fe-2255dd775b25
c4480a97-050a-11f1-0a80-09c90025500c,02169,"Футболка Vetements Camera (S, Черный)",Футболки/Vetements,1000.0,0.0,True,,https://miniature-prod.moysklad.ru/miniature/87fab22b-93c2-11f0-0a80-04c3000069c0/documentminiature/d161950c-5635-49ac-94fe-2255dd775b25
c44b7ee6-050a-11f1-0a80-09c900255014,02170,"Футболка Vetements Camera (XL, Черный)",Футболки/Vetements,1000.0,0.0,True,,https://miniature-prod.moysklad.ru/miniature/87fab22b-93c2-11f0-0a80-04c3000069c0/documentminiature/d161950c-5635-49ac-94fe-2255dd775b25
40ace4af-965d-11f0-0a80-0df4001d676c,00120,Футболка Vetements Umbro,Футболки/Vetements,1000.0,0.0,True,,https://miniature-prod.moysklad.ru/miniature/87fab22b-93c2-11f0-0a80-04c3000069c0/documentminiature/42c27ff2-214c-470b-87ef-8d6efe54dda2
47e75938-965d-11f0-0a80-0df4001d679b,01056,"Футболка Vetements Umbro (Черный, 2XL)",Футболки/Vetements,1000.0,0.0,True,,https://miniature-prod.moysklad.ru/miniature/87fab22b-93c2-11f0-0a80-04c3000069c0/documentminiature/42c27ff2-214c-470b-87ef-8d6efe54dda2
47e96e1f-965d-11f0-0a80-0df4001d67a2,01057,"Футболка Vetements Umbro (Черный, L)",Футболки/Vetements,1000.0,0.0,True,,https://miniature-prod.moysklad.ru/miniature/87fab22b-93c2-11f0-0a80-04c3000069c0/documentminiature/42c27ff2-214c-470b-87ef-8d6efe54dda2
47eb7df7-965d-11f0-0a80-0df4001d67a9,01058,"Футболка Vetements Umbro (Черный, M)",Футболки/Vetements,1000.0,0.0,True,,https://miniature-prod.moysklad.ru/miniature/87fab22b-93c2-11f0-0a80-04c3000069c0/documentminiature/42c27ff2-214c-470b-87ef-8d6efe54dda2
47ee2bbc-965d-11f0-0a80-0df4001d67b0,01059,"Футболка Vetements Umbro (Черный, S)",Футболки/Vetements,1000.0,0.0,True,,https://miniature-prod.moysklad.ru/miniature/87fab22b-93c2-11f0-0a80-04c3000069c0/documentminiature/42c27ff2-214c-470b-87ef-8d6efe54dda2
47f03f54-965d-11f0-0a80-0df4001d67b7,01060,"Футболка Vetements Umbro (Черный, XL)",Футболки/Vetements,1000.0,0.0,True,,https://miniature-prod.moysklad.ru/miniature/87fab22b-93c2-11f0-0a80-04c3000069c0/documentminiature/42c27ff2-214c-470b-87ef-8d6efe54dda2
68d0ed66-965d-11f0-0a80-058c001d50db,00123,Футболка Vetements classic,Футболки/Vetements,1000.0,0.0,True,,https://miniature-prod.moysklad.ru/miniature/87fab22b-93c2-11f0-0a80-04c3000069c0/documentminiature/b512fa0c-0aa1-41c7-bfc4-31902941889f
71aac29b-965d-11f0-0a80-090b001c2e75,01075,"Футболка Vetements classic (Белый, 2XL)",Футболки/Vetements,1000.0,0.0,True,,https://miniature-prod.moysklad.ru/miniature/87fab22b-93c2-11f0-0a80-04c3000069c0/documentminiature/b512fa0c-0aa1-41c7-bfc4-31902941889f
71ad0146-965d-11f0-0a80-090b001c2e7c,01076,"Футболка Vetements classic (Белый, L)",Футболки/Vetements,1000.0,0.0,True,,https://miniature-prod.moysklad.ru/miniature/87fab22b-93c2-11f0-0a80-04c3000069c0/documentminiature/b512fa0c-0aa1-41c7-bfc4-31902941889f
71aee03f-965d-11f0-0a80-090b001c2e83,01077,"Футболка Vetements classic (Белый, M)",Футболки/Vetements,1000.0,0.0,True,,https://miniature-prod.moysklad.ru/miniature/87fab22b-93c2-11f0-0a80-04c3000069c0/documentminiature/b512fa0c-0aa1-41c7-bfc4-31902941889f
71b0b575-965d-11f0-0a80-090b001c2e8a,01078,"Футболка Vetements classic (Белый, S)",Футболки/Vetements,1000.0,0.0,True,,https://miniature-prod.moysklad.ru/miniature/87fab22b-93c2-11f0-0a80-04c3000069c0/documentminiature/b512fa0c-0aa1-41c7-bfc4-31902941889f
71b3ac54-965d-11f0-0a80-090b001c2e91,01079,"Футболка Vetements classic (Белый, XL)",Футболки/Vetements,1000.0,0.0,True,,https://miniature-prod.moysklad.ru/miniature/87fab22b-93c2-11f0-0a80-04c3000069c0/documentminiature/b512fa0c-0aa1-41c7-bfc4-31902941889f
71b59e9d-965d-11f0-0a80-090b001c2e98,01080,"Футболка Vetements classic (Черный, 2XL)",Футболки/Vetements,1000.0,0.0,True,,https://miniature-prod.moysklad.ru/miniature/87fab22b-93c2-11f0-0a80-04c3000069c0/documentminiature/b512fa0c-0aa1-41c7-bfc4-31902941889f
71b76ca6-965d-11f0-0a80-090b001c2e9f,01081,"Футболка Vetements classic (Черный, L)",Футболки/Vetements,1000.0,0.0,True,,https://miniature-prod.moysklad.ru/miniature/87fab22b-93c2-11f0-0a80-04c3000069c0/documentminiature/b512fa0c-0aa1-41c7-bfc4-31902941889f
71b9201e-965d-11f0-0a80-090b001c2ea6,01082,"Футболка Vetements classic (Черный, M)",Футболки/Vetements,1000.0,0.0,True,,https://miniature-prod.moysklad.ru/miniature/87fab22b-93c2-11f0-0a80-04c3000069c0/documentminiature/b512fa0c-0aa1-41c7-bfc4-31902941889f
71bae4fa-965d-11f0-0a80-090b001c2ead,01083,"Футболка Vetements classic (Черный, S)",Футболки/Vetements,1000.0,0.0,True,,https://miniature-prod.moysklad.ru/miniature/87fab22b-93c2-11f0-0a80-04c3000069c0/documentminiature/b512fa0c-0aa1-41c7-bfc4-31902941889f
71bca744-965d-11f0-0a80-090b001c2eb4,01084,"Футболка Vetements classic (Черный, XL)",Футболки/Vetements,1000.0,0.0,True,,https://miniature-prod.moysklad.ru/miniature/87fab22b-93c2-11f0-0a80-04c3000069c0/documentminiature/b512fa0c-0aa1-41c7-bfc4-31902941889f
dbfc79cd-9661-11f0-0a80-0cc6001d70ab,00163,Футболки Vetements island,Футболки/Vetements,1000.0,0.0,True,,https://miniature-prod.moysklad.ru/miniature/87fab22b-93c2-11f0-0a80-04c3000069c0/documentminiature/e7975bc8-1df8-414d-aa66-d479aa7e6e13
e4b16a70-9661-11f0-0a80-1bbe001caf8a,01533,"Футболки Vetements island (Белый, 2XL)",Футболки/Vetements,1000.0,0.0,True,,https://miniature-prod.moysklad.ru/miniature/87fab22b-93c2-11f0-0a80-04c3000069c0/documentminiature/e7975bc8-1df8-414d-aa66-d479aa7e6e13
e4b4143c-9661-11f0-0a80-1bbe001caf91,01534,"Футболки Vetements island (Белый, L)",Футболки/Vetements,1000.0,0.0,True,,https://miniature-prod.moysklad.ru/miniature/87fab22b-93c2-11f0-0a80-04c3000069c0/documentminiature/e7975bc8-1df8-414d-aa66-d479aa7e6e13
e4b650b7-9661-11f0-0a80-1bbe001caf98,01535,"Футболки Vetements island (Белый, M)",Футболки/Vetements,1000.0,0.0,True,,https://miniature-prod.moysklad.ru/miniature/87fab22b-93c2-11f0-0a80-04c3000069c0/documentminiature/e7975bc8-1df8-414d-aa66-d479aa7e6e13
e4b8b23e-9661-11f0-0a80-1bbe001caf9f,01536,"Футболки Vetements island (Белый, S)",Футболки/Vetements,1000.0,0.0,True,,https://miniature-prod.moysklad.ru/miniature/87fab22b-93c2-11f0-0a80-04c3000069c0/documentminiature/e7975bc8-1df8-414d-aa66-d479aa7e6e13
e4bb1cf9-9661-11f0-0a80-1bbe001cafa6,01537,"Футболки Vetements island (Белый, XL)",Футболки/Vetements,1000.0,1.0,True,,https://miniature-prod.moysklad.ru/miniature/87fab22b-93c2-11f0-0a80-04c3000069c0/documentminiature/e7975bc8-1df8-414d-aa66-d479aa7e6e13
e4bd5446-9661-11f0-0a80-1bbe001cafad,01538,"Футболки Vetements island (Белый, XS)",Футболки/Vetements,1000.0,0.0,True,,https://miniature-prod.moysklad.ru/miniature/87fab22b-93c2-11f0-0a80-04c3000069c0/documentminiature/e7975bc8-1df8-414d-aa66-d479aa7e6e13
e4bfc079-9661-11f0-0a80-1bbe001cafb4,01539,"Футболки Vetements island (Белый, XXS)",Футболки/Vetements,1000.0,0.0,True,,https://miniature-prod.moysklad.ru/miniature/87fab22b-93c2-11f0-0a80-04c3000069c0/documentminiature/e7975bc8-1df8-414d-aa66-d479aa7e6e13
40fae311-a9d8-11f0-0a80-103c0028f37b,00195,Футболка Y-3,Футболки/Y-3,1000.0,0.0,True,,https://miniature-prod.moysklad.ru/miniature/87fab22b-93c2-11f0-0a80-04c3000069c0/documentminiature/cabb62ab-73bf-42c7-ad30-f35d8189c903
edf922fe-6b0c-11f1-0a80-0e6800237bda,00665,Футболка Y-3,Футболки/Y-3,1000.0,0.0,True,,https://miniature-prod.moysklad.ru/miniature/87fab22b-93c2-11f0-0a80-04c3000069c0/documentminiature/e75cabb7-99d0-4f5d-814f-fd8be9069e95
52babe6a-a9d8-11f0-0a80-1cc20028b844,01792,"Футболка Y-3 (2XL, Белый)",Футболки/Y-3,1000.0,0.0,True,,https://miniature-prod.moysklad.ru/miniature/87fab22b-93c2-11f0-0a80-04c3000069c0/documentminiature/cabb62ab-73bf-42c7-ad30-f35d8189c903
f70aecbd-6b0c-11f1-0a80-150c0023d416,05525,"Футболка Y-3 (2XL, Белый)",Футболки/Y-3,1000.0,0.0,True,,https://miniature-prod.moysklad.ru/miniature/87fab22b-93c2-11f0-0a80-04c3000069c0/documentminiature/e75cabb7-99d0-4f5d-814f-fd8be9069e95
52bd3b7b-a9d8-11f0-0a80-1cc20028b84b,01793,"Футболка Y-3 (L, Белый)",Футболки/Y-3,1000.0,0.0,True,,https://miniature-prod.moysklad.ru/miniature/87fab22b-93c2-11f0-0a80-04c3000069c0/documentminiature/cabb62ab-73bf-42c7-ad30-f35d8189c903
f70fa63e-6b0c-11f1-0a80-150c0023d41f,05526,"Футболка Y-3 (L, Белый)",Футболки/Y-3,1000.0,0.0,True,,https://miniature-prod.moysklad.ru/miniature/87fab22b-93c2-11f0-0a80-04c3000069c0/documentminiature/e75cabb7-99d0-4f5d-814f-fd8be9069e95
f714013a-6b0c-11f1-0a80-150c0023d42b,05527,"Футболка Y-3 (M, Белый)",Футболки/Y-3,1000.0,0.0,True,,https://miniature-prod.moysklad.ru/miniature/87fab22b-93c2-11f0-0a80-04c3000069c0/documentminiature/e75cabb7-99d0-4f5d-814f-fd8be9069e95
f7186796-6b0c-11f1-0a80-150c0023d434,05528,"Футболка Y-3 (S, Белый)",Футболки/Y-3,1000.0,0.0,True,,https://miniature-prod.moysklad.ru/miniature/87fab22b-93c2-11f0-0a80-04c3000069c0/documentminiature/e75cabb7-99d0-4f5d-814f-fd8be9069e95
52bf4132-a9d8-11f0-0a80-1cc20028b852,01794,"Футболка Y-3 (XL, Белый)",Футболки/Y-3,1000.0,0.0,True,,https://miniature-prod.moysklad.ru/miniature/87fab22b-93c2-11f0-0a80-04c3000069c0/documentminiature/cabb62ab-73bf-42c7-ad30-f35d8189c903
f71cdc40-6b0c-11f1-0a80-150c0023d43d,05529,"Футболка Y-3 (XL, Белый)",Футболки/Y-3,1000.0,0.0,True,,https://miniature-prod.moysklad.ru/miniature/87fab22b-93c2-11f0-0a80-04c3000069c0/documentminiature/e75cabb7-99d0-4f5d-814f-fd8be9069e95
52c17a06-a9d8-11f0-0a80-1cc20028b859,01795,"Футболка Y-3 (XS, Белый)",Футболки/Y-3,1000.0,0.0,True,,https://miniature-prod.moysklad.ru/miniature/87fab22b-93c2-11f0-0a80-04c3000069c0/documentminiature/cabb62ab-73bf-42c7-ad30-f35d8189c903
52c36a33-a9d8-11f0-0a80-1cc20028b860,01796,"Футболка Y-3 (m, Белый)",Футболки/Y-3,1000.0,0.0,True,,https://miniature-prod.moysklad.ru/miniature/87fab22b-93c2-11f0-0a80-04c3000069c0/documentminiature/cabb62ab-73bf-42c7-ad30-f35d8189c903
52c55859-a9d8-11f0-0a80-1cc20028b867,01797,"Футболка Y-3 (s, Белый)",Футболки/Y-3,1000.0,0.0,True,,https://miniature-prod.moysklad.ru/miniature/87fab22b-93c2-11f0-0a80-04c3000069c0/documentminiature/cabb62ab-73bf-42c7-ad30-f35d8189c903
d0136029-9663-11f0-0a80-0f42001d7f94,00177,Футболка Y-3 Saint-Martin,Футболки/Y-3,1000.0,0.0,True,,https://miniature-prod.moysklad.ru/miniature/87fab22b-93c2-11f0-0a80-04c3000069c0/documentminiature/d0545f36-1f1b-4900-8c2b-166bf97ebf89
d9660536-9663-11f0-0a80-1435001db1e0,01694,"Футболка Y-3 Saint-Martin (Белый, 2XL)",Футболки/Y-3,1000.0,0.0,True,,https://miniature-prod.moysklad.ru/miniature/87fab22b-93c2-11f0-0a80-04c3000069c0/documentminiature/d0545f36-1f1b-4900-8c2b-166bf97ebf89
d969bc24-9663-11f0-0a80-1435001db1e7,01695,"Футболка Y-3 Saint-Martin (Белый, L)",Футболки/Y-3,1000.0,0.0,True,,https://miniature-prod.moysklad.ru/miniature/87fab22b-93c2-11f0-0a80-04c3000069c0/documentminiature/d0545f36-1f1b-4900-8c2b-166bf97ebf89
d96c5575-9663-11f0-0a80-1435001db1ee,01696,"Футболка Y-3 Saint-Martin (Белый, M)",Футболки/Y-3,1000.0,0.0,True,,https://miniature-prod.moysklad.ru/miniature/87fab22b-93c2-11f0-0a80-04c3000069c0/documentminiature/d0545f36-1f1b-4900-8c2b-166bf97ebf89
d96ebf55-9663-11f0-0a80-1435001db1f5,01697,"Футболка Y-3 Saint-Martin (Белый, S)",Футболки/Y-3,1000.0,0.0,True,,https://miniature-prod.moysklad.ru/miniature/87fab22b-93c2-11f0-0a80-04c3000069c0/documentminiature/d0545f36-1f1b-4900-8c2b-166bf97ebf89
d9712138-9663-11f0-0a80-1435001db1fc,01698,"Футболка Y-3 Saint-Martin (Белый, XL)",Футболки/Y-3,1000.0,0.0,True,,https://miniature-prod.moysklad.ru/miniature/87fab22b-93c2-11f0-0a80-04c3000069c0/documentminiature/d0545f36-1f1b-4900-8c2b-166bf97ebf89
d9737247-9663-11f0-0a80-1435001db203,01699,"Футболка Y-3 Saint-Martin (Белый, XS)",Футболки/Y-3,1000.0,0.0,True,,https://miniature-prod.moysklad.ru/miniature/87fab22b-93c2-11f0-0a80-04c3000069c0/documentminiature/d0545f36-1f1b-4900-8c2b-166bf97ebf89
d975d2b6-9663-11f0-0a80-1435001db20a,01700,"Футболка Y-3 Saint-Martin (Белый, XXS)",Футболки/Y-3,1000.0,0.0,True,,https://miniature-prod.moysklad.ru/miniature/87fab22b-93c2-11f0-0a80-04c3000069c0/documentminiature/d0545f36-1f1b-4900-8c2b-166bf97ebf89
d9788593-9663-11f0-0a80-1435001db211,01701,"Футболка Y-3 Saint-Martin (Черный, 2XL)",Футболки/Y-3,1000.0,0.0,True,,https://miniature-prod.moysklad.ru/miniature/87fab22b-93c2-11f0-0a80-04c3000069c0/documentminiature/d0545f36-1f1b-4900-8c2b-166bf97ebf89
d97b5069-9663-11f0-0a80-1435001db218,01702,"Футболка Y-3 Saint-Martin (Черный, L)",Футболки/Y-3,1000.0,0.0,True,,https://miniature-prod.moysklad.ru/miniature/87fab22b-93c2-11f0-0a80-04c3000069c0/documentminiature/d0545f36-1f1b-4900-8c2b-166bf97ebf89
d97e2788-9663-11f0-0a80-1435001db21f,01703,"Футболка Y-3 Saint-Martin (Черный, M)",Футболки/Y-3,1000.0,0.0,True,,https://miniature-prod.moysklad.ru/miniature/87fab22b-93c2-11f0-0a80-04c3000069c0/documentminiature/d0545f36-1f1b-4900-8c2b-166bf97ebf89
d980f40a-9663-11f0-0a80-1435001db226,01704,"Футболка Y-3 Saint-Martin (Черный, S)",Футболки/Y-3,1000.0,0.0,True,,https://miniature-prod.moysklad.ru/miniature/87fab22b-93c2-11f0-0a80-04c3000069c0/documentminiature/d0545f36-1f1b-4900-8c2b-166bf97ebf89
d98379d2-9663-11f0-0a80-1435001db22d,01705,"Футболка Y-3 Saint-Martin (Черный, XL)",Футболки/Y-3,1000.0,0.0,True,,https://miniature-prod.moysklad.ru/miniature/87fab22b-93c2-11f0-0a80-04c3000069c0/documentminiature/d0545f36-1f1b-4900-8c2b-166bf97ebf89
d986355b-9663-11f0-0a80-1435001db234,01706,"Футболка Y-3 Saint-Martin (Черный, XS)",Футболки/Y-3,1000.0,0.0,True,,https://miniature-prod.moysklad.ru/miniature/87fab22b-93c2-11f0-0a80-04c3000069c0/documentminiature/d0545f36-1f1b-4900-8c2b-166bf97ebf89
d988eebd-9663-11f0-0a80-1435001db23b,01707,"Футболка Y-3 Saint-Martin (Черный, XXS)",Футболки/Y-3,1000.0,0.0,True,,https://miniature-prod.moysklad.ru/miniature/87fab22b-93c2-11f0-0a80-04c3000069c0/documentminiature/d0545f36-1f1b-4900-8c2b-166bf97ebf89
d434a985-965c-11f0-0a80-0066001d57e2,00117,Футболка Y-3 classic,Футболки/Y-3,1000.0,0.0,True,,https://miniature-prod.moysklad.ru/miniature/87fab22b-93c2-11f0-0a80-04c3000069c0/documentminiature/0443298e-300c-4802-b39d-75d55362a765
e6247d3d-965c-11f0-0a80-0066001d58b8,01022,"Футболка Y-3 classic (Белый, 2XL)",Футболки/Y-3,1000.0,0.0,True,,https://miniature-prod.moysklad.ru/miniature/87fab22b-93c2-11f0-0a80-04c3000069c0/documentminiature/0443298e-300c-4802-b39d-75d55362a765
e6277d98-965c-11f0-0a80-0066001d58bf,01023,"Футболка Y-3 classic (Белый, L)",Футболки/Y-3,1000.0,0.0,True,,https://miniature-prod.moysklad.ru/miniature/87fab22b-93c2-11f0-0a80-04c3000069c0/documentminiature/0443298e-300c-4802-b39d-75d55362a765
e62982a1-965c-11f0-0a80-0066001d58c6,01024,"Футболка Y-3 classic (Белый, M)",Футболки/Y-3,1000.0,-1.0,True,,https://miniature-prod.moysklad.ru/miniature/87fab22b-93c2-11f0-0a80-04c3000069c0/documentminiature/0443298e-300c-4802-b39d-75d55362a765
e62b9177-965c-11f0-0a80-0066001d58cd,01025,"Футболка Y-3 classic (Белый, S)",Футболки/Y-3,1000.0,-1.0,True,,https://miniature-prod.moysklad.ru/miniature/87fab22b-93c2-11f0-0a80-04c3000069c0/documentminiature/0443298e-300c-4802-b39d-75d55362a765
e62da7c7-965c-11f0-0a80-0066001d58d4,01026,"Футболка Y-3 classic (Белый, XL)",Футболки/Y-3,1000.0,0.0,True,,https://miniature-prod.moysklad.ru/miniature/87fab22b-93c2-11f0-0a80-04c3000069c0/documentminiature/0443298e-300c-4802-b39d-75d55362a765
e62fe80d-965c-11f0-0a80-0066001d58dd,01027,"Футболка Y-3 classic (Черный, 2XL)",Футболки/Y-3,1000.0,0.0,True,,https://miniature-prod.moysklad.ru/miniature/87fab22b-93c2-11f0-0a80-04c3000069c0/documentminiature/0443298e-300c-4802-b39d-75d55362a765
e6322484-965c-11f0-0a80-0066001d58e4,01028,"Футболка Y-3 classic (Черный, L)",Футболки/Y-3,1000.0,0.0,True,,https://miniature-prod.moysklad.ru/miniature/87fab22b-93c2-11f0-0a80-04c3000069c0/documentminiature/0443298e-300c-4802-b39d-75d55362a765
e6342b88-965c-11f0-0a80-0066001d58eb,01029,"Футболка Y-3 classic (Черный, M)",Футболки/Y-3,1000.0,0.0,True,,https://miniature-prod.moysklad.ru/miniature/87fab22b-93c2-11f0-0a80-04c3000069c0/documentminiature/0443298e-300c-4802-b39d-75d55362a765
e63618fe-965c-11f0-0a80-0066001d58f2,01030,"Футболка Y-3 classic (Черный, S)",Футболки/Y-3,1000.0,0.0,True,,https://miniature-prod.moysklad.ru/miniature/87fab22b-93c2-11f0-0a80-04c3000069c0/documentminiature/0443298e-300c-4802-b39d-75d55362a765
e63822d3-965c-11f0-0a80-0066001d58f9,01031,"Футболка Y-3 classic (Черный, XL)",Футболки/Y-3,1000.0,0.0,True,,https://miniature-prod.moysklad.ru/miniature/87fab22b-93c2-11f0-0a80-04c3000069c0/documentminiature/0443298e-300c-4802-b39d-75d55362a765
b1601ab6-c9f0-11f0-0a80-19ca000ec1c0,00237,Футболка Yohji Yamamoto Saint Martin рефлектив,Футболки/Y-3,1100.0,0.0,True,,https://miniature-prod.moysklad.ru/miniature/87fab22b-93c2-11f0-0a80-04c3000069c0/documentminiature/79ed6b83-7fc9-4b04-b37f-f8273ce010cb
c47aeef3-c9f0-11f0-0a80-14ca000e2463,02028,"Футболка Yohji Yamamoto Saint Martin рефлектив (2XL, Черный)",Футболки/Y-3,1100.0,0.0,True,,https://miniature-prod.moysklad.ru/miniature/87fab22b-93c2-11f0-0a80-04c3000069c0/documentminiature/79ed6b83-7fc9-4b04-b37f-f8273ce010cb
c47e101f-c9f0-11f0-0a80-14ca000e246b,02029,"Футболка Yohji Yamamoto Saint Martin рефлектив (L, Черный)",Футболки/Y-3,1100.0,0.0,True,,https://miniature-prod.moysklad.ru/miniature/87fab22b-93c2-11f0-0a80-04c3000069c0/documentminiature/79ed6b83-7fc9-4b04-b37f-f8273ce010cb
c481084c-c9f0-11f0-0a80-14ca000e2472,02030,"Футболка Yohji Yamamoto Saint Martin рефлектив (M, Черный)",Футболки/Y-3,1100.0,0.0,True,,https://miniature-prod.moysklad.ru/miniature/87fab22b-93c2-11f0-0a80-04c3000069c0/documentminiature/79ed6b83-7fc9-4b04-b37f-f8273ce010cb
c4848c06-c9f0-11f0-0a80-14ca000e247b,02031,"Футболка Yohji Yamamoto Saint Martin рефлектив (S, Черный)",Футболки/Y-3,1100.0,0.0,True,,https://miniature-prod.moysklad.ru/miniature/87fab22b-93c2-11f0-0a80-04c3000069c0/documentminiature/79ed6b83-7fc9-4b04-b37f-f8273ce010cb
c487c5ca-c9f0-11f0-0a80-14ca000e2482,02032,"Футболка Yohji Yamamoto Saint Martin рефлектив (XL, Черный)",Футболки/Y-3,1100.0,0.0,True,,https://miniature-prod.moysklad.ru/miniature/87fab22b-93c2-11f0-0a80-04c3000069c0/documentminiature/79ed6b83-7fc9-4b04-b37f-f8273ce010cb
c48b4a99-c9f0-11f0-0a80-14ca000e2489,02033,"Футболка Yohji Yamamoto Saint Martin рефлектив (XS, Черный)",Футболки/Y-3,1100.0,0.0,True,,https://miniature-prod.moysklad.ru/miniature/87fab22b-93c2-11f0-0a80-04c3000069c0/documentminiature/79ed6b83-7fc9-4b04-b37f-f8273ce010cb
04c15ba8-965d-11f0-0a80-187f001e16ea,00118,Футболки Y-3 x Supreme,Футболки/Y-3,1000.0,0.0,True,,https://miniature-prod.moysklad.ru/miniature/87fab22b-93c2-11f0-0a80-04c3000069c0/documentminiature/fa7caffd-ac1c-49fc-8c69-21df72166406
0ebebc38-965d-11f0-0a80-0729001dfcd6,01032,"Футболки Y-3 x Supreme (Белый, 2XL)",Футболки/Y-3,1000.0,0.0,True,,https://miniature-prod.moysklad.ru/miniature/87fab22b-93c2-11f0-0a80-04c3000069c0/documentminiature/fa7caffd-ac1c-49fc-8c69-21df72166406
0ec1cfeb-965d-11f0-0a80-0729001dfcdd,01033,"Футболки Y-3 x Supreme (Белый, L)",Футболки/Y-3,1000.0,0.0,True,,https://miniature-prod.moysklad.ru/miniature/87fab22b-93c2-11f0-0a80-04c3000069c0/documentminiature/fa7caffd-ac1c-49fc-8c69-21df72166406
0ec4e87b-965d-11f0-0a80-0729001dfce4,01034,"Футболки Y-3 x Supreme (Белый, M)",Футболки/Y-3,1000.0,0.0,True,,https://miniature-prod.moysklad.ru/miniature/87fab22b-93c2-11f0-0a80-04c3000069c0/documentminiature/fa7caffd-ac1c-49fc-8c69-21df72166406
0ec7aea7-965d-11f0-0a80-0729001dfceb,01035,"Футболки Y-3 x Supreme (Белый, S)",Футболки/Y-3,1000.0,0.0,True,,https://miniature-prod.moysklad.ru/miniature/87fab22b-93c2-11f0-0a80-04c3000069c0/documentminiature/fa7caffd-ac1c-49fc-8c69-21df72166406
0eca8fe5-965d-11f0-0a80-0729001dfcf2,01036,"Футболки Y-3 x Supreme (Белый, XL)",Футболки/Y-3,1000.0,0.0,True,,https://miniature-prod.moysklad.ru/miniature/87fab22b-93c2-11f0-0a80-04c3000069c0/documentminiature/fa7caffd-ac1c-49fc-8c69-21df72166406
0ecd19c7-965d-11f0-0a80-0729001dfcf9,01037,"Футболки Y-3 x Supreme (Черный, 2XL)",Футболки/Y-3,1000.0,0.0,True,,https://miniature-prod.moysklad.ru/miniature/87fab22b-93c2-11f0-0a80-04c3000069c0/documentminiature/fa7caffd-ac1c-49fc-8c69-21df72166406
0ecf9f7a-965d-11f0-0a80-0729001dfd00,01038,"Футболки Y-3 x Supreme (Черный, L)",Футболки/Y-3,1000.0,0.0,True,,https://miniature-prod.moysklad.ru/miniature/87fab22b-93c2-11f0-0a80-04c3000069c0/documentminiature/fa7caffd-ac1c-49fc-8c69-21df72166406
0ed294ee-965d-11f0-0a80-0729001dfd07,01039,"Футболки Y-3 x Supreme (Черный, M)",Футболки/Y-3,1000.0,0.0,True,,https://miniature-prod.moysklad.ru/miniature/87fab22b-93c2-11f0-0a80-04c3000069c0/documentminiature/fa7caffd-ac1c-49fc-8c69-21df72166406
0ed58946-965d-11f0-0a80-0729001dfd0e,01040,"Футболки Y-3 x Supreme (Черный, S)",Футболки/Y-3,1000.0,0.0,True,,https://miniature-prod.moysklad.ru/miniature/87fab22b-93c2-11f0-0a80-04c3000069c0/documentminiature/fa7caffd-ac1c-49fc-8c69-21df72166406
0ed7bca3-965d-11f0-0a80-0729001dfd15,01041,"Футболки Y-3 x Supreme (Черный, XL)",Футболки/Y-3,1000.0,0.0,True,,https://miniature-prod.moysklad.ru/miniature/87fab22b-93c2-11f0-0a80-04c3000069c0/documentminiature/fa7caffd-ac1c-49fc-8c69-21df72166406
382b038c-f7c1-11f0-0a80-0b3c00010537,00254,1017 ALYX 9SM,Худи/ALYX,2000.0,0.0,True,,https://miniature-prod.moysklad.ru/miniature/87fab22b-93c2-11f0-0a80-04c3000069c0/documentminiature/8fde6a45-6fea-4f6c-9c9a-053ebce12661
46a65324-f7c1-11f0-0a80-17ee00011e0f,02134,"1017 ALYX 9SM (Черный, 2XL)",Худи/ALYX,2000.0,0.0,True,,https://miniature-prod.moysklad.ru/miniature/87fab22b-93c2-11f0-0a80-04c3000069c0/documentminiature/8fde6a45-6fea-4f6c-9c9a-053ebce12661
46a93488-f7c1-11f0-0a80-17ee00011e16,02135,"1017 ALYX 9SM (Черный, L)",Худи/ALYX,2000.0,0.0,True,,https://miniature-prod.moysklad.ru/miniature/87fab22b-93c2-11f0-0a80-04c3000069c0/documentminiature/8fde6a45-6fea-4f6c-9c9a-053ebce12661
46ab74d1-f7c1-11f0-0a80-17ee00011e1d,02136,"1017 ALYX 9SM (Черный, M)",Худи/ALYX,2000.0,0.0,True,,https://miniature-prod.moysklad.ru/miniature/87fab22b-93c2-11f0-0a80-04c3000069c0/documentminiature/8fde6a45-6fea-4f6c-9c9a-053ebce12661
46add401-f7c1-11f0-0a80-17ee00011e24,02137,"1017 ALYX 9SM (Черный, S)",Худи/ALYX,2000.0,0.0,True,,https://miniature-prod.moysklad.ru/miniature/87fab22b-93c2-11f0-0a80-04c3000069c0/documentminiature/8fde6a45-6fea-4f6c-9c9a-053ebce12661
46b049b5-f7c1-11f0-0a80-17ee00011e2b,02138,"1017 ALYX 9SM (Черный, XL)",Худи/ALYX,2000.0,0.0,True,,https://miniature-prod.moysklad.ru/miniature/87fab22b-93c2-11f0-0a80-04c3000069c0/documentminiature/8fde6a45-6fea-4f6c-9c9a-053ebce12661
77d310f2-f7c0-11f0-0a80-17ee00011914,00251,Худи ADLV,Худи/Acme de la Vie,2300.0,0.0,True,,https://miniature-prod.moysklad.ru/miniature/87fab22b-93c2-11f0-0a80-04c3000069c0/documentminiature/3fa26211-141d-4827-89d5-1008f6ef7b83
d36c4c4b-f7c0-11f0-0a80-1811000100bd,02124,"Худи ADLV (Черный, 2XL)",Худи/Acme de la Vie,2300.0,0.0,True,,https://miniature-prod.moysklad.ru/miniature/87fab22b-93c2-11f0-0a80-04c3000069c0/documentminiature/3fa26211-141d-4827-89d5-1008f6ef7b83
d36f8875-f7c0-11f0-0a80-1811000100c4,02125,"Худи ADLV (Черный, L)",Худи/Acme de la Vie,2300.0,0.0,True,,https://miniature-prod.moysklad.ru/miniature/87fab22b-93c2-11f0-0a80-04c3000069c0/documentminiature/3fa26211-141d-4827-89d5-1008f6ef7b83
d372a759-f7c0-11f0-0a80-1811000100cb,02126,"Худи ADLV (Черный, M)",Худи/Acme de la Vie,2300.0,0.0,True,,https://miniature-prod.moysklad.ru/miniature/87fab22b-93c2-11f0-0a80-04c3000069c0/documentminiature/3fa26211-141d-4827-89d5-1008f6ef7b83
d376f122-f7c0-11f0-0a80-1811000100d2,02127,"Худи ADLV (Черный, S)",Худи/Acme de la Vie,2300.0,0.0,True,,https://miniature-prod.moysklad.ru/miniature/87fab22b-93c2-11f0-0a80-04c3000069c0/documentminiature/3fa26211-141d-4827-89d5-1008f6ef7b83
d37aa15d-f7c0-11f0-0a80-1811000100d9,02128,"Худи ADLV (Черный, XL)",Худи/Acme de la Vie,2300.0,0.0,True,,https://miniature-prod.moysklad.ru/miniature/87fab22b-93c2-11f0-0a80-04c3000069c0/documentminiature/3fa26211-141d-4827-89d5-1008f6ef7b83
1da71447-d75b-11f0-0a80-02be000f4827,00245,Худи Acme de la vie,Худи/Acme de la Vie,2300.0,0.0,True,,https://miniature-prod.moysklad.ru/miniature/87fab22b-93c2-11f0-0a80-04c3000069c0/documentminiature/c1b9f594-34b7-4acd-bd5e-7b3d9cb6ef24
2ed1f664-d75b-11f0-0a80-1037000eda54,02074,"Худи Acme de la vie (2XL, Белый)",Худи/Acme de la Vie,2300.0,0.0,True,,https://miniature-prod.moysklad.ru/miniature/87fab22b-93c2-11f0-0a80-04c3000069c0/documentminiature/c1b9f594-34b7-4acd-bd5e-7b3d9cb6ef24
2ed73c1e-d75b-11f0-0a80-1037000eda5b,02075,"Худи Acme de la vie (2XL, Черный)",Худи/Acme de la Vie,2300.0,0.0,True,,https://miniature-prod.moysklad.ru/miniature/87fab22b-93c2-11f0-0a80-04c3000069c0/documentminiature/c1b9f594-34b7-4acd-bd5e-7b3d9cb6ef24
2edac116-d75b-11f0-0a80-1037000eda62,02076,"Худи Acme de la vie (L, Белый)",Худи/Acme de la Vie,2300.0,0.0,True,,https://miniature-prod.moysklad.ru/miniature/87fab22b-93c2-11f0-0a80-04c3000069c0/documentminiature/c1b9f594-34b7-4acd-bd5e-7b3d9cb6ef24
2edeb3cb-d75b-11f0-0a80-1037000eda6b,02077,"Худи Acme de la vie (L, Черный)",Худи/Acme de la Vie,2300.0,0.0,True,,https://miniature-prod.moysklad.ru/miniature/87fab22b-93c2-11f0-0a80-04c3000069c0/documentminiature/c1b9f594-34b7-4acd-bd5e-7b3d9cb6ef24
2ee2598b-d75b-11f0-0a80-1037000eda72,02078,"Худи Acme de la vie (M, Белый)",Худи/Acme de la Vie,2300.0,0.0,True,,https://miniature-prod.moysklad.ru/miniature/87fab22b-93c2-11f0-0a80-04c3000069c0/documentminiature/c1b9f594-34b7-4acd-bd5e-7b3d9cb6ef24
2ee686a2-d75b-11f0-0a80-1037000eda83,02079,"Худи Acme de la vie (M, Черный)",Худи/Acme de la Vie,2300.0,0.0,True,,https://miniature-prod.moysklad.ru/miniature/87fab22b-93c2-11f0-0a80-04c3000069c0/documentminiature/c1b9f594-34b7-4acd-bd5e-7b3d9cb6ef24
2eea8bcf-d75b-11f0-0a80-1037000eda8a,02080,"Худи Acme de la vie (S, Белый)",Худи/Acme de la Vie,2300.0,0.0,True,,https://miniature-prod.moysklad.ru/miniature/87fab22b-93c2-11f0-0a80-04c3000069c0/documentminiature/c1b9f594-34b7-4acd-bd5e-7b3d9cb6ef24
2eee073c-d75b-11f0-0a80-1037000eda91,02081,"Худи Acme de la vie (S, Черный)",Худи/Acme de la Vie,2300.0,0.0,True,,https://miniature-prod.moysklad.ru/miniature/87fab22b-93c2-11f0-0a80-04c3000069c0/documentminiature/c1b9f594-34b7-4acd-bd5e-7b3d9cb6ef24
2ef18071-d75b-11f0-0a80-1037000eda98,02082,"Худи Acme de la vie (XL, Белый)",Худи/Acme de la Vie,2300.0,0.0,True,,https://miniature-prod.moysklad.ru/miniature/87fab22b-93c2-11f0-0a80-04c3000069c0/documentminiature/c1b9f594-34b7-4acd-bd5e-7b3d9cb6ef24
2ef5b938-d75b-11f0-0a80-1037000edaa1,02083,"Худи Acme de la vie (XL, Черный)",Худи/Acme de la Vie,2300.0,0.0,True,,https://miniature-prod.moysklad.ru/miniature/87fab22b-93c2-11f0-0a80-04c3000069c0/documentminiature/c1b9f594-34b7-4acd-bd5e-7b3d9cb6ef24
d2162a63-c602-11f0-0a80-0260000ca846,00233,Худи Balenciaga,Худи/Balenciaga,2000.0,0.0,True,,https://miniature-prod.moysklad.ru/miniature/87fab22b-93c2-11f0-0a80-04c3000069c0/documentminiature/92c44c44-bf53-4abe-b496-a4b2563fdd05
db4fc6c2-c602-11f0-0a80-09d8000da0c5,02008,"Худи Balenciaga (2XL, Черный)",Худи/Balenciaga,2000.0,0.0,True,,https://miniature-prod.moysklad.ru/miniature/87fab22b-93c2-11f0-0a80-04c3000069c0/documentminiature/92c44c44-bf53-4abe-b496-a4b2563fdd05
db5325cd-c602-11f0-0a80-09d8000da0cc,02009,"Худи Balenciaga (L, Черный)",Худи/Balenciaga,2000.0,0.0,True,,https://miniature-prod.moysklad.ru/miniature/87fab22b-93c2-11f0-0a80-04c3000069c0/documentminiature/92c44c44-bf53-4abe-b496-a4b2563fdd05
db55de45-c602-11f0-0a80-09d8000da0d3,02010,"Худи Balenciaga (M, Черный)",Худи/Balenciaga,2000.0,0.0,True,,https://miniature-prod.moysklad.ru/miniature/87fab22b-93c2-11f0-0a80-04c3000069c0/documentminiature/92c44c44-bf53-4abe-b496-a4b2563fdd05
db588c45-c602-11f0-0a80-09d8000da0da,02011,"Худи Balenciaga (S, Черный)",Худи/Balenciaga,2000.0,0.0,True,,https://miniature-prod.moysklad.ru/miniature/87fab22b-93c2-11f0-0a80-04c3000069c0/documentminiature/92c44c44-bf53-4abe-b496-a4b2563fdd05
db5b0d4c-c602-11f0-0a80-09d8000da0e1,02012,"Худи Balenciaga (XL, Черный)",Худи/Balenciaga,2000.0,0.0,True,,https://miniature-prod.moysklad.ru/miniature/87fab22b-93c2-11f0-0a80-04c3000069c0/documentminiature/92c44c44-bf53-4abe-b496-a4b2563fdd05
c9023737-050d-11f1-0a80-1c38002541c7,00269,Худи Balenciaga spread,Худи/Balenciaga,2000.0,0.0,True,,https://miniature-prod.moysklad.ru/miniature/87fab22b-93c2-11f0-0a80-04c3000069c0/documentminiature/d1b3d15a-6670-4f19-8acf-23f18154a68e
d89bd7a5-050d-11f1-0a80-00d500255d36,02216,"Худи Balenciaga spread (2XL, Белый)",Худи/Balenciaga,2000.0,0.0,True,,https://miniature-prod.moysklad.ru/miniature/87fab22b-93c2-11f0-0a80-04c3000069c0/documentminiature/d1b3d15a-6670-4f19-8acf-23f18154a68e
d89f35ec-050d-11f1-0a80-00d500255d3e,02217,"Худи Balenciaga spread (L, Белый)",Худи/Balenciaga,2000.0,0.0,True,,https://miniature-prod.moysklad.ru/miniature/87fab22b-93c2-11f0-0a80-04c3000069c0/documentminiature/d1b3d15a-6670-4f19-8acf-23f18154a68e
d8a17980-050d-11f1-0a80-00d500255d46,02218,"Худи Balenciaga spread (M, Белый)",Худи/Balenciaga,2000.0,0.0,True,,https://miniature-prod.moysklad.ru/miniature/87fab22b-93c2-11f0-0a80-04c3000069c0/documentminiature/d1b3d15a-6670-4f19-8acf-23f18154a68e
d8a3e26f-050d-11f1-0a80-00d500255d4e,02219,"Худи Balenciaga spread (S, Белый)",Худи/Balenciaga,2000.0,0.0,True,,https://miniature-prod.moysklad.ru/miniature/87fab22b-93c2-11f0-0a80-04c3000069c0/documentminiature/d1b3d15a-6670-4f19-8acf-23f18154a68e
d8a624aa-050d-11f1-0a80-00d500255d56,02220,"Худи Balenciaga spread (XL, Белый)",Худи/Balenciaga,2000.0,0.0,True,,https://miniature-prod.moysklad.ru/miniature/87fab22b-93c2-11f0-0a80-04c3000069c0/documentminiature/d1b3d15a-6670-4f19-8acf-23f18154a68e
5dfa86ca-f7c0-11f0-0a80-15080000d298,00250,Худи CDG,Худи/Comme des Garcons,2000.0,0.0,True,,https://miniature-prod.moysklad.ru/miniature/87fab22b-93c2-11f0-0a80-04c3000069c0/documentminiature/91e827b7-7d50-4aec-9fce-5ffdd1910777
c23c0342-f7c0-11f0-0a80-10950000f72a,02119,"Худи CDG (Черный, 2XL)",Худи/Comme des Garcons,2000.0,0.0,True,,https://miniature-prod.moysklad.ru/miniature/87fab22b-93c2-11f0-0a80-04c3000069c0/documentminiature/91e827b7-7d50-4aec-9fce-5ffdd1910777
c23f449c-f7c0-11f0-0a80-10950000f731,02120,"Худи CDG (Черный, L)",Худи/Comme des Garcons,2000.0,0.0,True,,https://miniature-prod.moysklad.ru/miniature/87fab22b-93c2-11f0-0a80-04c3000069c0/documentminiature/91e827b7-7d50-4aec-9fce-5ffdd1910777
c2422f09-f7c0-11f0-0a80-10950000f738,02121,"Худи CDG (Черный, M)",Худи/Comme des Garcons,2000.0,0.0,True,,https://miniature-prod.moysklad.ru/miniature/87fab22b-93c2-11f0-0a80-04c3000069c0/documentminiature/91e827b7-7d50-4aec-9fce-5ffdd1910777
c244dad1-f7c0-11f0-0a80-10950000f73f,02122,"Худи CDG (Черный, S)",Худи/Comme des Garcons,2000.0,0.0,True,,https://miniature-prod.moysklad.ru/miniature/87fab22b-93c2-11f0-0a80-04c3000069c0/documentminiature/91e827b7-7d50-4aec-9fce-5ffdd1910777
c2475b6f-f7c0-11f0-0a80-10950000f746,02123,"Худи CDG (Черный, XL)",Худи/Comme des Garcons,2000.0,0.0,True,,https://miniature-prod.moysklad.ru/miniature/87fab22b-93c2-11f0-0a80-04c3000069c0/documentminiature/91e827b7-7d50-4aec-9fce-5ffdd1910777
ce3c70b5-d99b-11f0-0a80-0e1600310423,00246,Худи Comme des Garcons,Худи/Comme des Garcons,2000.0,0.0,True,,https://miniature-prod.moysklad.ru/miniature/87fab22b-93c2-11f0-0a80-04c3000069c0/documentminiature/1440ce96-f38b-4f09-8f43-65f197edb555
e1791f3a-d99b-11f0-0a80-1b4200305a5c,02084,"Худи Comme des Garcons (2XL, Белый)",Худи/Comme des Garcons,2000.0,0.0,True,,https://miniature-prod.moysklad.ru/miniature/87fab22b-93c2-11f0-0a80-04c3000069c0/documentminiature/1440ce96-f38b-4f09-8f43-65f197edb555
e17d27f1-d99b-11f0-0a80-1b4200305a63,02085,"Худи Comme des Garcons (L, Белый)",Худи/Comme des Garcons,2000.0,0.0,True,,https://miniature-prod.moysklad.ru/miniature/87fab22b-93c2-11f0-0a80-04c3000069c0/documentminiature/1440ce96-f38b-4f09-8f43-65f197edb555
e180d010-d99b-11f0-0a80-1b4200305ace,02086,"Худи Comme des Garcons (M, Белый)",Худи/Comme des Garcons,2000.0,-1.0,True,,https://miniature-prod.moysklad.ru/miniature/87fab22b-93c2-11f0-0a80-04c3000069c0/documentminiature/1440ce96-f38b-4f09-8f43-65f197edb555
e1846fd6-d99b-11f0-0a80-1b4200305ad5,02087,"Худи Comme des Garcons (S, Белый)",Худи/Comme des Garcons,2000.0,0.0,True,,https://miniature-prod.moysklad.ru/miniature/87fab22b-93c2-11f0-0a80-04c3000069c0/documentminiature/1440ce96-f38b-4f09-8f43-65f197edb555
e187e95d-d99b-11f0-0a80-1b4200305adc,02088,"Худи Comme des Garcons (XL, Белый)",Худи/Comme des Garcons,2000.0,0.0,True,,https://miniature-prod.moysklad.ru/miniature/87fab22b-93c2-11f0-0a80-04c3000069c0/documentminiature/1440ce96-f38b-4f09-8f43-65f197edb555
e99f0f7c-3a5e-11f1-0a80-1baf000f323b,00296,Худи Corteiz,Худи/Corteiz,2000.0,0.0,True,,https://miniature-prod.moysklad.ru/miniature/87fab22b-93c2-11f0-0a80-04c3000069c0/documentminiature/10223c9a-783a-4041-badc-38ad59ed9511
f72ba37a-3a5e-11f1-0a80-1c640010317a,02351,"Худи Corteiz (2XL, Черный)",Худи/Corteiz,2000.0,0.0,True,,https://miniature-prod.moysklad.ru/miniature/87fab22b-93c2-11f0-0a80-04c3000069c0/documentminiature/10223c9a-783a-4041-badc-38ad59ed9511
f7309fba-3a5e-11f1-0a80-1c6400103184,02352,"Худи Corteiz (L, Черный)",Худи/Corteiz,2000.0,0.0,True,,https://miniature-prod.moysklad.ru/miniature/87fab22b-93c2-11f0-0a80-04c3000069c0/documentminiature/10223c9a-783a-4041-badc-38ad59ed9511
f734a930-3a5e-11f1-0a80-1c640010318d,02353,"Худи Corteiz (M, Черный)",Худи/Corteiz,2000.0,0.0,True,,https://miniature-prod.moysklad.ru/miniature/87fab22b-93c2-11f0-0a80-04c3000069c0/documentminiature/10223c9a-783a-4041-badc-38ad59ed9511
f738dc63-3a5e-11f1-0a80-1c6400103196,02354,"Худи Corteiz (S, Черный)",Худи/Corteiz,2000.0,0.0,True,,https://miniature-prod.moysklad.ru/miniature/87fab22b-93c2-11f0-0a80-04c3000069c0/documentminiature/10223c9a-783a-4041-badc-38ad59ed9511
f73cf7e1-3a5e-11f1-0a80-1c640010319f,02355,"Худи Corteiz (XL, Черный)",Худи/Corteiz,2000.0,0.0,True,,https://miniature-prod.moysklad.ru/miniature/87fab22b-93c2-11f0-0a80-04c3000069c0/documentminiature/10223c9a-783a-4041-badc-38ad59ed9511
a64d03ad-f7c0-11f0-0a80-10950000f695,00252,Худи Denim Tears,Худи/Denim Tears,2000.0,0.0,True,,https://miniature-prod.moysklad.ru/miniature/87fab22b-93c2-11f0-0a80-04c3000069c0/documentminiature/1b9f1a77-55a9-4551-be01-b23cb5d8100e
b0b84850-f7c0-11f0-0a80-15080000d46f,02114,"Худи Denim Tears (Черный, 2XL)",Худи/Denim Tears,2000.0,0.0,True,,https://miniature-prod.moysklad.ru/miniature/87fab22b-93c2-11f0-0a80-04c3000069c0/documentminiature/1b9f1a77-55a9-4551-be01-b23cb5d8100e
b0bc115e-f7c0-11f0-0a80-15080000d476,02115,"Худи Denim Tears (Черный, L)",Худи/Denim Tears,2000.0,0.0,True,,https://miniature-prod.moysklad.ru/miniature/87fab22b-93c2-11f0-0a80-04c3000069c0/documentminiature/1b9f1a77-55a9-4551-be01-b23cb5d8100e
b0bf4077-f7c0-11f0-0a80-15080000d47d,02116,"Худи Denim Tears (Черный, M)",Худи/Denim Tears,2000.0,0.0,True,,https://miniature-prod.moysklad.ru/miniature/87fab22b-93c2-11f0-0a80-04c3000069c0/documentminiature/1b9f1a77-55a9-4551-be01-b23cb5d8100e
b0c24bb8-f7c0-11f0-0a80-15080000d484,02117,"Худи Denim Tears (Черный, S)",Худи/Denim Tears,2000.0,0.0,True,,https://miniature-prod.moysklad.ru/miniature/87fab22b-93c2-11f0-0a80-04c3000069c0/documentminiature/1b9f1a77-55a9-4551-be01-b23cb5d8100e
b0c5a796-f7c0-11f0-0a80-15080000d48b,02118,"Худи Denim Tears (Черный, XL)",Худи/Denim Tears,2000.0,0.0,True,,https://miniature-prod.moysklad.ru/miniature/87fab22b-93c2-11f0-0a80-04c3000069c0/documentminiature/1b9f1a77-55a9-4551-be01-b23cb5d8100e
062ae6ec-c9f1-11f0-0a80-1617000e50b8,00238,Худи Givenshy,Худи/Givencshy,2000.0,0.0,True,,https://miniature-prod.moysklad.ru/miniature/87fab22b-93c2-11f0-0a80-04c3000069c0/documentminiature/a6bb86cb-75e6-4f71-aa05-728c286db840
10762b09-c9f1-11f0-0a80-0361000eed86,02034,"Худи Givenshy (2XL, Черный)",Худи/Givencshy,2000.0,0.0,True,,https://miniature-prod.moysklad.ru/miniature/87fab22b-93c2-11f0-0a80-04c3000069c0/documentminiature/a6bb86cb-75e6-4f71-aa05-728c286db840
1079ff1d-c9f1-11f0-0a80-0361000eed8d,02035,"Худи Givenshy (L, Черный)",Худи/Givencshy,2000.0,-1.0,True,,https://miniature-prod.moysklad.ru/miniature/87fab22b-93c2-11f0-0a80-04c3000069c0/documentminiature/a6bb86cb-75e6-4f71-aa05-728c286db840
107e1ae2-c9f1-11f0-0a80-0361000eed94,02036,"Худи Givenshy (M, Черный)",Худи/Givencshy,2000.0,0.0,True,,https://miniature-prod.moysklad.ru/miniature/87fab22b-93c2-11f0-0a80-04c3000069c0/documentminiature/a6bb86cb-75e6-4f71-aa05-728c286db840
1081d9b6-c9f1-11f0-0a80-0361000eed9b,02037,"Худи Givenshy (S, Черный)",Худи/Givencshy,2000.0,0.0,True,,https://miniature-prod.moysklad.ru/miniature/87fab22b-93c2-11f0-0a80-04c3000069c0/documentminiature/a6bb86cb-75e6-4f71-aa05-728c286db840
108548d1-c9f1-11f0-0a80-0361000eeda2,02038,"Худи Givenshy (XL, Черный)",Худи/Givencshy,2000.0,0.0,True,,https://miniature-prod.moysklad.ru/miniature/87fab22b-93c2-11f0-0a80-04c3000069c0/documentminiature/a6bb86cb-75e6-4f71-aa05-728c286db840
3a8642f4-26ad-11f1-0a80-1ac2002f05bb,00289,Худи Gucci,Худи/Gucci,2000.0,0.0,True,,https://miniature-prod.moysklad.ru/miniature/87fab22b-93c2-11f0-0a80-04c3000069c0/documentminiature/17e12905-3753-4b4c-8251-f300099a92e4
429b972b-26ad-11f1-0a80-0f3f00301313,02321,"Худи Gucci (2XL, Черный)",Худи/Gucci,2000.0,0.0,True,,https://miniature-prod.moysklad.ru/miniature/87fab22b-93c2-11f0-0a80-04c3000069c0/documentminiature/17e12905-3753-4b4c-8251-f300099a92e4
42a4f95b-26ad-11f1-0a80-0f3f0030131c,02322,"Худи Gucci (L, Черный)",Худи/Gucci,2000.0,0.0,True,,https://miniature-prod.moysklad.ru/miniature/87fab22b-93c2-11f0-0a80-04c3000069c0/documentminiature/17e12905-3753-4b4c-8251-f300099a92e4
42ab0184-26ad-11f1-0a80-0f3f00301325,02323,"Худи Gucci (M, Черный)",Худи/Gucci,2000.0,0.0,True,,https://miniature-prod.moysklad.ru/miniature/87fab22b-93c2-11f0-0a80-04c3000069c0/documentminiature/17e12905-3753-4b4c-8251-f300099a92e4
42b3f779-26ad-11f1-0a80-0f3f0030132e,02324,"Худи Gucci (S, Черный)",Худи/Gucci,2000.0,0.0,True,,https://miniature-prod.moysklad.ru/miniature/87fab22b-93c2-11f0-0a80-04c3000069c0/documentminiature/17e12905-3753-4b4c-8251-f300099a92e4
42b80657-26ad-11f1-0a80-0f3f00301337,02325,"Худи Gucci (XL, Черный)",Худи/Gucci,2000.0,0.0,True,,https://miniature-prod.moysklad.ru/miniature/87fab22b-93c2-11f0-0a80-04c3000069c0/documentminiature/17e12905-3753-4b4c-8251-f300099a92e4
9bbb6198-f7c1-11f0-0a80-10950000fdaa,00255,Худи Marcelo Burlon,Худи/Marcelo Burlon,2000.0,0.0,True,,https://miniature-prod.moysklad.ru/miniature/87fab22b-93c2-11f0-0a80-04c3000069c0/documentminiature/fbf5514f-e9b5-4daa-b2e6-e3899c52decf
a68345e5-f7c1-11f0-0a80-1cfc0000ee75,02139,"Худи Marcelo Burlon (Черный, 2XL)",Худи/Marcelo Burlon,2000.0,0.0,True,,https://miniature-prod.moysklad.ru/miniature/87fab22b-93c2-11f0-0a80-04c3000069c0/documentminiature/fbf5514f-e9b5-4daa-b2e6-e3899c52decf
a6864a1b-f7c1-11f0-0a80-1cfc0000ee7c,02140,"Худи Marcelo Burlon (Черный, L)",Худи/Marcelo Burlon,2000.0,0.0,True,,https://miniature-prod.moysklad.ru/miniature/87fab22b-93c2-11f0-0a80-04c3000069c0/documentminiature/fbf5514f-e9b5-4daa-b2e6-e3899c52decf
a688d550-f7c1-11f0-0a80-1cfc0000ee83,02141,"Худи Marcelo Burlon (Черный, M)",Худи/Marcelo Burlon,2000.0,0.0,True,,https://miniature-prod.moysklad.ru/miniature/87fab22b-93c2-11f0-0a80-04c3000069c0/documentminiature/fbf5514f-e9b5-4daa-b2e6-e3899c52decf
a68c0c3d-f7c1-11f0-0a80-1cfc0000ee8a,02142,"Худи Marcelo Burlon (Черный, S)",Худи/Marcelo Burlon,2000.0,0.0,True,,https://miniature-prod.moysklad.ru/miniature/87fab22b-93c2-11f0-0a80-04c3000069c0/documentminiature/fbf5514f-e9b5-4daa-b2e6-e3899c52decf
a68e527c-f7c1-11f0-0a80-1cfc0000ee91,02143,"Худи Marcelo Burlon (Черный, XL)",Худи/Marcelo Burlon,2000.0,0.0,True,,https://miniature-prod.moysklad.ru/miniature/87fab22b-93c2-11f0-0a80-04c3000069c0/documentminiature/fbf5514f-e9b5-4daa-b2e6-e3899c52decf
1c39c354-050e-11f1-0a80-019e00242ad2,00270,Худи Mastermind Triple Head,Худи/Mastermind,2000.0,0.0,True,,https://miniature-prod.moysklad.ru/miniature/87fab22b-93c2-11f0-0a80-04c3000069c0/documentminiature/6a30154a-f04c-44bf-a396-0a6686c0728a
1d0a16b5-1ecd-11f1-0a80-0f31000ccb2b,00280,Худи Mastermind Triple Head,Худи/Mastermind,2000.0,0.0,True,,https://miniature-prod.moysklad.ru/miniature/87fab22b-93c2-11f0-0a80-04c3000069c0/documentminiature/a355e995-e047-4a07-9445-83e8dc17ef28
27d9e728-050e-11f1-0a80-1c3800254429,02221,"Худи Mastermind Triple Head (2XL, Светло-серый)",Худи/Mastermind,2000.0,0.0,True,,https://miniature-prod.moysklad.ru/miniature/87fab22b-93c2-11f0-0a80-04c3000069c0/documentminiature/6a30154a-f04c-44bf-a396-0a6686c0728a
27dde9be-050e-11f1-0a80-1c3800254431,02222,"Худи Mastermind Triple Head (L, Светло-серый)",Худи/Mastermind,2000.0,1.0,True,,https://miniature-prod.moysklad.ru/miniature/87fab22b-93c2-11f0-0a80-04c3000069c0/documentminiature/6a30154a-f04c-44bf-a396-0a6686c0728a
27e0ecca-050e-11f1-0a80-1c3800254439,02223,"Худи Mastermind Triple Head (M, Светло-серый)",Худи/Mastermind,2000.0,-1.0,True,,https://miniature-prod.moysklad.ru/miniature/87fab22b-93c2-11f0-0a80-04c3000069c0/documentminiature/6a30154a-f04c-44bf-a396-0a6686c0728a
27eaccb3-050e-11f1-0a80-1c3800254441,02224,"Худи Mastermind Triple Head (S, Светло-серый)",Худи/Mastermind,2000.0,1.0,True,,https://miniature-prod.moysklad.ru/miniature/87fab22b-93c2-11f0-0a80-04c3000069c0/documentminiature/6a30154a-f04c-44bf-a396-0a6686c0728a
27ee5a71-050e-11f1-0a80-1c3800254449,02225,"Худи Mastermind Triple Head (XL, Светло-серый)",Худи/Mastermind,2000.0,0.0,True,,https://miniature-prod.moysklad.ru/miniature/87fab22b-93c2-11f0-0a80-04c3000069c0/documentminiature/6a30154a-f04c-44bf-a396-0a6686c0728a
41ee2478-1ecd-11f1-0a80-17cd000d072d,02276,"Худи Mastermind Triple Head (Черный, 2XL)",Худи/Mastermind,2000.0,0.0,True,,https://miniature-prod.moysklad.ru/miniature/87fab22b-93c2-11f0-0a80-04c3000069c0/documentminiature/a355e995-e047-4a07-9445-83e8dc17ef28
41f19889-1ecd-11f1-0a80-17cd000d0738,02277,"Худи Mastermind Triple Head (Черный, L)",Худи/Mastermind,2000.0,1.0,True,,https://miniature-prod.moysklad.ru/miniature/87fab22b-93c2-11f0-0a80-04c3000069c0/documentminiature/a355e995-e047-4a07-9445-83e8dc17ef28
41f51d70-1ecd-11f1-0a80-17cd000d0741,02278,"Худи Mastermind Triple Head (Черный, M)",Худи/Mastermind,2000.0,0.0,True,,https://miniature-prod.moysklad.ru/miniature/87fab22b-93c2-11f0-0a80-04c3000069c0/documentminiature/a355e995-e047-4a07-9445-83e8dc17ef28
41f83d79-1ecd-11f1-0a80-17cd000d074a,02279,"Худи Mastermind Triple Head (Черный, S)",Худи/Mastermind,2000.0,0.0,True,,https://miniature-prod.moysklad.ru/miniature/87fab22b-93c2-11f0-0a80-04c3000069c0/documentminiature/a355e995-e047-4a07-9445-83e8dc17ef28
41fb91b1-1ecd-11f1-0a80-17cd000d0753,02280,"Худи Mastermind Triple Head (Черный, XL)",Худи/Mastermind,2000.0,0.0,True,,https://miniature-prod.moysklad.ru/miniature/87fab22b-93c2-11f0-0a80-04c3000069c0/documentminiature/a355e995-e047-4a07-9445-83e8dc17ef28
622afc07-a9da-11f0-0a80-07bf0028f811,00198,Худи Off-White,Худи/Off-white,2000.0,0.0,True,,https://miniature-prod.moysklad.ru/miniature/87fab22b-93c2-11f0-0a80-04c3000069c0/documentminiature/effd2c04-935e-4777-ab45-7107b991a71c
7971485b-a9da-11f0-0a80-0d330029b2cf,01810,"Худи Off-White (2XL, Черный)",Худи/Off-white,2000.0,0.0,True,,https://miniature-prod.moysklad.ru/miniature/87fab22b-93c2-11f0-0a80-04c3000069c0/documentminiature/effd2c04-935e-4777-ab45-7107b991a71c
7973ece1-a9da-11f0-0a80-0d330029b2d6,01811,"Худи Off-White (L, Черный)",Худи/Off-white,2000.0,0.0,True,,https://miniature-prod.moysklad.ru/miniature/87fab22b-93c2-11f0-0a80-04c3000069c0/documentminiature/effd2c04-935e-4777-ab45-7107b991a71c
79761d1f-a9da-11f0-0a80-0d330029b2dd,01812,"Худи Off-White (M, Черный)",Худи/Off-white,2000.0,0.0,True,,https://miniature-prod.moysklad.ru/miniature/87fab22b-93c2-11f0-0a80-04c3000069c0/documentminiature/effd2c04-935e-4777-ab45-7107b991a71c
79784147-a9da-11f0-0a80-0d330029b2e4,01813,"Худи Off-White (S, Черный)",Худи/Off-white,2000.0,0.0,True,,https://miniature-prod.moysklad.ru/miniature/87fab22b-93c2-11f0-0a80-04c3000069c0/documentminiature/effd2c04-935e-4777-ab45-7107b991a71c
797a526b-a9da-11f0-0a80-0d330029b2eb,01814,"Худи Off-White (XL, Черный)",Худи/Off-white,2000.0,0.0,True,,https://miniature-prod.moysklad.ru/miniature/87fab22b-93c2-11f0-0a80-04c3000069c0/documentminiature/effd2c04-935e-4777-ab45-7107b991a71c
9c6af7e5-a9da-11f0-0a80-0d330029b5f1,00199,Худи Off-white,Худи/Off-white,2000.0,0.0,True,,https://miniature-prod.moysklad.ru/miniature/87fab22b-93c2-11f0-0a80-04c3000069c0/documentminiature/4600c3cb-0428-40fd-a0c2-6a8007ed8a01
278fdfe9-a9db-11f0-0a80-05980028aa11,00200,Худи Off-white,Худи/Off-white,2000.0,0.0,True,,https://miniature-prod.moysklad.ru/miniature/87fab22b-93c2-11f0-0a80-04c3000069c0/documentminiature/4ddd38d0-af84-48ee-84a9-6d582629a8cf
a72347d3-a9da-11f0-0a80-0fdb0028dd34,01815,"Худи Off-white (2XL, Черный)",Худи/Off-white,2000.0,0.0,True,,https://miniature-prod.moysklad.ru/miniature/87fab22b-93c2-11f0-0a80-04c3000069c0/documentminiature/4600c3cb-0428-40fd-a0c2-6a8007ed8a01
3ae58e60-a9db-11f0-0a80-0fdb0028e828,01820,"Худи Off-white (2XL, Черный)",Худи/Off-white,2000.0,0.0,True,,https://miniature-prod.moysklad.ru/miniature/87fab22b-93c2-11f0-0a80-04c3000069c0/documentminiature/4ddd38d0-af84-48ee-84a9-6d582629a8cf
a7263372-a9da-11f0-0a80-0fdb0028dd3b,01816,"Худи Off-white (L, Черный)",Худи/Off-white,2000.0,0.0,True,,https://miniature-prod.moysklad.ru/miniature/87fab22b-93c2-11f0-0a80-04c3000069c0/documentminiature/4600c3cb-0428-40fd-a0c2-6a8007ed8a01
3ae8842e-a9db-11f0-0a80-0fdb0028e82f,01821,"Худи Off-white (L, Черный)",Худи/Off-white,2000.0,0.0,True,,https://miniature-prod.moysklad.ru/miniature/87fab22b-93c2-11f0-0a80-04c3000069c0/documentminiature/4ddd38d0-af84-48ee-84a9-6d582629a8cf
a7290cfe-a9da-11f0-0a80-0fdb0028dd42,01817,"Худи Off-white (M, Черный)",Худи/Off-white,2000.0,0.0,True,,https://miniature-prod.moysklad.ru/miniature/87fab22b-93c2-11f0-0a80-04c3000069c0/documentminiature/4600c3cb-0428-40fd-a0c2-6a8007ed8a01
3aeb43b9-a9db-11f0-0a80-0fdb0028e838,01822,"Худи Off-white (M, Черный)",Худи/Off-white,2000.0,0.0,True,,https://miniature-prod.moysklad.ru/miniature/87fab22b-93c2-11f0-0a80-04c3000069c0/documentminiature/4ddd38d0-af84-48ee-84a9-6d582629a8cf
a72ba813-a9da-11f0-0a80-0fdb0028dd49,01818,"Худи Off-white (S, Черный)",Худи/Off-white,2000.0,0.0,True,,https://miniature-prod.moysklad.ru/miniature/87fab22b-93c2-11f0-0a80-04c3000069c0/documentminiature/4600c3cb-0428-40fd-a0c2-6a8007ed8a01
3aee3e48-a9db-11f0-0a80-0fdb0028e83f,01823,"Худи Off-white (S, Черный)",Худи/Off-white,2000.0,0.0,True,,https://miniature-prod.moysklad.ru/miniature/87fab22b-93c2-11f0-0a80-04c3000069c0/documentminiature/4ddd38d0-af84-48ee-84a9-6d582629a8cf
a72e4ef0-a9da-11f0-0a80-0fdb0028dd50,01819,"Худи Off-white (XL, Черный)",Худи/Off-white,2000.0,0.0,True,,https://miniature-prod.moysklad.ru/miniature/87fab22b-93c2-11f0-0a80-04c3000069c0/documentminiature/4600c3cb-0428-40fd-a0c2-6a8007ed8a01
3af1446d-a9db-11f0-0a80-0fdb0028e846,01824,"Худи Off-white (XL, Черный)",Худи/Off-white,2000.0,0.0,True,,https://miniature-prod.moysklad.ru/miniature/87fab22b-93c2-11f0-0a80-04c3000069c0/documentminiature/4ddd38d0-af84-48ee-84a9-6d582629a8cf
86c468cc-26ad-11f1-0a80-01b90031c767,00291,Худи Philipp Plein,Худи/Philipp Plein,2000.0,0.0,True,,https://miniature-prod.moysklad.ru/miniature/87fab22b-93c2-11f0-0a80-04c3000069c0/documentminiature/f8e85164-70d4-4aca-bcd8-54b9e020754b
8dd62bfe-26ad-11f1-0a80-07be002fd591,02331,"Худи Philipp Plein (2XL, Черный)",Худи/Philipp Plein,2000.0,0.0,True,,https://miniature-prod.moysklad.ru/miniature/87fab22b-93c2-11f0-0a80-04c3000069c0/documentminiature/f8e85164-70d4-4aca-bcd8-54b9e020754b
8dd9fc4a-26ad-11f1-0a80-07be002fd59a,02332,"Худи Philipp Plein (L, Черный)",Худи/Philipp Plein,2000.0,1.0,True,,https://miniature-prod.moysklad.ru/miniature/87fab22b-93c2-11f0-0a80-04c3000069c0/documentminiature/f8e85164-70d4-4aca-bcd8-54b9e020754b
8ddd79b0-26ad-11f1-0a80-07be002fd5a3,02333,"Худи Philipp Plein (M, Черный)",Худи/Philipp Plein,2000.0,-1.0,True,,https://miniature-prod.moysklad.ru/miniature/87fab22b-93c2-11f0-0a80-04c3000069c0/documentminiature/f8e85164-70d4-4aca-bcd8-54b9e020754b
8de09ba9-26ad-11f1-0a80-07be002fd5ac,02334,"Худи Philipp Plein (S, Черный)",Худи/Philipp Plein,2000.0,0.0,True,,https://miniature-prod.moysklad.ru/miniature/87fab22b-93c2-11f0-0a80-04c3000069c0/documentminiature/f8e85164-70d4-4aca-bcd8-54b9e020754b
8de49172-26ad-11f1-0a80-07be002fd5b5,02335,"Худи Philipp Plein (XL, Черный)",Худи/Philipp Plein,2000.0,0.0,True,,https://miniature-prod.moysklad.ru/miniature/87fab22b-93c2-11f0-0a80-04c3000069c0/documentminiature/f8e85164-70d4-4aca-bcd8-54b9e020754b
0622beac-f7c1-11f0-0a80-10950000f9fa,00253,Худи Supreme,Худи/Supreme,2000.0,0.0,True,,https://miniature-prod.moysklad.ru/miniature/87fab22b-93c2-11f0-0a80-04c3000069c0/documentminiature/990b7d6e-3926-4fdf-a039-88b0bac530b7
a20424af-26ad-11f1-0a80-03650030c3c8,00292,Худи Supreme,Худи/Supreme,2000.0,0.0,True,,https://miniature-prod.moysklad.ru/miniature/87fab22b-93c2-11f0-0a80-04c3000069c0/documentminiature/429cc3a4-aaac-4c55-a465-967e498003a2
ac62e4b0-26ad-11f1-0a80-03650030c55d,02336,"Худи Supreme (2XL, Розовый)",Худи/Supreme,2000.0,0.0,True,,https://miniature-prod.moysklad.ru/miniature/87fab22b-93c2-11f0-0a80-04c3000069c0/documentminiature/429cc3a4-aaac-4c55-a465-967e498003a2
ac67cc5d-26ad-11f1-0a80-03650030c566,02337,"Худи Supreme (L, Розовый)",Худи/Supreme,2000.0,0.0,True,,https://miniature-prod.moysklad.ru/miniature/87fab22b-93c2-11f0-0a80-04c3000069c0/documentminiature/429cc3a4-aaac-4c55-a465-967e498003a2
ac6bcd0c-26ad-11f1-0a80-03650030c56f,02338,"Худи Supreme (M, Розовый)",Худи/Supreme,2000.0,0.0,True,,https://miniature-prod.moysklad.ru/miniature/87fab22b-93c2-11f0-0a80-04c3000069c0/documentminiature/429cc3a4-aaac-4c55-a465-967e498003a2
ac700c65-26ad-11f1-0a80-03650030c578,02339,"Худи Supreme (S, Розовый)",Худи/Supreme,2000.0,1.0,True,,https://miniature-prod.moysklad.ru/miniature/87fab22b-93c2-11f0-0a80-04c3000069c0/documentminiature/429cc3a4-aaac-4c55-a465-967e498003a2
ac73ff83-26ad-11f1-0a80-03650030c581,02340,"Худи Supreme (XL, Розовый)",Худи/Supreme,2000.0,1.0,True,,https://miniature-prod.moysklad.ru/miniature/87fab22b-93c2-11f0-0a80-04c3000069c0/documentminiature/429cc3a4-aaac-4c55-a465-967e498003a2
124082e7-f7c1-11f0-0a80-057400010933,02129,"Худи Supreme (Черный, 2XL)",Худи/Supreme,2000.0,0.0,True,,https://miniature-prod.moysklad.ru/miniature/87fab22b-93c2-11f0-0a80-04c3000069c0/documentminiature/990b7d6e-3926-4fdf-a039-88b0bac530b7
12466835-f7c1-11f0-0a80-05740001093a,02130,"Худи Supreme (Черный, L)",Худи/Supreme,2000.0,0.0,True,,https://miniature-prod.moysklad.ru/miniature/87fab22b-93c2-11f0-0a80-04c3000069c0/documentminiature/990b7d6e-3926-4fdf-a039-88b0bac530b7
1248eb4c-f7c1-11f0-0a80-057400010941,02131,"Худи Supreme (Черный, M)",Худи/Supreme,2000.0,0.0,True,,https://miniature-prod.moysklad.ru/miniature/87fab22b-93c2-11f0-0a80-04c3000069c0/documentminiature/990b7d6e-3926-4fdf-a039-88b0bac530b7
124b2e20-f7c1-11f0-0a80-057400010948,02132,"Худи Supreme (Черный, S)",Худи/Supreme,2000.0,0.0,True,,https://miniature-prod.moysklad.ru/miniature/87fab22b-93c2-11f0-0a80-04c3000069c0/documentminiature/990b7d6e-3926-4fdf-a039-88b0bac530b7
124d7683-f7c1-11f0-0a80-05740001094f,02133,"Худи Supreme (Черный, XL)",Худи/Supreme,2000.0,0.0,True,,https://miniature-prod.moysklad.ru/miniature/87fab22b-93c2-11f0-0a80-04c3000069c0/documentminiature/990b7d6e-3926-4fdf-a039-88b0bac530b7
818c75dd-050e-11f1-0a80-019e00242dfb,00272,Худи Supreme Dead Knight,Худи/Supreme,2000.0,0.0,True,,https://miniature-prod.moysklad.ru/miniature/87fab22b-93c2-11f0-0a80-04c3000069c0/documentminiature/e4080e3f-bba5-4880-93e7-b70d1b814325
887a2b44-050e-11f1-0a80-0fe100257e12,02231,Худи Supreme Dead Knight (2XL),Худи/Supreme,2000.0,0.0,True,,https://miniature-prod.moysklad.ru/miniature/87fab22b-93c2-11f0-0a80-04c3000069c0/documentminiature/e4080e3f-bba5-4880-93e7-b70d1b814325
887dddd1-050e-11f1-0a80-0fe100257e19,02232,Худи Supreme Dead Knight (L),Худи/Supreme,2000.0,0.0,True,,https://miniature-prod.moysklad.ru/miniature/87fab22b-93c2-11f0-0a80-04c3000069c0/documentminiature/e4080e3f-bba5-4880-93e7-b70d1b814325
8880db9a-050e-11f1-0a80-0fe100257e20,02233,Худи Supreme Dead Knight (M),Худи/Supreme,2000.0,0.0,True,,https://miniature-prod.moysklad.ru/miniature/87fab22b-93c2-11f0-0a80-04c3000069c0/documentminiature/e4080e3f-bba5-4880-93e7-b70d1b814325
8883a625-050e-11f1-0a80-0fe100257e27,02234,Худи Supreme Dead Knight (S),Худи/Supreme,2000.0,0.0,True,,https://miniature-prod.moysklad.ru/miniature/87fab22b-93c2-11f0-0a80-04c3000069c0/documentminiature/e4080e3f-bba5-4880-93e7-b70d1b814325
8886cb30-050e-11f1-0a80-0fe100257e2e,02235,Худи Supreme Dead Knight (XL),Худи/Supreme,2000.0,0.0,True,,https://miniature-prod.moysklad.ru/miniature/87fab22b-93c2-11f0-0a80-04c3000069c0/documentminiature/e4080e3f-bba5-4880-93e7-b70d1b814325
a0d05418-050e-11f1-0a80-028500243377,00273,Худи Supreme Icon,Худи/Supreme,2000.0,0.0,True,,https://miniature-prod.moysklad.ru/miniature/87fab22b-93c2-11f0-0a80-04c3000069c0/documentminiature/fbb3a455-3232-4394-b663-a17866f30474
ab8063a6-050e-11f1-0a80-159100246597,02236,"Худи Supreme Icon (2XL, Черный)",Худи/Supreme,2000.0,0.0,True,,https://miniature-prod.moysklad.ru/miniature/87fab22b-93c2-11f0-0a80-04c3000069c0/documentminiature/fbb3a455-3232-4394-b663-a17866f30474
ab848d00-050e-11f1-0a80-15910024659f,02237,"Худи Supreme Icon (L, Черный)",Худи/Supreme,2000.0,0.0,True,,https://miniature-prod.moysklad.ru/miniature/87fab22b-93c2-11f0-0a80-04c3000069c0/documentminiature/fbb3a455-3232-4394-b663-a17866f30474
ab873be2-050e-11f1-0a80-1591002465a7,02238,"Худи Supreme Icon (M, Черный)",Худи/Supreme,2000.0,-2.0,True,,https://miniature-prod.moysklad.ru/miniature/87fab22b-93c2-11f0-0a80-04c3000069c0/documentminiature/fbb3a455-3232-4394-b663-a17866f30474
ab89fb40-050e-11f1-0a80-1591002465af,02239,"Худи Supreme Icon (S, Черный)",Худи/Supreme,2000.0,0.0,True,,https://miniature-prod.moysklad.ru/miniature/87fab22b-93c2-11f0-0a80-04c3000069c0/documentminiature/fbb3a455-3232-4394-b663-a17866f30474
ab8daf0c-050e-11f1-0a80-1591002465b7,02240,"Худи Supreme Icon (XL, Черный)",Худи/Supreme,2000.0,0.0,True,,https://miniature-prod.moysklad.ru/miniature/87fab22b-93c2-11f0-0a80-04c3000069c0/documentminiature/fbb3a455-3232-4394-b663-a17866f30474
a770fe5a-050b-11f1-0a80-08d200259108,00264,Худи Supreme taddy,Худи/Supreme,2000.0,0.0,True,,https://miniature-prod.moysklad.ru/miniature/87fab22b-93c2-11f0-0a80-04c3000069c0/documentminiature/bf9c8264-5dfa-46c7-88c9-0e95fee6ec4d
b5d6d4d7-050b-11f1-0a80-0285002413b0,02186,"Худи Supreme taddy (2XL, Красный)",Худи/Supreme,2000.0,0.0,True,,https://miniature-prod.moysklad.ru/miniature/87fab22b-93c2-11f0-0a80-04c3000069c0/documentminiature/bf9c8264-5dfa-46c7-88c9-0e95fee6ec4d
b5da9991-050b-11f1-0a80-0285002413b8,02187,"Худи Supreme taddy (L, Красный)",Худи/Supreme,2000.0,0.0,True,,https://miniature-prod.moysklad.ru/miniature/87fab22b-93c2-11f0-0a80-04c3000069c0/documentminiature/bf9c8264-5dfa-46c7-88c9-0e95fee6ec4d
b5dec185-050b-11f1-0a80-0285002413c0,02188,"Худи Supreme taddy (M, Красный)",Худи/Supreme,2000.0,-2.0,True,,https://miniature-prod.moysklad.ru/miniature/87fab22b-93c2-11f0-0a80-04c3000069c0/documentminiature/bf9c8264-5dfa-46c7-88c9-0e95fee6ec4d
b5e29efd-050b-11f1-0a80-0285002413c8,02189,"Худи Supreme taddy (S, Красный)",Худи/Supreme,2000.0,0.0,True,,https://miniature-prod.moysklad.ru/miniature/87fab22b-93c2-11f0-0a80-04c3000069c0/documentminiature/bf9c8264-5dfa-46c7-88c9-0e95fee6ec4d
b5e65e15-050b-11f1-0a80-0285002413d0,02190,"Худи Supreme taddy (XL, Красный)",Худи/Supreme,2000.0,-1.0,True,,https://miniature-prod.moysklad.ru/miniature/87fab22b-93c2-11f0-0a80-04c3000069c0/documentminiature/bf9c8264-5dfa-46c7-88c9-0e95fee6ec4d
173db2a0-f7c0-11f0-0a80-10950000f193,00249,Худи Undercover,Худи/Undercover,2000.0,0.0,True,,https://miniature-prod.moysklad.ru/miniature/87fab22b-93c2-11f0-0a80-04c3000069c0/documentminiature/82f85ab0-01ea-4942-875f-2c2ab03f521a
5bbe3507-26ad-11f1-0a80-106c002f3bc4,00290,Худи Undercover,Худи/Undercover,2000.0,0.0,True,,https://miniature-prod.moysklad.ru/miniature/87fab22b-93c2-11f0-0a80-04c3000069c0/documentminiature/ad62d2c6-b5fa-4ae8-92c2-672952cf24ed
64c8b5b7-26ad-11f1-0a80-1905003010b5,02326,"Худи Undercover (2XL, Черный)",Худи/Undercover,2000.0,0.0,True,,https://miniature-prod.moysklad.ru/miniature/87fab22b-93c2-11f0-0a80-04c3000069c0/documentminiature/ad62d2c6-b5fa-4ae8-92c2-672952cf24ed
64cbd300-26ad-11f1-0a80-1905003010be,02327,"Худи Undercover (L, Черный)",Худи/Undercover,2000,-1,True,,https://miniature-prod.moysklad.ru/miniature/87fab22b-93c2-11f0-0a80-04c3000069c0/documentminiature/ad62d2c6-b5fa-4ae8-92c2-672952cf24ed
64cf8e79-26ad-11f1-0a80-1905003010c7,02328,"Худи Undercover (M, Черный)",Худи/Undercover,2000,-1,True,,https://miniature-prod.moysklad.ru/miniature/87fab22b-93c2-11f0-0a80-04c3000069c0/documentminiature/ad62d2c6-b5fa-4ae8-92c2-672952cf24ed
64d35593-26ad-11f1-0a80-1905003010d0,02329,"Худи Undercover (S, Черный)",Худи/Undercover,2000,0,True,,https://miniature-prod.moysklad.ru/miniature/87fab22b-93c2-11f0-0a80-04c3000069c0/documentminiature/ad62d2c6-b5fa-4ae8-92c2-672952cf24ed
64d6a9e1-26ad-11f1-0a80-1905003010d9,02330,"Худи Undercover (XL, Черный)",Худи/Undercover,2000,0,True,,https://miniature-prod.moysklad.ru/miniature/87fab22b-93c2-11f0-0a80-04c3000069c0/documentminiature/ad62d2c6-b5fa-4ae8-92c2-672952cf24ed
26f5a169-f7c0-11f0-0a80-009c0000d31f,02109,"Худи Undercover (Черный, 2XL)",Худи/Undercover,2000,0,True,,https://miniature-prod.moysklad.ru/miniature/87fab22b-93c2-11f0-0a80-04c3000069c0/documentminiature/82f85ab0-01ea-4942-875f-2c2ab03f521a
26f97c40-f7c0-11f0-0a80-009c0000d326,02110,"Худи Undercover (Черный, L)",Худи/Undercover,2000,0,True,,https://miniature-prod.moysklad.ru/miniature/87fab22b-93c2-11f0-0a80-04c3000069c0/documentminiature/82f85ab0-01ea-4942-875f-2c2ab03f521a
26fc8f54-f7c0-11f0-0a80-009c0000d32d,02111,"Худи Undercover (Черный, M)",Худи/Undercover,2000,0,True,,https://miniature-prod.moysklad.ru/miniature/87fab22b-93c2-11f0-0a80-04c3000069c0/documentminiature/82f85ab0-01ea-4942-875f-2c2ab03f521a
26ff8f0f-f7c0-11f0-0a80-009c0000d334,02112,"Худи Undercover (Черный, S)",Худи/Undercover,2000,0,True,,https://miniature-prod.moysklad.ru/miniature/87fab22b-93c2-11f0-0a80-04c3000069c0/documentminiature/82f85ab0-01ea-4942-875f-2c2ab03f521a
27025f65-f7c0-11f0-0a80-009c0000d33b,02113,"Худи Undercover (Черный, XL)",Худи/Undercover,2000,0,True,,https://miniature-prod.moysklad.ru/miniature/87fab22b-93c2-11f0-0a80-04c3000069c0/documentminiature/82f85ab0-01ea-4942-875f-2c2ab03f521a
ccc9b10f-050b-11f1-0a80-04fe00245fa0,00265,Худи Undercover Horror,Худи/Undercover,2000,0,True,,https://miniature-prod.moysklad.ru/miniature/87fab22b-93c2-11f0-0a80-04c3000069c0/documentminiature/eb012175-7b3f-4b45-bfac-ad92c18a7757
1b9ae166-1a42-11f1-0a80-0382001d6bfb,00278,Худи Undercover Horror,Худи/Undercover,2000,0,True,,https://miniature-prod.moysklad.ru/miniature/87fab22b-93c2-11f0-0a80-04c3000069c0/documentminiature/5696af93-55a8-44d5-9a71-208d39a6b8d8
9974822b-1a42-11f1-0a80-19e9001d9deb,00279,Худи Undercover Horror,Худи/Undercover,2000,0,True,,https://miniature-prod.moysklad.ru/miniature/87fab22b-93c2-11f0-0a80-04c3000069c0/documentminiature/8812b594-4606-4bc5-a729-d33ff7567a17
d54c91d7-050b-11f1-0a80-159100244c06,02191,"Худи Undercover Horror (2XL, Красный)",Худи/Undercover,2000,0,True,,https://miniature-prod.moysklad.ru/miniature/87fab22b-93c2-11f0-0a80-04c3000069c0/documentminiature/eb012175-7b3f-4b45-bfac-ad92c18a7757
d5510c79-050b-11f1-0a80-159100244c0e,02192,"Худи Undercover Horror (L, Красный)",Худи/Undercover,2000,0,True,,https://miniature-prod.moysklad.ru/miniature/87fab22b-93c2-11f0-0a80-04c3000069c0/documentminiature/eb012175-7b3f-4b45-bfac-ad92c18a7757
d5556ce7-050b-11f1-0a80-159100244c16,02193,"Худи Undercover Horror (M, Красный)",Худи/Undercover,2000,0,True,,https://miniature-prod.moysklad.ru/miniature/87fab22b-93c2-11f0-0a80-04c3000069c0/documentminiature/eb012175-7b3f-4b45-bfac-ad92c18a7757
d5597545-050b-11f1-0a80-159100244c1e,02194,"Худи Undercover Horror (S, Красный)",Худи/Undercover,2000,0,True,,https://miniature-prod.moysklad.ru/miniature/87fab22b-93c2-11f0-0a80-04c3000069c0/documentminiature/eb012175-7b3f-4b45-bfac-ad92c18a7757
d55d1b2e-050b-11f1-0a80-159100244c26,02195,"Худи Undercover Horror (XL, Красный)",Худи/Undercover,2000,1,True,,https://miniature-prod.moysklad.ru/miniature/87fab22b-93c2-11f0-0a80-04c3000069c0/documentminiature/eb012175-7b3f-4b45-bfac-ad92c18a7757
a32169a1-1a42-11f1-0a80-19e9001d9f88,02271,"Худи Undercover Horror (Белый, 2XL)",Худи/Undercover,2000,0,True,,https://miniature-prod.moysklad.ru/miniature/87fab22b-93c2-11f0-0a80-04c3000069c0/documentminiature/8812b594-4606-4bc5-a729-d33ff7567a17
a3259de9-1a42-11f1-0a80-19e9001d9f91,02272,"Худи Undercover Horror (Белый, L)",Худи/Undercover,2000,0,True,,https://miniature-prod.moysklad.ru/miniature/87fab22b-93c2-11f0-0a80-04c3000069c0/documentminiature/8812b594-4606-4bc5-a729-d33ff7567a17
a32927ed-1a42-11f1-0a80-19e9001d9f9a,02273,"Худи Undercover Horror (Белый, M)",Худи/Undercover,2000,0,True,,https://miniature-prod.moysklad.ru/miniature/87fab22b-93c2-11f0-0a80-04c3000069c0/documentminiature/8812b594-4606-4bc5-a729-d33ff7567a17
a32cccd1-1a42-11f1-0a80-19e9001d9fa3,02274,"Худи Undercover Horror (Белый, S)",Худи/Undercover,2000,0,True,,https://miniature-prod.moysklad.ru/miniature/87fab22b-93c2-11f0-0a80-04c3000069c0/documentminiature/8812b594-4606-4bc5-a729-d33ff7567a17
a330f543-1a42-11f1-0a80-19e9001d9fac,02275,"Худи Undercover Horror (Белый, XL)",Худи/Undercover,2000,0,True,,https://miniature-prod.moysklad.ru/miniature/87fab22b-93c2-11f0-0a80-04c3000069c0/documentminiature/8812b594-4606-4bc5-a729-d33ff7567a17
45da781c-1a42-11f1-0a80-1405001ecc99,02266,"Худи Undercover Horror (Черный, 2XL)",Худи/Undercover,2000,0,True,,https://miniature-prod.moysklad.ru/miniature/87fab22b-93c2-11f0-0a80-04c3000069c0/documentminiature/5696af93-55a8-44d5-9a71-208d39a6b8d8
45de21bd-1a42-11f1-0a80-1405001ecca2,02267,"Худи Undercover Horror (Черный, L)",Худи/Undercover,2000,0,True,,https://miniature-prod.moysklad.ru/miniature/87fab22b-93c2-11f0-0a80-04c3000069c0/documentminiature/5696af93-55a8-44d5-9a71-208d39a6b8d8
45e0bb36-1a42-11f1-0a80-1405001eccab,02268,"Худи Undercover Horror (Черный, M)",Худи/Undercover,2000,0,True,,https://miniature-prod.moysklad.ru/miniature/87fab22b-93c2-11f0-0a80-04c3000069c0/documentminiature/5696af93-55a8-44d5-9a71-208d39a6b8d8
45e35a7e-1a42-11f1-0a80-1405001eccb4,02269,"Худи Undercover Horror (Черный, S)",Худи/Undercover,2000,0,True,,https://miniature-prod.moysklad.ru/miniature/87fab22b-93c2-11f0-0a80-04c3000069c0/documentminiature/5696af93-55a8-44d5-9a71-208d39a6b8d8
45e6113c-1a42-11f1-0a80-1405001eccbd,02270,"Худи Undercover Horror (Черный, XL)",Худи/Undercover,2000,0,True,,https://miniature-prod.moysklad.ru/miniature/87fab22b-93c2-11f0-0a80-04c3000069c0/documentminiature/5696af93-55a8-44d5-9a71-208d39a6b8d8
d2108a8f-c601-11f0-0a80-09d8000d61fe,00231,Худи Undercover Jan Tkahashi,Худи/Undercover,2000,0,True,,https://miniature-prod.moysklad.ru/miniature/87fab22b-93c2-11f0-0a80-04c3000069c0/documentminiature/0167f61a-3e5c-4818-a577-5fe634bc7c20
dcb2faab-c601-11f0-0a80-087b000ce761,01998,"Худи Undercover Jan Tkahashi (2XL, Черный)",Худи/Undercover,2000,0,True,,https://miniature-prod.moysklad.ru/miniature/87fab22b-93c2-11f0-0a80-04c3000069c0/documentminiature/0167f61a-3e5c-4818-a577-5fe634bc7c20
dcb6a6da-c601-11f0-0a80-087b000ce771,01999,"Худи Undercover Jan Tkahashi (L, Черный)",Худи/Undercover,2000,0,True,,https://miniature-prod.moysklad.ru/miniature/87fab22b-93c2-11f0-0a80-04c3000069c0/documentminiature/0167f61a-3e5c-4818-a577-5fe634bc7c20
dcb9fd68-c601-11f0-0a80-087b000ce780,02000,"Худи Undercover Jan Tkahashi (M, Черный)",Худи/Undercover,2000,0,True,,https://miniature-prod.moysklad.ru/miniature/87fab22b-93c2-11f0-0a80-04c3000069c0/documentminiature/0167f61a-3e5c-4818-a577-5fe634bc7c20
dcbd5a95-c601-11f0-0a80-087b000ce78f,02001,"Худи Undercover Jan Tkahashi (S, Черный)",Худи/Undercover,2000,0,True,,https://miniature-prod.moysklad.ru/miniature/87fab22b-93c2-11f0-0a80-04c3000069c0/documentminiature/0167f61a-3e5c-4818-a577-5fe634bc7c20
dcc0db47-c601-11f0-0a80-087b000ce7a2,02002,"Худи Undercover Jan Tkahashi (XL, Черный)",Худи/Undercover,2000,0,True,,https://miniature-prod.moysklad.ru/miniature/87fab22b-93c2-11f0-0a80-04c3000069c0/documentminiature/0167f61a-3e5c-4818-a577-5fe634bc7c20
556b9883-050e-11f1-0a80-15910024633c,00271,Худи Vetements nun,Худи/Vetements,2000,0,True,,https://miniature-prod.moysklad.ru/miniature/87fab22b-93c2-11f0-0a80-04c3000069c0/documentminiature/6cb4a1d3-9c8c-45f2-bedf-836de24c2e12
611320ab-050e-11f1-0a80-00d500256101,02226,"Худи Vetements nun (2XL, Черный)",Худи/Vetements,2000,0,True,,https://miniature-prod.moysklad.ru/miniature/87fab22b-93c2-11f0-0a80-04c3000069c0/documentminiature/6cb4a1d3-9c8c-45f2-bedf-836de24c2e12
61181a11-050e-11f1-0a80-00d500256109,02227,"Худи Vetements nun (L, Черный)",Худи/Vetements,2000,0,True,,https://miniature-prod.moysklad.ru/miniature/87fab22b-93c2-11f0-0a80-04c3000069c0/documentminiature/6cb4a1d3-9c8c-45f2-bedf-836de24c2e12
611b3ae2-050e-11f1-0a80-00d500256111,02228,"Худи Vetements nun (M, Черный)",Худи/Vetements,2000,0,True,,https://miniature-prod.moysklad.ru/miniature/87fab22b-93c2-11f0-0a80-04c3000069c0/documentminiature/6cb4a1d3-9c8c-45f2-bedf-836de24c2e12
611e4e63-050e-11f1-0a80-00d500256119,02229,"Худи Vetements nun (S, Черный)",Худи/Vetements,2000,0,True,,https://miniature-prod.moysklad.ru/miniature/87fab22b-93c2-11f0-0a80-04c3000069c0/documentminiature/6cb4a1d3-9c8c-45f2-bedf-836de24c2e12
61214fd1-050e-11f1-0a80-00d500256121,02230,"Худи Vetements nun (XL, Черный)",Худи/Vetements,2000,0,True,,https://miniature-prod.moysklad.ru/miniature/87fab22b-93c2-11f0-0a80-04c3000069c0/documentminiature/6cb4a1d3-9c8c-45f2-bedf-836de24c2e12
d4292392-dc37-11f0-0a80-0b0a0000b027,00247,Худи Y-3 Jesus,Худи/Yohji Yamamoto Y-3,2000,0,True,,https://miniature-prod.moysklad.ru/miniature/87fab22b-93c2-11f0-0a80-04c3000069c0/documentminiature/2136689e-299f-4f6e-a350-bdb9b8261924
deb94422-dc37-11f0-0a80-167000009a6f,02099,"Худи Y-3 Jesus (2XL, Черный)",Худи/Yohji Yamamoto Y-3,2000,0,True,,https://miniature-prod.moysklad.ru/miniature/87fab22b-93c2-11f0-0a80-04c3000069c0/documentminiature/2136689e-299f-4f6e-a350-bdb9b8261924
debc2883-dc37-11f0-0a80-167000009a76,02100,"Худи Y-3 Jesus (L, Черный)",Худи/Yohji Yamamoto Y-3,2000,0,True,,https://miniature-prod.moysklad.ru/miniature/87fab22b-93c2-11f0-0a80-04c3000069c0/documentminiature/2136689e-299f-4f6e-a350-bdb9b8261924
debeab58-dc37-11f0-0a80-167000009a7d,02101,"Худи Y-3 Jesus (M, Черный)",Худи/Yohji Yamamoto Y-3,2000,0,True,,https://miniature-prod.moysklad.ru/miniature/87fab22b-93c2-11f0-0a80-04c3000069c0/documentminiature/2136689e-299f-4f6e-a350-bdb9b8261924
dec11efb-dc37-11f0-0a80-167000009a84,02102,"Худи Y-3 Jesus (S, Черный)",Худи/Yohji Yamamoto Y-3,2000,0,True,,https://miniature-prod.moysklad.ru/miniature/87fab22b-93c2-11f0-0a80-04c3000069c0/documentminiature/2136689e-299f-4f6e-a350-bdb9b8261924
dec380b7-dc37-11f0-0a80-167000009a8b,02103,"Худи Y-3 Jesus (XL, Черный)",Худи/Yohji Yamamoto Y-3,2000,0,True,,https://miniature-prod.moysklad.ru/miniature/87fab22b-93c2-11f0-0a80-04c3000069c0/documentminiature/2136689e-299f-4f6e-a350-bdb9b8261924
7818de91-050c-11f1-0a80-159100245184,00268,Худи Y-3 disease,Худи/Yohji Yamamoto Y-3,2000,0,True,,https://miniature-prod.moysklad.ru/miniature/87fab22b-93c2-11f0-0a80-04c3000069c0/documentminiature/7758d5fc-64a2-4aec-802f-f27a14848fee
82d0ba6c-050c-11f1-0a80-028500241b4e,02206,Худи Y-3 disease (2XL),Худи/Yohji Yamamoto Y-3,2000,0,True,,https://miniature-prod.moysklad.ru/miniature/87fab22b-93c2-11f0-0a80-04c3000069c0/documentminiature/7758d5fc-64a2-4aec-802f-f27a14848fee
82d469f8-050c-11f1-0a80-028500241b55,02207,Худи Y-3 disease (L),Худи/Yohji Yamamoto Y-3,2000,1,True,,https://miniature-prod.moysklad.ru/miniature/87fab22b-93c2-11f0-0a80-04c3000069c0/documentminiature/7758d5fc-64a2-4aec-802f-f27a14848fee
82d808e3-050c-11f1-0a80-028500241b5c,02208,Худи Y-3 disease (M),Худи/Yohji Yamamoto Y-3,2000,-1,True,,https://miniature-prod.moysklad.ru/miniature/87fab22b-93c2-11f0-0a80-04c3000069c0/documentminiature/7758d5fc-64a2-4aec-802f-f27a14848fee
82db5c05-050c-11f1-0a80-028500241b63,02209,Худи Y-3 disease (S),Худи/Yohji Yamamoto Y-3,2000,-1,True,,https://miniature-prod.moysklad.ru/miniature/87fab22b-93c2-11f0-0a80-04c3000069c0/documentminiature/7758d5fc-64a2-4aec-802f-f27a14848fee
82debcf8-050c-11f1-0a80-028500241b6a,02210,Худи Y-3 disease (XL),Худи/Yohji Yamamoto Y-3,2000,-1,True,,https://miniature-prod.moysklad.ru/miniature/87fab22b-93c2-11f0-0a80-04c3000069c0/documentminiature/7758d5fc-64a2-4aec-802f-f27a14848fee
dec7bcef-050e-11f1-0a80-0fe100258282,00274,Худи Y-3 retro logo2,Худи/Yohji Yamamoto Y-3,2000,0,True,,https://miniature-prod.moysklad.ru/miniature/87fab22b-93c2-11f0-0a80-04c3000069c0/documentminiature/7d7a8a6f-beda-4c79-ab59-5d9cdf469436
e87ea11b-050e-11f1-0a80-00d5002567f8,02241,"Худи Y-3 retro logo2 (2XL, Белый)",Худи/Yohji Yamamoto Y-3,2000,0,True,,https://miniature-prod.moysklad.ru/miniature/87fab22b-93c2-11f0-0a80-04c3000069c0/documentminiature/7d7a8a6f-beda-4c79-ab59-5d9cdf469436
e8815bf8-050e-11f1-0a80-00d500256800,02242,"Худи Y-3 retro logo2 (L, Белый)",Худи/Yohji Yamamoto Y-3,2000,0,True,,https://miniature-prod.moysklad.ru/miniature/87fab22b-93c2-11f0-0a80-04c3000069c0/documentminiature/7d7a8a6f-beda-4c79-ab59-5d9cdf469436
e883bb10-050e-11f1-0a80-00d500256808,02243,"Худи Y-3 retro logo2 (M, Белый)",Худи/Yohji Yamamoto Y-3,2000,0,True,,https://miniature-prod.moysklad.ru/miniature/87fab22b-93c2-11f0-0a80-04c3000069c0/documentminiature/7d7a8a6f-beda-4c79-ab59-5d9cdf469436
e886b527-050e-11f1-0a80-00d500256810,02244,"Худи Y-3 retro logo2 (S, Белый)",Худи/Yohji Yamamoto Y-3,2000,0,True,,https://miniature-prod.moysklad.ru/miniature/87fab22b-93c2-11f0-0a80-04c3000069c0/documentminiature/7d7a8a6f-beda-4c79-ab59-5d9cdf469436
e8891ea8-050e-11f1-0a80-00d500256818,02245,"Худи Y-3 retro logo2 (XL, Белый)",Худи/Yohji Yamamoto Y-3,2000,0,True,,https://miniature-prod.moysklad.ru/miniature/87fab22b-93c2-11f0-0a80-04c3000069c0/documentminiature/7d7a8a6f-beda-4c79-ab59-5d9cdf469436
116215e0-dc38-11f0-0a80-104700009cf7,00248,Худи Y-3 орел,Худи/Yohji Yamamoto Y-3,2000,0,True,,https://miniature-prod.moysklad.ru/miniature/87fab22b-93c2-11f0-0a80-04c3000069c0/documentminiature/38d8f8d6-1aef-4308-918f-61122e327b95
1abcefe7-dc38-11f0-0a80-0c070000aba6,02104,"Худи Y-3 орел (Черный, 2XL)",Худи/Yohji Yamamoto Y-3,2000,0,True,,https://miniature-prod.moysklad.ru/miniature/87fab22b-93c2-11f0-0a80-04c3000069c0/documentminiature/38d8f8d6-1aef-4308-918f-61122e327b95
1abfb404-dc38-11f0-0a80-0c070000abad,02105,"Худи Y-3 орел (Черный, L)",Худи/Yohji Yamamoto Y-3,2000,0,True,,https://miniature-prod.moysklad.ru/miniature/87fab22b-93c2-11f0-0a80-04c3000069c0/documentminiature/38d8f8d6-1aef-4308-918f-61122e327b95
1ac1fb47-dc38-11f0-0a80-0c070000abb4,02106,"Худи Y-3 орел (Черный, M)",Худи/Yohji Yamamoto Y-3,2000,-1,True,,https://miniature-prod.moysklad.ru/miniature/87fab22b-93c2-11f0-0a80-04c3000069c0/documentminiature/38d8f8d6-1aef-4308-918f-61122e327b95
1ac42df8-dc38-11f0-0a80-0c070000abbb,02107,"Худи Y-3 орел (Черный, S)",Худи/Yohji Yamamoto Y-3,2000,-1,True,,https://miniature-prod.moysklad.ru/miniature/87fab22b-93c2-11f0-0a80-04c3000069c0/documentminiature/38d8f8d6-1aef-4308-918f-61122e327b95
1ac70419-dc38-11f0-0a80-0c070000abc4,02108,"Худи Y-3 орел (Черный, XL)",Худи/Yohji Yamamoto Y-3,2000,0,True,,https://miniature-prod.moysklad.ru/miniature/87fab22b-93c2-11f0-0a80-04c3000069c0/documentminiature/38d8f8d6-1aef-4308-918f-61122e327b95
a1d0c9ce-c602-11f0-0a80-15e9000c8e7b,00232,Худи Yohji Yamamoto Y-3,Худи/Yohji Yamamoto Y-3,2000,0,True,,https://miniature-prod.moysklad.ru/miniature/87fab22b-93c2-11f0-0a80-04c3000069c0/documentminiature/6d6d40ef-efbe-46e5-8d6a-fae29064335c
aaef163b-c602-11f0-0a80-05ed000e48b5,02003,"Худи Yohji Yamamoto Y-3 (2XL, Черный)",Худи/Yohji Yamamoto Y-3,2000,0,True,,https://miniature-prod.moysklad.ru/miniature/87fab22b-93c2-11f0-0a80-04c3000069c0/documentminiature/6d6d40ef-efbe-46e5-8d6a-fae29064335c
aaf24894-c602-11f0-0a80-05ed000e48bc,02004,"Худи Yohji Yamamoto Y-3 (L, Черный)",Худи/Yohji Yamamoto Y-3,2000,0,True,,https://miniature-prod.moysklad.ru/miniature/87fab22b-93c2-11f0-0a80-04c3000069c0/documentminiature/6d6d40ef-efbe-46e5-8d6a-fae29064335c
aaf559bb-c602-11f0-0a80-05ed000e48c3,02005,"Худи Yohji Yamamoto Y-3 (M, Черный)",Худи/Yohji Yamamoto Y-3,2000,-1,True,,https://miniature-prod.moysklad.ru/miniature/87fab22b-93c2-11f0-0a80-04c3000069c0/documentminiature/6d6d40ef-efbe-46e5-8d6a-fae29064335c
aaf7f09e-c602-11f0-0a80-05ed000e48cd,02006,"Худи Yohji Yamamoto Y-3 (S, Черный)",Худи/Yohji Yamamoto Y-3,2000,0,True,,https://miniature-prod.moysklad.ru/miniature/87fab22b-93c2-11f0-0a80-04c3000069c0/documentminiature/6d6d40ef-efbe-46e5-8d6a-fae29064335c
aafa4c96-c602-11f0-0a80-05ed000e48d4,02007,"Худи Yohji Yamamoto Y-3 (XL, Черный)",Худи/Yohji Yamamoto Y-3,2000,0,True,,https://miniature-prod.moysklad.ru/miniature/87fab22b-93c2-11f0-0a80-04c3000069c0/documentminiature/6d6d40ef-efbe-46e5-8d6a-fae29064335c
